year,from_country_id,to_country_id,fixed_effects
1957,AUT,NLD,
1958,AUT,NLD,
1959,AUT,NLD,
1960,AUT,NLD,
1961,AUT,NLD,
1962,AUT,NLD,
1963,AUT,NLD,
1964,AUT,NLD,
1965,AUT,NLD,
1966,AUT,NLD,
1967,AUT,NLD,
1968,AUT,NLD,
1971,AUT,NLD,
1972,AUT,NLD,
1976,AUT,NLD,
1977,AUT,NLD,
1978,AUT,NLD,
1979,AUT,NLD,
1980,AUT,NLD,
1981,AUT,NLD,
1982,AUT,NLD,
1983,AUT,NLD,
1984,AUT,NLD,
1986,AUT,NLD,
1987,AUT,NLD,
1988,AUT,NLD,
1989,AUT,NLD,
1990,AUT,NLD,
1992,AUT,NLD,
1993,AUT,NLD,
1994,AUT,NLD,
1996,AUT,NLD,-.0200377811100184
1997,AUT,NLD,-.037662966907539
1999,AUT,NLD,-.0155400793449521
2000,AUT,NLD,-.0535348022776716
2003,AUT,NLD,-.0303971988941222
2004,AUT,NLD,-.0347061727391723
2013,AUT,NLD,-.059319897232194
2014,AUT,NLD,-.0408449556356921
2016,AUT,NLD,-.0534877222830138
2017,AUT,NLD,-.0661099963150974
2018,AUT,NLD,-.053501634808142
2019,AUT,NLD,-.0530337634826169
2021,AUT,NLD,-.0560196835590241
2022,AUT,NLD,-.0648707607888808
2025,AUT,NLD,
1957,AUT,FRA,
1958,AUT,FRA,
1959,AUT,FRA,
1960,AUT,FRA,
1961,AUT,FRA,
1962,AUT,FRA,
1963,AUT,FRA,
1964,AUT,FRA,
1965,AUT,FRA,
1966,AUT,FRA,
1967,AUT,FRA,
1968,AUT,FRA,
1971,AUT,FRA,
1972,AUT,FRA,
1976,AUT,FRA,
1977,AUT,FRA,
1978,AUT,FRA,
1979,AUT,FRA,
1980,AUT,FRA,
1981,AUT,FRA,
1983,AUT,FRA,
1984,AUT,FRA,
1985,AUT,FRA,
1986,AUT,FRA,
1987,AUT,FRA,
1988,AUT,FRA,
1989,AUT,FRA,
1990,AUT,FRA,
1991,AUT,FRA,
1992,AUT,FRA,
1993,AUT,FRA,
1994,AUT,FRA,
1995,AUT,FRA,-.1109721145071577
1996,AUT,FRA,-.1018486632000362
1997,AUT,FRA,-.1194738489975575
1999,AUT,FRA,-.0973509614349707
2000,AUT,FRA,-.1353456843676895
2002,AUT,FRA,-.1155785422559061
2003,AUT,FRA,-.1122080809841407
2004,AUT,FRA,-.1165170548291911
2005,AUT,FRA,-.1223602806858065
2007,AUT,FRA,-.1133550658172938
2011,AUT,FRA,-.1180483579665308
2012,AUT,FRA,-.1462211695951249
2013,AUT,FRA,-.1411307793222125
2014,AUT,FRA,-.12265583772571
2015,AUT,FRA,-.1277467222750135
2016,AUT,FRA,-.1352986043730326
2017,AUT,FRA,-.1479208784051157
2018,AUT,FRA,-.1353125168981608
2019,AUT,FRA,-.1348446455726354
2021,AUT,FRA,-.1378305656490428
2022,AUT,FRA,-.1466816428788992
2023,AUT,FRA,-.1275214233388253
2024,AUT,FRA,-.1139532641702963
2025,AUT,FRA,
2026,AUT,FRA,
1957,AUT,DNK,
1958,AUT,DNK,
1959,AUT,DNK,
1960,AUT,DNK,
1961,AUT,DNK,
1962,AUT,DNK,
1963,AUT,DNK,
1964,AUT,DNK,
1965,AUT,DNK,
1966,AUT,DNK,
1978,AUT,DNK,
1979,AUT,DNK,
1980,AUT,DNK,
1981,AUT,DNK,
1982,AUT,DNK,
1983,AUT,DNK,
1984,AUT,DNK,
1985,AUT,DNK,
1986,AUT,DNK,
1987,AUT,DNK,
1988,AUT,DNK,
1989,AUT,DNK,
1990,AUT,DNK,
1991,AUT,DNK,
1992,AUT,DNK,
1993,AUT,DNK,
1995,AUT,DNK,
1997,AUT,DNK,
1999,AUT,DNK,
2000,AUT,DNK,
2002,AUT,DNK,
2005,AUT,DNK,
2011,AUT,DNK,.0211870366836027
2012,AUT,DNK,-.006985774944992
2013,AUT,DNK,-.0018953846720791
2014,AUT,DNK,.0165795569244239
2017,AUT,DNK,-.0086854837549823
2018,AUT,DNK,.0039228777519726
2019,AUT,DNK,.0043907490774981
2025,AUT,DNK,
2026,AUT,DNK,
1957,AUT,LUX,
1958,AUT,LUX,
1960,AUT,LUX,
1961,AUT,LUX,
1962,AUT,LUX,
1963,AUT,LUX,
1964,AUT,LUX,
1965,AUT,LUX,
1966,AUT,LUX,
1967,AUT,LUX,
1968,AUT,LUX,
1971,AUT,LUX,
1972,AUT,LUX,
1976,AUT,LUX,
1977,AUT,LUX,
1978,AUT,LUX,
1979,AUT,LUX,
1980,AUT,LUX,
1981,AUT,LUX,
1982,AUT,LUX,
1983,AUT,LUX,
1984,AUT,LUX,
1985,AUT,LUX,
1986,AUT,LUX,
1987,AUT,LUX,
1988,AUT,LUX,
1989,AUT,LUX,
1990,AUT,LUX,
1991,AUT,LUX,
1992,AUT,LUX,
1993,AUT,LUX,
2024,AUT,LUX,-.0605175361523367
2025,AUT,LUX,
1957,AUT,DEU,
1958,AUT,DEU,
1959,AUT,DEU,
1960,AUT,DEU,
1961,AUT,DEU,
1962,AUT,DEU,
1963,AUT,DEU,
1964,AUT,DEU,
1965,AUT,DEU,
1966,AUT,DEU,
1967,AUT,DEU,
1968,AUT,DEU,
1971,AUT,DEU,
1972,AUT,DEU,
1976,AUT,DEU,
1977,AUT,DEU,
1978,AUT,DEU,
1979,AUT,DEU,
1980,AUT,DEU,
1981,AUT,DEU,
1982,AUT,DEU,
1983,AUT,DEU,
1984,AUT,DEU,
1985,AUT,DEU,
1986,AUT,DEU,
1987,AUT,DEU,
1988,AUT,DEU,
1989,AUT,DEU,
1990,AUT,DEU,
1991,AUT,DEU,
1992,AUT,DEU,
1993,AUT,DEU,
1994,AUT,DEU,
1995,AUT,DEU,-.1798072481899783
1997,AUT,DEU,-.188308982680379
1999,AUT,DEU,-.1661860951177911
2000,AUT,DEU,-.2041808180505107
2002,AUT,DEU,-.1844136759387269
2003,AUT,DEU,-.1810432146669619
2004,AUT,DEU,-.1853521885120126
2005,AUT,DEU,-.1911954143686276
2007,AUT,DEU,-.1821901995001147
2011,AUT,DEU,-.1868834916493516
2012,AUT,DEU,-.2150563032779467
2013,AUT,DEU,-.2099659130050335
2014,AUT,DEU,-.1914909714085307
2015,AUT,DEU,-.1965818559578348
2016,AUT,DEU,-.2041337380558539
2017,AUT,DEU,-.2167560120879368
2018,AUT,DEU,-.2041476505809816
2019,AUT,DEU,-.2036797792554563
2021,AUT,DEU,-.2066656993318635
2022,AUT,DEU,-.2155167765617202
2023,AUT,DEU,-.1963565570216461
2024,AUT,DEU,-.1827883978531174
2025,AUT,DEU,
2026,AUT,DEU,
1957,AUT,ITA,
1958,AUT,ITA,
1959,AUT,ITA,
1960,AUT,ITA,
1961,AUT,ITA,
1962,AUT,ITA,
1963,AUT,ITA,
1964,AUT,ITA,
1965,AUT,ITA,
1966,AUT,ITA,
1967,AUT,ITA,
1968,AUT,ITA,
1971,AUT,ITA,
1972,AUT,ITA,
1976,AUT,ITA,
1977,AUT,ITA,
1978,AUT,ITA,
1979,AUT,ITA,
1980,AUT,ITA,
1983,AUT,ITA,
1984,AUT,ITA,
1985,AUT,ITA,
1987,AUT,ITA,
1988,AUT,ITA,
1989,AUT,ITA,
1990,AUT,ITA,
1991,AUT,ITA,
1992,AUT,ITA,
1993,AUT,ITA,
1997,AUT,ITA,.0522584126202568
2011,AUT,ITA,.0536839036512847
2012,AUT,ITA,.0255110920226893
2013,AUT,ITA,.0306014822956018
2014,AUT,ITA,.049076423892105
2015,AUT,ITA,.0439855393428014
2016,AUT,ITA,.0364336572447825
2017,AUT,ITA,.0238113832126989
2018,AUT,ITA,.0364197447196539
2019,AUT,ITA,.0368876160451796
2021,AUT,ITA,.0339016959687715
2022,AUT,ITA,.0250506187389156
2023,AUT,ITA,.0442108382789892
2024,AUT,ITA,.0577789974475182
2025,AUT,ITA,
2026,AUT,ITA,
1957,AUT,GBR,
1959,AUT,GBR,
1960,AUT,GBR,
1961,AUT,GBR,
1962,AUT,GBR,
1963,AUT,GBR,
1964,AUT,GBR,
1965,AUT,GBR,
1966,AUT,GBR,
1967,AUT,GBR,
1968,AUT,GBR,
1971,AUT,GBR,
1972,AUT,GBR,
1976,AUT,GBR,
1977,AUT,GBR,
1978,AUT,GBR,
1979,AUT,GBR,
1980,AUT,GBR,
1981,AUT,GBR,
1982,AUT,GBR,
1983,AUT,GBR,
1984,AUT,GBR,
1985,AUT,GBR,
1986,AUT,GBR,
1987,AUT,GBR,
1988,AUT,GBR,
1989,AUT,GBR,
1990,AUT,GBR,
1991,AUT,GBR,
1992,AUT,GBR,
1993,AUT,GBR,
1994,AUT,GBR,
1995,AUT,GBR,-.1360746840668305
1996,AUT,GBR,-.1269512327597099
1997,AUT,GBR,-.1445764185572317
1999,AUT,GBR,-.1224535309946438
2000,AUT,GBR,-.160448253927363
2002,AUT,GBR,-.1406811118155795
2003,AUT,GBR,-.1373106505438139
2004,AUT,GBR,-.1416196243888642
2005,AUT,GBR,-.1474628502454792
2007,AUT,GBR,-.1384576353769674
2011,AUT,GBR,-.1431509275262041
2012,AUT,GBR,-.1713237391547987
2013,AUT,GBR,-.1662333488818856
2014,AUT,GBR,-.1477584072853828
2015,AUT,GBR,-.1528492918346871
2016,AUT,GBR,-.1604011739327057
2017,AUT,GBR,-.1730234479647895
2018,AUT,GBR,-.1604150864578337
2019,AUT,GBR,-.159947215132309
2021,AUT,GBR,-.1629331352087159
2022,AUT,GBR,-.1717842124385724
2023,AUT,GBR,-.1526239928984985
2024,AUT,GBR,-.1390558337299697
2025,AUT,GBR,
2026,AUT,GBR,
1957,AUT,BEL,
1958,AUT,BEL,
1959,AUT,BEL,
1960,AUT,BEL,
1961,AUT,BEL,
1962,AUT,BEL,
1963,AUT,BEL,
1964,AUT,BEL,
1965,AUT,BEL,
1966,AUT,BEL,
1967,AUT,BEL,
1968,AUT,BEL,
1971,AUT,BEL,
1972,AUT,BEL,
1976,AUT,BEL,
1977,AUT,BEL,
1978,AUT,BEL,
1979,AUT,BEL,
1980,AUT,BEL,
1981,AUT,BEL,
1982,AUT,BEL,
1983,AUT,BEL,
1984,AUT,BEL,
1985,AUT,BEL,
1986,AUT,BEL,
1987,AUT,BEL,
1988,AUT,BEL,
1989,AUT,BEL,
1990,AUT,BEL,
1991,AUT,BEL,
1992,AUT,BEL,
1993,AUT,BEL,
1995,AUT,BEL,
1996,AUT,BEL,
1999,AUT,BEL,
2000,AUT,BEL,
2002,AUT,BEL,
2003,AUT,BEL,
2004,AUT,BEL,
2013,AUT,BEL,-.0616646745812995
2015,AUT,BEL,-.0482806175341002
2016,AUT,BEL,-.0558324996321202
2017,AUT,BEL,-.0684547736642027
2021,AUT,BEL,-.05836446090813
2022,AUT,BEL,-.0672155381379861
2023,AUT,BEL,-.0480553185979125
2026,AUT,BEL,
1957,AUT,CHE,
1958,AUT,CHE,
1959,AUT,CHE,
1960,AUT,CHE,
1961,AUT,CHE,
1962,AUT,CHE,
1963,AUT,CHE,
1964,AUT,CHE,
1965,AUT,CHE,
1966,AUT,CHE,
1967,AUT,CHE,
1968,AUT,CHE,
1971,AUT,CHE,
1972,AUT,CHE,
1976,AUT,CHE,
1977,AUT,CHE,
1978,AUT,CHE,
1979,AUT,CHE,
1980,AUT,CHE,
1981,AUT,CHE,
1982,AUT,CHE,
1983,AUT,CHE,
1984,AUT,CHE,
1985,AUT,CHE,
1986,AUT,CHE,
1987,AUT,CHE,
1988,AUT,CHE,
1989,AUT,CHE,
1990,AUT,CHE,
1991,AUT,CHE,
1992,AUT,CHE,
1993,AUT,CHE,
1994,AUT,CHE,
1996,AUT,CHE,-.0225350326060776
1997,AUT,CHE,-.0401602184035986
2000,AUT,CHE,-.0560320537737307
2002,AUT,CHE,-.0362649116619466
2005,AUT,CHE,-.043046650091847
2011,AUT,CHE,-.0387347273725717
2014,AUT,CHE,-.0433422071317506
2019,AUT,CHE,-.0555310149786766
2021,AUT,CHE,-.0585169350550837
2022,AUT,CHE,-.0673680122849399
2023,AUT,CHE,-.0482077927448658
2024,AUT,CHE,-.0346396335763376
2025,AUT,CHE,
1957,BEL,NLD,
1958,BEL,NLD,
1959,BEL,NLD,
1960,BEL,NLD,
1961,BEL,NLD,
1962,BEL,NLD,
1963,BEL,NLD,
1964,BEL,NLD,
1965,BEL,NLD,
1966,BEL,NLD,
1967,BEL,NLD,
1968,BEL,NLD,
1969,BEL,NLD,
1970,BEL,NLD,
1971,BEL,NLD,
1972,BEL,NLD,
1973,BEL,NLD,
1974,BEL,NLD,
1975,BEL,NLD,
1976,BEL,NLD,
1977,BEL,NLD,
1978,BEL,NLD,
1979,BEL,NLD,
1980,BEL,NLD,
1981,BEL,NLD,
1982,BEL,NLD,
1983,BEL,NLD,
1984,BEL,NLD,
1986,BEL,NLD,
1987,BEL,NLD,
1988,BEL,NLD,
1989,BEL,NLD,
1990,BEL,NLD,
1992,BEL,NLD,
1993,BEL,NLD,
1996,BEL,NLD,-.032066509796663
1998,BEL,NLD,-.028060452058554
1999,BEL,NLD,-.0275688080315958
2000,BEL,NLD,-.0655635309643163
2003,BEL,NLD,-.0424259275807673
2004,BEL,NLD,-.046734901425817
2013,BEL,NLD,-.0713486259188392
2014,BEL,NLD,-.0528736843223356
2016,BEL,NLD,-.0655164509696589
2017,BEL,NLD,-.078138725001742
2018,BEL,NLD,-.0655303634947867
2019,BEL,NLD,-.0650624921692617
2021,BEL,NLD,-.0680484122456686
2022,BEL,NLD,-.0768994894755255
2025,BEL,NLD,
1957,BEL,FRA,
1958,BEL,FRA,
1959,BEL,FRA,
1960,BEL,FRA,
1961,BEL,FRA,
1962,BEL,FRA,
1963,BEL,FRA,
1964,BEL,FRA,
1965,BEL,FRA,
1966,BEL,FRA,
1967,BEL,FRA,
1968,BEL,FRA,
1969,BEL,FRA,
1970,BEL,FRA,
1971,BEL,FRA,
1972,BEL,FRA,
1973,BEL,FRA,
1975,BEL,FRA,
1976,BEL,FRA,
1977,BEL,FRA,
1978,BEL,FRA,
1979,BEL,FRA,
1980,BEL,FRA,
1981,BEL,FRA,
1983,BEL,FRA,
1984,BEL,FRA,
1985,BEL,FRA,
1986,BEL,FRA,
1987,BEL,FRA,
1988,BEL,FRA,
1989,BEL,FRA,
1990,BEL,FRA,
1991,BEL,FRA,
1992,BEL,FRA,
1993,BEL,FRA,
1995,BEL,FRA,-.1230008431938016
1996,BEL,FRA,-.1138773918866812
1998,BEL,FRA,-.109871334148572
1999,BEL,FRA,-.1093796901216152
2000,BEL,FRA,-.1473744130543345
2002,BEL,FRA,-.1276072709425508
2003,BEL,FRA,-.1242368096707856
2004,BEL,FRA,-.1285457835158359
2005,BEL,FRA,-.1343890093724512
2006,BEL,FRA,-.123421724468001
2007,BEL,FRA,-.1253837945039388
2008,BEL,FRA,-.1390970636409309
2009,BEL,FRA,-.1335152171510383
2010,BEL,FRA,-.120868951040388
2011,BEL,FRA,-.1300770866531748
2012,BEL,FRA,-.1582498982817698
2013,BEL,FRA,-.1531595080088574
2014,BEL,FRA,-.1346845664123543
2015,BEL,FRA,-.1397754509616582
2016,BEL,FRA,-.1473273330596777
2017,BEL,FRA,-.1599496070917601
2018,BEL,FRA,-.1473412455848055
2019,BEL,FRA,-.1468733742592803
2021,BEL,FRA,-.1498592943356875
2022,BEL,FRA,-.1587103715655436
2023,BEL,FRA,-.1395501520254695
2024,BEL,FRA,-.1259819928569412
2025,BEL,FRA,
2026,BEL,FRA,
1957,BEL,DNK,
1958,BEL,DNK,
1959,BEL,DNK,
1960,BEL,DNK,
1961,BEL,DNK,
1962,BEL,DNK,
1963,BEL,DNK,
1964,BEL,DNK,
1965,BEL,DNK,
1966,BEL,DNK,
1978,BEL,DNK,
1979,BEL,DNK,
1980,BEL,DNK,
1981,BEL,DNK,
1982,BEL,DNK,
1983,BEL,DNK,
1984,BEL,DNK,
1985,BEL,DNK,
1986,BEL,DNK,
1987,BEL,DNK,
1988,BEL,DNK,
1989,BEL,DNK,
1990,BEL,DNK,
1991,BEL,DNK,
1992,BEL,DNK,
1993,BEL,DNK,
1995,BEL,DNK,
1999,BEL,DNK,
2000,BEL,DNK,
2002,BEL,DNK,
2005,BEL,DNK,
2006,BEL,DNK,
2008,BEL,DNK,
2009,BEL,DNK,
2010,BEL,DNK,.0183664436097459
2011,BEL,DNK,.0091583079969584
2012,BEL,DNK,-.0190145036316365
2013,BEL,DNK,-.0139241133587243
2014,BEL,DNK,.0045508282377792
2017,BEL,DNK,-.0207142124416266
2018,BEL,DNK,-.0081058509346715
2019,BEL,DNK,-.0076379796091462
2025,BEL,DNK,
2026,BEL,DNK,
1957,BEL,LUX,
1958,BEL,LUX,
1960,BEL,LUX,
1961,BEL,LUX,
1962,BEL,LUX,
1963,BEL,LUX,
1964,BEL,LUX,
1965,BEL,LUX,
1966,BEL,LUX,
1967,BEL,LUX,
1968,BEL,LUX,
1969,BEL,LUX,
1970,BEL,LUX,
1971,BEL,LUX,
1972,BEL,LUX,
1973,BEL,LUX,
1974,BEL,LUX,
1975,BEL,LUX,
1976,BEL,LUX,
1977,BEL,LUX,
1978,BEL,LUX,
1979,BEL,LUX,
1980,BEL,LUX,
1981,BEL,LUX,
1982,BEL,LUX,
1983,BEL,LUX,
1984,BEL,LUX,
1985,BEL,LUX,
1986,BEL,LUX,
1987,BEL,LUX,
1988,BEL,LUX,
1989,BEL,LUX,
1990,BEL,LUX,
1991,BEL,LUX,
1992,BEL,LUX,
1993,BEL,LUX,
2024,BEL,LUX,-.072546264838982
2025,BEL,LUX,
1957,BEL,DEU,
1958,BEL,DEU,
1959,BEL,DEU,
1960,BEL,DEU,
1961,BEL,DEU,
1962,BEL,DEU,
1963,BEL,DEU,
1964,BEL,DEU,
1965,BEL,DEU,
1966,BEL,DEU,
1967,BEL,DEU,
1968,BEL,DEU,
1969,BEL,DEU,
1970,BEL,DEU,
1971,BEL,DEU,
1972,BEL,DEU,
1973,BEL,DEU,
1974,BEL,DEU,
1975,BEL,DEU,
1976,BEL,DEU,
1977,BEL,DEU,
1978,BEL,DEU,
1979,BEL,DEU,
1980,BEL,DEU,
1981,BEL,DEU,
1982,BEL,DEU,
1983,BEL,DEU,
1984,BEL,DEU,
1985,BEL,DEU,
1986,BEL,DEU,
1987,BEL,DEU,
1988,BEL,DEU,
1989,BEL,DEU,
1990,BEL,DEU,
1991,BEL,DEU,
1992,BEL,DEU,
1993,BEL,DEU,
1995,BEL,DEU,-.1918359768766232
1998,BEL,DEU,-.1787064678313928
1999,BEL,DEU,-.1782148238044368
2000,BEL,DEU,-.216209546737155
2002,BEL,DEU,-.1964424046253712
2003,BEL,DEU,-.1930719433536066
2004,BEL,DEU,-.1973809171986568
2005,BEL,DEU,-.2032241430552721
2006,BEL,DEU,-.1922568581508224
2007,BEL,DEU,-.19421892818676
2008,BEL,DEU,-.2079321973237518
2009,BEL,DEU,-.2023503508338594
2010,BEL,DEU,-.189704084723209
2011,BEL,DEU,-.1989122203359963
2012,BEL,DEU,-.2270850319645911
2013,BEL,DEU,-.2219946416916786
2014,BEL,DEU,-.2035197000951756
2015,BEL,DEU,-.2086105846444795
2016,BEL,DEU,-.2161624667424983
2017,BEL,DEU,-.2287847407745807
2018,BEL,DEU,-.2161763792676265
2019,BEL,DEU,-.215708507942101
2021,BEL,DEU,-.2186944280185088
2022,BEL,DEU,-.2275455052483647
2023,BEL,DEU,-.2083852857082909
2024,BEL,DEU,-.1948171265397624
2025,BEL,DEU,
2026,BEL,DEU,
1957,BEL,ITA,
1958,BEL,ITA,
1959,BEL,ITA,
1960,BEL,ITA,
1961,BEL,ITA,
1962,BEL,ITA,
1963,BEL,ITA,
1964,BEL,ITA,
1965,BEL,ITA,
1966,BEL,ITA,
1967,BEL,ITA,
1968,BEL,ITA,
1969,BEL,ITA,
1970,BEL,ITA,
1971,BEL,ITA,
1972,BEL,ITA,
1973,BEL,ITA,
1974,BEL,ITA,
1975,BEL,ITA,
1976,BEL,ITA,
1977,BEL,ITA,
1978,BEL,ITA,
1979,BEL,ITA,
1980,BEL,ITA,
1983,BEL,ITA,
1984,BEL,ITA,
1985,BEL,ITA,
1987,BEL,ITA,
1988,BEL,ITA,
1989,BEL,ITA,
1990,BEL,ITA,
1991,BEL,ITA,
1992,BEL,ITA,
1993,BEL,ITA,
2011,BEL,ITA,.0416551749646397
2012,BEL,ITA,.0134823633360445
2013,BEL,ITA,.0185727536089573
2014,BEL,ITA,.0370476952054606
2015,BEL,ITA,.0319568106561564
2016,BEL,ITA,.0244049285581381
2017,BEL,ITA,.0117826545260543
2018,BEL,ITA,.0243910160330092
2019,BEL,ITA,.0248588873585344
2021,BEL,ITA,.0218729672821277
2022,BEL,ITA,.0130218900522704
2023,BEL,ITA,.0321821095923442
2024,BEL,ITA,.0457502687608738
2025,BEL,ITA,
2026,BEL,ITA,
1957,BEL,GBR,
1959,BEL,GBR,
1960,BEL,GBR,
1961,BEL,GBR,
1962,BEL,GBR,
1963,BEL,GBR,
1964,BEL,GBR,
1965,BEL,GBR,
1966,BEL,GBR,
1967,BEL,GBR,
1968,BEL,GBR,
1969,BEL,GBR,
1970,BEL,GBR,
1971,BEL,GBR,
1972,BEL,GBR,
1973,BEL,GBR,
1974,BEL,GBR,
1975,BEL,GBR,
1976,BEL,GBR,
1977,BEL,GBR,
1978,BEL,GBR,
1979,BEL,GBR,
1980,BEL,GBR,
1981,BEL,GBR,
1982,BEL,GBR,
1983,BEL,GBR,
1984,BEL,GBR,
1985,BEL,GBR,
1986,BEL,GBR,
1987,BEL,GBR,
1988,BEL,GBR,
1989,BEL,GBR,
1990,BEL,GBR,
1991,BEL,GBR,
1992,BEL,GBR,
1993,BEL,GBR,
1995,BEL,GBR,-.1481034127534751
1996,BEL,GBR,-.1389799614463542
1998,BEL,GBR,-.1349739037082449
1999,BEL,GBR,-.1344822596812883
2000,BEL,GBR,-.1724769826140079
2002,BEL,GBR,-.1527098405022236
2003,BEL,GBR,-.1493393792304582
2004,BEL,GBR,-.1536483530755087
2005,BEL,GBR,-.1594915789321241
2006,BEL,GBR,-.1485242940276744
2007,BEL,GBR,-.1504863640636122
2008,BEL,GBR,-.1641996332006037
2009,BEL,GBR,-.1586177867107116
2010,BEL,GBR,-.1459715206000608
2011,BEL,GBR,-.1551796562128487
2012,BEL,GBR,-.1833524678414433
2013,BEL,GBR,-.1782620775685308
2014,BEL,GBR,-.159787135972027
2015,BEL,GBR,-.1648780205213319
2016,BEL,GBR,-.1724299026193506
2017,BEL,GBR,-.1850521766514334
2018,BEL,GBR,-.1724438151444787
2019,BEL,GBR,-.1719759438189533
2021,BEL,GBR,-.1749618638953608
2022,BEL,GBR,-.1838129411252167
2023,BEL,GBR,-.1646527215851433
2024,BEL,GBR,-.1510845624166143
2025,BEL,GBR,
2026,BEL,GBR,
1957,BEL,CHE,
1958,BEL,CHE,
1959,BEL,CHE,
1960,BEL,CHE,
1961,BEL,CHE,
1962,BEL,CHE,
1963,BEL,CHE,
1964,BEL,CHE,
1965,BEL,CHE,
1966,BEL,CHE,
1967,BEL,CHE,
1968,BEL,CHE,
1969,BEL,CHE,
1970,BEL,CHE,
1971,BEL,CHE,
1972,BEL,CHE,
1973,BEL,CHE,
1974,BEL,CHE,
1975,BEL,CHE,
1976,BEL,CHE,
1977,BEL,CHE,
1978,BEL,CHE,
1979,BEL,CHE,
1980,BEL,CHE,
1981,BEL,CHE,
1982,BEL,CHE,
1983,BEL,CHE,
1984,BEL,CHE,
1985,BEL,CHE,
1986,BEL,CHE,
1987,BEL,CHE,
1988,BEL,CHE,
1989,BEL,CHE,
1990,BEL,CHE,
1991,BEL,CHE,
1992,BEL,CHE,
1993,BEL,CHE,
1996,BEL,CHE,-.0345637612927222
1998,BEL,CHE,-.030557703554613
2000,BEL,CHE,-.0680607824603757
2002,BEL,CHE,-.0482936403485914
2005,BEL,CHE,-.0550753787784922
2006,BEL,CHE,-.0441080938740427
2011,BEL,CHE,-.0507634560592164
2014,BEL,CHE,-.055370935818395
2019,BEL,CHE,-.0675597436653215
2021,BEL,CHE,-.0705456637417284
2022,BEL,CHE,-.079396740971585
2023,BEL,CHE,-.0602365214315109
2024,BEL,CHE,-.0466683622629819
2025,BEL,CHE,
1957,BEL,AUT,
1958,BEL,AUT,
1959,BEL,AUT,
1960,BEL,AUT,
1961,BEL,AUT,
1962,BEL,AUT,
1963,BEL,AUT,
1964,BEL,AUT,
1965,BEL,AUT,
1966,BEL,AUT,
1967,BEL,AUT,
1968,BEL,AUT,
1971,BEL,AUT,
1972,BEL,AUT,
1976,BEL,AUT,
1977,BEL,AUT,
1978,BEL,AUT,
1979,BEL,AUT,
1980,BEL,AUT,
1981,BEL,AUT,
1982,BEL,AUT,
1983,BEL,AUT,
1984,BEL,AUT,
1985,BEL,AUT,
1986,BEL,AUT,
1987,BEL,AUT,
1988,BEL,AUT,
1989,BEL,AUT,
1990,BEL,AUT,
1991,BEL,AUT,
1992,BEL,AUT,
1993,BEL,AUT,
1995,BEL,AUT,-.0441914875581764
1996,BEL,AUT,-.0350680362510552
1999,BEL,AUT,-.0305703344859893
2000,BEL,AUT,-.0685650574187081
2002,BEL,AUT,-.0487979153069241
2003,BEL,AUT,-.0454274540351597
2004,BEL,AUT,-.0497364278802095
2011,BEL,AUT,-.0512677310175496
2014,BEL,AUT,-.0558752107767284
2015,BEL,AUT,-.0609660953260323
2016,BEL,AUT,-.0685179774240514
2017,BEL,AUT,-.0811402514561341
2018,BEL,AUT,-.0685318899491792
2023,BEL,AUT,-.0607407963898434
2024,BEL,AUT,-.0471726372213151
2025,BEL,AUT,
2026,BEL,AUT,
1957,DNK,NLD,
1958,DNK,NLD,
1959,DNK,NLD,
1960,DNK,NLD,
1961,DNK,NLD,
1962,DNK,NLD,
1963,DNK,NLD,
1964,DNK,NLD,
1965,DNK,NLD,
1966,DNK,NLD,
1978,DNK,NLD,
1979,DNK,NLD,
1980,DNK,NLD,
1981,DNK,NLD,
1982,DNK,NLD,
1983,DNK,NLD,
1984,DNK,NLD,
1986,DNK,NLD,
1987,DNK,NLD,
1988,DNK,NLD,
1989,DNK,NLD,
1990,DNK,NLD,
1992,DNK,NLD,
1993,DNK,NLD,
1997,DNK,NLD,-.0305724317693822
1999,DNK,NLD,-.0084495442067952
2000,DNK,NLD,-.0464442671395141
2001,DNK,NLD,-.0134179232026255
2004,DNK,NLD,-.0276156376010155
2013,DNK,NLD,-.0522293620940373
2014,DNK,NLD,-.0337544204975345
2016,DNK,NLD,-.046397187144858
2017,DNK,NLD,-.0590194611769403
2018,DNK,NLD,-.0464110996699851
2019,DNK,NLD,-.0459432283444601
2021,DNK,NLD,-.0489291484208666
2022,DNK,NLD,-.0577802256507238
2025,DNK,NLD,
1957,DNK,FRA,
1958,DNK,FRA,
1959,DNK,FRA,
1960,DNK,FRA,
1961,DNK,FRA,
1962,DNK,FRA,
1963,DNK,FRA,
1964,DNK,FRA,
1965,DNK,FRA,
1966,DNK,FRA,
1978,DNK,FRA,
1979,DNK,FRA,
1980,DNK,FRA,
1981,DNK,FRA,
1983,DNK,FRA,
1984,DNK,FRA,
1985,DNK,FRA,
1986,DNK,FRA,
1987,DNK,FRA,
1988,DNK,FRA,
1989,DNK,FRA,
1990,DNK,FRA,
1991,DNK,FRA,
1992,DNK,FRA,
1993,DNK,FRA,
1995,DNK,FRA,-.1038815793690005
1997,DNK,FRA,-.1123833138594012
1999,DNK,FRA,-.0902604262968136
2000,DNK,FRA,-.1282551492295325
2001,DNK,FRA,-.0952288052926439
2002,DNK,FRA,-.1084880071177489
2004,DNK,FRA,-.1094265196910342
2005,DNK,FRA,-.1152697455476498
2006,DNK,FRA,-.1043024606431997
2007,DNK,FRA,-.1062645306791367
2008,DNK,FRA,-.1199777998161283
2009,DNK,FRA,-.1143959533262371
2010,DNK,FRA,-.1017496872155867
2011,DNK,FRA,-.1109578228283733
2012,DNK,FRA,-.1391306344569683
2013,DNK,FRA,-.1340402441840551
2014,DNK,FRA,-.115565302587553
2015,DNK,FRA,-.1206561871368565
2016,DNK,FRA,-.1282080692348757
2017,DNK,FRA,-.1408303432669587
2018,DNK,FRA,-.1282219817600034
2019,DNK,FRA,-.1277541104344784
2021,DNK,FRA,-.1307400305108855
2022,DNK,FRA,-.1395911077407423
2023,DNK,FRA,-.1204308882006684
2024,DNK,FRA,-.1068627290321396
2025,DNK,FRA,
2026,DNK,FRA,
1957,DNK,LUX,
1958,DNK,LUX,
1960,DNK,LUX,
1961,DNK,LUX,
1962,DNK,LUX,
1963,DNK,LUX,
1964,DNK,LUX,
1965,DNK,LUX,
1966,DNK,LUX,
1978,DNK,LUX,
1979,DNK,LUX,
1980,DNK,LUX,
1981,DNK,LUX,
1982,DNK,LUX,
1983,DNK,LUX,
1984,DNK,LUX,
1985,DNK,LUX,
1986,DNK,LUX,
1987,DNK,LUX,
1988,DNK,LUX,
1989,DNK,LUX,
1990,DNK,LUX,
1991,DNK,LUX,
1992,DNK,LUX,
1993,DNK,LUX,
2024,DNK,LUX,-.0534270010141799
2025,DNK,LUX,
1957,DNK,DEU,
1958,DNK,DEU,
1959,DNK,DEU,
1960,DNK,DEU,
1961,DNK,DEU,
1962,DNK,DEU,
1963,DNK,DEU,
1964,DNK,DEU,
1965,DNK,DEU,
1966,DNK,DEU,
1978,DNK,DEU,
1979,DNK,DEU,
1980,DNK,DEU,
1981,DNK,DEU,
1982,DNK,DEU,
1983,DNK,DEU,
1984,DNK,DEU,
1985,DNK,DEU,
1986,DNK,DEU,
1987,DNK,DEU,
1988,DNK,DEU,
1989,DNK,DEU,
1990,DNK,DEU,
1991,DNK,DEU,
1992,DNK,DEU,
1993,DNK,DEU,
1995,DNK,DEU,-.1727167130518216
1997,DNK,DEU,-.181218447542222
1999,DNK,DEU,-.1590955599796349
2000,DNK,DEU,-.1970902829123537
2001,DNK,DEU,-.1640639389754649
2002,DNK,DEU,-.17732314080057
2004,DNK,DEU,-.1782616533738551
2005,DNK,DEU,-.1841048792304707
2006,DNK,DEU,-.1731375943260212
2007,DNK,DEU,-.1750996643619583
2008,DNK,DEU,-.18881293349895
2009,DNK,DEU,-.1832310870090577
2010,DNK,DEU,-.1705848208984068
2011,DNK,DEU,-.1797929565111951
2012,DNK,DEU,-.20796576813979
2013,DNK,DEU,-.2028753778668765
2014,DNK,DEU,-.1844004362703741
2015,DNK,DEU,-.1894913208196777
2016,DNK,DEU,-.197043202917697
2017,DNK,DEU,-.2096654769497798
2018,DNK,DEU,-.1970571154428245
2019,DNK,DEU,-.1965892441172991
2021,DNK,DEU,-.1995751641937063
2022,DNK,DEU,-.2084262414235633
2023,DNK,DEU,-.1892660218834894
2024,DNK,DEU,-.1756978627149602
2025,DNK,DEU,
2026,DNK,DEU,
1957,DNK,ITA,
1958,DNK,ITA,
1959,DNK,ITA,
1960,DNK,ITA,
1961,DNK,ITA,
1962,DNK,ITA,
1963,DNK,ITA,
1964,DNK,ITA,
1965,DNK,ITA,
1966,DNK,ITA,
1978,DNK,ITA,
1979,DNK,ITA,
1980,DNK,ITA,
1983,DNK,ITA,
1984,DNK,ITA,
1985,DNK,ITA,
1987,DNK,ITA,
1988,DNK,ITA,
1989,DNK,ITA,
1990,DNK,ITA,
1991,DNK,ITA,
1992,DNK,ITA,
1993,DNK,ITA,
1997,DNK,ITA,.0593489477584136
2011,DNK,ITA,.0607744387894406
2012,DNK,ITA,.0326016271608462
2013,DNK,ITA,.0376920174337588
2014,DNK,ITA,.0561669590302625
2015,DNK,ITA,.0510760744809581
2016,DNK,ITA,.0435241923829391
2017,DNK,ITA,.0309019183508555
2018,DNK,ITA,.0435102798578111
2019,DNK,ITA,.043978151183336
2021,DNK,ITA,.040992231106929
2022,DNK,ITA,.032141153877073
2023,DNK,ITA,.0513013734171467
2024,DNK,ITA,.0648695325856755
2025,DNK,ITA,
2026,DNK,ITA,
1957,DNK,GBR,
1959,DNK,GBR,
1960,DNK,GBR,
1961,DNK,GBR,
1962,DNK,GBR,
1963,DNK,GBR,
1964,DNK,GBR,
1965,DNK,GBR,
1966,DNK,GBR,
1978,DNK,GBR,
1979,DNK,GBR,
1980,DNK,GBR,
1981,DNK,GBR,
1982,DNK,GBR,
1983,DNK,GBR,
1984,DNK,GBR,
1985,DNK,GBR,
1986,DNK,GBR,
1987,DNK,GBR,
1988,DNK,GBR,
1989,DNK,GBR,
1990,DNK,GBR,
1991,DNK,GBR,
1992,DNK,GBR,
1993,DNK,GBR,
1995,DNK,GBR,-.1289841489286738
1997,DNK,GBR,-.1374858834190737
1999,DNK,GBR,-.1153629958564871
2000,DNK,GBR,-.1533577187892057
2001,DNK,GBR,-.1203313748523175
2002,DNK,GBR,-.1335905766774224
2004,DNK,GBR,-.1345290892507072
2005,DNK,GBR,-.1403723151073225
2006,DNK,GBR,-.1294050302028729
2007,DNK,GBR,-.1313671002388107
2008,DNK,GBR,-.145080369375802
2009,DNK,GBR,-.13949852288591
2010,DNK,GBR,-.126852256775259
2011,DNK,GBR,-.1360603923880473
2012,DNK,GBR,-.1642332040166417
2013,DNK,GBR,-.159142813743729
2014,DNK,GBR,-.1406678721472259
2015,DNK,GBR,-.1457587566965297
2016,DNK,GBR,-.1533106387945489
2017,DNK,GBR,-.1659329128266321
2018,DNK,GBR,-.153324551319677
2019,DNK,GBR,-.1528566799941518
2021,DNK,GBR,-.1558426000705587
2022,DNK,GBR,-.1646936773004158
2023,DNK,GBR,-.1455334577603417
2024,DNK,GBR,-.1319652985918127
2025,DNK,GBR,
2026,DNK,GBR,
1957,DNK,BEL,
1958,DNK,BEL,
1959,DNK,BEL,
1960,DNK,BEL,
1961,DNK,BEL,
1962,DNK,BEL,
1963,DNK,BEL,
1964,DNK,BEL,
1965,DNK,BEL,
1966,DNK,BEL,
1978,DNK,BEL,
1979,DNK,BEL,
1980,DNK,BEL,
1981,DNK,BEL,
1982,DNK,BEL,
1983,DNK,BEL,
1984,DNK,BEL,
1985,DNK,BEL,
1986,DNK,BEL,
1987,DNK,BEL,
1988,DNK,BEL,
1989,DNK,BEL,
1990,DNK,BEL,
1991,DNK,BEL,
1992,DNK,BEL,
1993,DNK,BEL,
1995,DNK,BEL,-.0244154746280867
1999,DNK,BEL,-.0107943215559005
2000,DNK,BEL,-.0487890444886196
2002,DNK,BEL,-.0290219023768359
2004,DNK,BEL,-.0299604149501216
2010,DNK,BEL,-.0222835824746728
2013,DNK,BEL,-.0545741394431425
2015,DNK,BEL,-.0411900823959439
2016,DNK,BEL,-.0487419644939633
2017,DNK,BEL,-.0613642385260457
2021,DNK,BEL,-.0512739257699727
2022,DNK,BEL,-.0601250029998295
2023,DNK,BEL,-.0409647834597552
2026,DNK,BEL,
1957,DNK,CHE,
1958,DNK,CHE,
1959,DNK,CHE,
1960,DNK,CHE,
1961,DNK,CHE,
1962,DNK,CHE,
1963,DNK,CHE,
1964,DNK,CHE,
1965,DNK,CHE,
1966,DNK,CHE,
1978,DNK,CHE,
1979,DNK,CHE,
1980,DNK,CHE,
1981,DNK,CHE,
1982,DNK,CHE,
1983,DNK,CHE,
1984,DNK,CHE,
1985,DNK,CHE,
1986,DNK,CHE,
1987,DNK,CHE,
1988,DNK,CHE,
1989,DNK,CHE,
1990,DNK,CHE,
1991,DNK,CHE,
1992,DNK,CHE,
1993,DNK,CHE,
1997,DNK,CHE,-.0330696832654416
2000,DNK,CHE,-.0489415186355736
2002,DNK,CHE,-.0291743765237897
2005,DNK,CHE,-.0359561149536899
2006,DNK,CHE,-.0249888300492403
2011,DNK,CHE,-.0316441922344147
2014,DNK,CHE,-.0362516719935934
2019,DNK,CHE,-.0484404798405199
2021,DNK,CHE,-.0514263999169272
2022,DNK,CHE,-.0602774771467826
2023,DNK,CHE,-.0411172576067089
2024,DNK,CHE,-.0275490984381801
2025,DNK,CHE,
1957,DNK,AUT,
1958,DNK,AUT,
1959,DNK,AUT,
1960,DNK,AUT,
1961,DNK,AUT,
1962,DNK,AUT,
1963,DNK,AUT,
1964,DNK,AUT,
1965,DNK,AUT,
1966,DNK,AUT,
1978,DNK,AUT,
1979,DNK,AUT,
1980,DNK,AUT,
1981,DNK,AUT,
1982,DNK,AUT,
1983,DNK,AUT,
1984,DNK,AUT,
1985,DNK,AUT,
1986,DNK,AUT,
1987,DNK,AUT,
1988,DNK,AUT,
1989,DNK,AUT,
1990,DNK,AUT,
1991,DNK,AUT,
1992,DNK,AUT,
1993,DNK,AUT,
1995,DNK,AUT,-.0250722237333743
1997,DNK,AUT,-.0335739582237745
1999,DNK,AUT,-.0114510706611882
2000,DNK,AUT,-.0494457935939067
2002,DNK,AUT,-.0296786514821226
2004,DNK,AUT,-.030617164055408
2011,DNK,AUT,-.0321484671927479
2014,DNK,AUT,-.0367559469519271
2015,DNK,AUT,-.0418468315012304
2016,DNK,AUT,-.0493987135992499
2017,DNK,AUT,-.0620209876313329
2018,DNK,AUT,-.0494126261243777
2023,DNK,AUT,-.0416215325650424
2024,DNK,AUT,-.0280533733965135
2025,DNK,AUT,
2026,DNK,AUT,
1957,FRA,NLD,
1958,FRA,NLD,
1959,FRA,NLD,
1960,FRA,NLD,
1961,FRA,NLD,
1962,FRA,NLD,
1963,FRA,NLD,
1964,FRA,NLD,
1965,FRA,NLD,
1966,FRA,NLD,
1967,FRA,NLD,
1968,FRA,NLD,
1969,FRA,NLD,
1970,FRA,NLD,
1971,FRA,NLD,
1972,FRA,NLD,
1973,FRA,NLD,
1975,FRA,NLD,
1976,FRA,NLD,
1977,FRA,NLD,
1978,FRA,NLD,
1979,FRA,NLD,
1980,FRA,NLD,
1981,FRA,NLD,
1983,FRA,NLD,
1984,FRA,NLD,
1986,FRA,NLD,
1987,FRA,NLD,
1988,FRA,NLD,
1989,FRA,NLD,
1990,FRA,NLD,
1992,FRA,NLD,
1993,FRA,NLD,
1994,FRA,NLD,
1996,FRA,NLD,.0094399983799007
1997,FRA,NLD,-.0081851874176203
1998,FRA,NLD,.013446056118011
1999,FRA,NLD,.0139377001449664
2000,FRA,NLD,-.0240570227877522
2001,FRA,NLD,.0089693211491358
2003,FRA,NLD,-.0009194194042034
2004,FRA,NLD,-.0052283932492539
2013,FRA,NLD,-.0298421177422747
2014,FRA,NLD,-.0113671761457719
2016,FRA,NLD,-.0240099427930949
2017,FRA,NLD,-.0366322168251781
2018,FRA,NLD,-.0240238553182232
2019,FRA,NLD,-.0235559839926976
2021,FRA,NLD,-.0265419040691048
2022,FRA,NLD,-.0353929812989613
2025,FRA,NLD,
1957,FRA,DNK,
1958,FRA,DNK,
1959,FRA,DNK,
1960,FRA,DNK,
1961,FRA,DNK,
1962,FRA,DNK,
1963,FRA,DNK,
1964,FRA,DNK,
1965,FRA,DNK,
1966,FRA,DNK,
1978,FRA,DNK,
1979,FRA,DNK,
1980,FRA,DNK,
1981,FRA,DNK,
1983,FRA,DNK,
1984,FRA,DNK,
1985,FRA,DNK,
1986,FRA,DNK,
1987,FRA,DNK,
1988,FRA,DNK,
1989,FRA,DNK,
1990,FRA,DNK,
1991,FRA,DNK,
1992,FRA,DNK,
1993,FRA,DNK,
1995,FRA,DNK,
1997,FRA,DNK,
1999,FRA,DNK,
2000,FRA,DNK,
2001,FRA,DNK,
2002,FRA,DNK,
2005,FRA,DNK,
2006,FRA,DNK,
2008,FRA,DNK,
2009,FRA,DNK,
2010,FRA,DNK,
2011,FRA,DNK,
2012,FRA,DNK,
2013,FRA,DNK,.0275823948178398
2014,FRA,DNK,.0460573364143433
2017,FRA,DNK,.0207922957349365
2018,FRA,DNK,.0334006572418919
2019,FRA,DNK,.0338685285674178
2025,FRA,DNK,
2026,FRA,DNK,
1957,FRA,LUX,
1958,FRA,LUX,
1960,FRA,LUX,
1961,FRA,LUX,
1962,FRA,LUX,
1963,FRA,LUX,
1964,FRA,LUX,
1965,FRA,LUX,
1966,FRA,LUX,
1967,FRA,LUX,
1968,FRA,LUX,
1969,FRA,LUX,
1970,FRA,LUX,
1971,FRA,LUX,
1972,FRA,LUX,
1973,FRA,LUX,
1975,FRA,LUX,
1976,FRA,LUX,
1977,FRA,LUX,
1978,FRA,LUX,
1979,FRA,LUX,
1980,FRA,LUX,
1981,FRA,LUX,
1983,FRA,LUX,
1984,FRA,LUX,
1985,FRA,LUX,
1986,FRA,LUX,
1987,FRA,LUX,
1988,FRA,LUX,
1989,FRA,LUX,
1990,FRA,LUX,
1991,FRA,LUX,
1992,FRA,LUX,
1993,FRA,LUX,
2024,FRA,LUX,-.0310397566624178
2025,FRA,LUX,
1957,FRA,DEU,
1958,FRA,DEU,
1959,FRA,DEU,
1960,FRA,DEU,
1961,FRA,DEU,
1962,FRA,DEU,
1963,FRA,DEU,
1964,FRA,DEU,
1965,FRA,DEU,
1966,FRA,DEU,
1967,FRA,DEU,
1968,FRA,DEU,
1969,FRA,DEU,
1970,FRA,DEU,
1971,FRA,DEU,
1972,FRA,DEU,
1973,FRA,DEU,
1975,FRA,DEU,
1976,FRA,DEU,
1977,FRA,DEU,
1978,FRA,DEU,
1979,FRA,DEU,
1980,FRA,DEU,
1981,FRA,DEU,
1983,FRA,DEU,
1984,FRA,DEU,
1985,FRA,DEU,
1986,FRA,DEU,
1987,FRA,DEU,
1988,FRA,DEU,
1989,FRA,DEU,
1990,FRA,DEU,
1991,FRA,DEU,
1992,FRA,DEU,
1993,FRA,DEU,
1994,FRA,DEU,
1995,FRA,DEU,-.1503294687000594
1997,FRA,DEU,-.1588312031904596
1998,FRA,DEU,-.1371999596548295
1999,FRA,DEU,-.1367083156278724
2000,FRA,DEU,-.1747030385605919
2001,FRA,DEU,-.1416766946237032
2002,FRA,DEU,-.1549358964488077
2003,FRA,DEU,-.1515654351770424
2004,FRA,DEU,-.1558744090220933
2005,FRA,DEU,-.1617176348787083
2006,FRA,DEU,-.1507503499742588
2007,FRA,DEU,-.1527124200101966
2008,FRA,DEU,-.1664256891471883
2009,FRA,DEU,-.1608438426572957
2010,FRA,DEU,-.1481975765466449
2011,FRA,DEU,-.1574057121594332
2012,FRA,DEU,-.1855785237880276
2013,FRA,DEU,-.1804881335151147
2014,FRA,DEU,-.1620131919186116
2015,FRA,DEU,-.1671040764679153
2016,FRA,DEU,-.1746559585659347
2017,FRA,DEU,-.1872782325980175
2018,FRA,DEU,-.1746698710910627
2019,FRA,DEU,-.1742019997655376
2021,FRA,DEU,-.1771879198419447
2022,FRA,DEU,-.186038997071801
2023,FRA,DEU,-.166878777531727
2024,FRA,DEU,-.1533106183631985
2025,FRA,DEU,
2026,FRA,DEU,
1957,FRA,ITA,
1958,FRA,ITA,
1959,FRA,ITA,
1960,FRA,ITA,
1961,FRA,ITA,
1962,FRA,ITA,
1963,FRA,ITA,
1964,FRA,ITA,
1965,FRA,ITA,
1966,FRA,ITA,
1967,FRA,ITA,
1968,FRA,ITA,
1969,FRA,ITA,
1970,FRA,ITA,
1971,FRA,ITA,
1972,FRA,ITA,
1973,FRA,ITA,
1975,FRA,ITA,
1976,FRA,ITA,
1977,FRA,ITA,
1978,FRA,ITA,
1979,FRA,ITA,
1980,FRA,ITA,
1983,FRA,ITA,
1984,FRA,ITA,
1985,FRA,ITA,
1987,FRA,ITA,
1988,FRA,ITA,
1989,FRA,ITA,
1990,FRA,ITA,
1991,FRA,ITA,
1992,FRA,ITA,
1993,FRA,ITA,
1997,FRA,ITA,.0817361921101757
2011,FRA,ITA,.0831616831412034
2012,FRA,ITA,.054988871512608
2013,FRA,ITA,.0600792617855205
2014,FRA,ITA,.078554203382024
2015,FRA,ITA,.0734633188327206
2016,FRA,ITA,.0659114367347012
2017,FRA,ITA,.0532891627026179
2018,FRA,ITA,.0658975242095735
2019,FRA,ITA,.0663653955350985
2021,FRA,ITA,.063379475458691
2022,FRA,ITA,.054528398228835
2023,FRA,ITA,.0736886177689086
2024,FRA,ITA,.087256776937437
2025,FRA,ITA,
2026,FRA,ITA,
1957,FRA,GBR,
1959,FRA,GBR,
1960,FRA,GBR,
1961,FRA,GBR,
1962,FRA,GBR,
1963,FRA,GBR,
1964,FRA,GBR,
1965,FRA,GBR,
1966,FRA,GBR,
1967,FRA,GBR,
1968,FRA,GBR,
1969,FRA,GBR,
1970,FRA,GBR,
1971,FRA,GBR,
1972,FRA,GBR,
1973,FRA,GBR,
1975,FRA,GBR,
1976,FRA,GBR,
1977,FRA,GBR,
1978,FRA,GBR,
1979,FRA,GBR,
1980,FRA,GBR,
1981,FRA,GBR,
1983,FRA,GBR,
1984,FRA,GBR,
1985,FRA,GBR,
1986,FRA,GBR,
1987,FRA,GBR,
1988,FRA,GBR,
1989,FRA,GBR,
1990,FRA,GBR,
1991,FRA,GBR,
1992,FRA,GBR,
1993,FRA,GBR,
1994,FRA,GBR,
1995,FRA,GBR,-.1065969045769111
1996,FRA,GBR,-.0974734532697906
1997,FRA,GBR,-.1150986390673121
1998,FRA,GBR,-.0934673955316808
1999,FRA,GBR,-.0929757515047247
2000,FRA,GBR,-.1309704744374438
2001,FRA,GBR,-.0979441305005556
2002,FRA,GBR,-.1112033323256596
2003,FRA,GBR,-.1078328710538954
2004,FRA,GBR,-.1121418448989453
2005,FRA,GBR,-.1179850707555606
2006,FRA,GBR,-.1070177858511111
2007,FRA,GBR,-.1089798558870485
2008,FRA,GBR,-.12269312502404
2009,FRA,GBR,-.1171112785341479
2010,FRA,GBR,-.1044650124234969
2011,FRA,GBR,-.1136731480362844
2012,FRA,GBR,-.1418459596648795
2013,FRA,GBR,-.1367555693919665
2014,FRA,GBR,-.118280627795464
2015,FRA,GBR,-.1233715123447671
2016,FRA,GBR,-.1309233944427868
2017,FRA,GBR,-.14354566847487
2018,FRA,GBR,-.1309373069679151
2019,FRA,GBR,-.1304694356423896
2021,FRA,GBR,-.1334553557187965
2022,FRA,GBR,-.1423064329486525
2023,FRA,GBR,-.1231462134085795
2024,FRA,GBR,-.1095780542400508
2025,FRA,GBR,
2026,FRA,GBR,
1957,FRA,BEL,
1958,FRA,BEL,
1959,FRA,BEL,
1960,FRA,BEL,
1961,FRA,BEL,
1962,FRA,BEL,
1963,FRA,BEL,
1964,FRA,BEL,
1965,FRA,BEL,
1966,FRA,BEL,
1967,FRA,BEL,
1968,FRA,BEL,
1969,FRA,BEL,
1970,FRA,BEL,
1971,FRA,BEL,
1972,FRA,BEL,
1973,FRA,BEL,
1975,FRA,BEL,
1976,FRA,BEL,
1977,FRA,BEL,
1978,FRA,BEL,
1979,FRA,BEL,
1980,FRA,BEL,
1981,FRA,BEL,
1983,FRA,BEL,
1984,FRA,BEL,
1985,FRA,BEL,
1986,FRA,BEL,
1987,FRA,BEL,
1988,FRA,BEL,
1989,FRA,BEL,
1990,FRA,BEL,
1991,FRA,BEL,
1992,FRA,BEL,
1993,FRA,BEL,
1995,FRA,BEL,-.002028230276325
1996,FRA,BEL,.007095221030796
1998,FRA,BEL,.0111012787689053
1999,FRA,BEL,.0115929227958618
2000,FRA,BEL,-.0264018001368574
2002,FRA,BEL,-.0066346580250737
2003,FRA,BEL,-.0032641967533077
2004,FRA,BEL,-.0075731705983593
2010,FRA,BEL,.0001036618770884
2013,FRA,BEL,-.0321868950913806
2015,FRA,BEL,-.0188028380441809
2016,FRA,BEL,-.0263547201422007
2017,FRA,BEL,-.0389769941742832
2021,FRA,BEL,-.0288866814182103
2022,FRA,BEL,-.0377377586480669
2023,FRA,BEL,-.0185775391079929
2026,FRA,BEL,
1957,FRA,CHE,
1958,FRA,CHE,
1959,FRA,CHE,
1960,FRA,CHE,
1961,FRA,CHE,
1962,FRA,CHE,
1963,FRA,CHE,
1964,FRA,CHE,
1965,FRA,CHE,
1966,FRA,CHE,
1967,FRA,CHE,
1968,FRA,CHE,
1969,FRA,CHE,
1970,FRA,CHE,
1971,FRA,CHE,
1972,FRA,CHE,
1973,FRA,CHE,
1975,FRA,CHE,
1976,FRA,CHE,
1977,FRA,CHE,
1978,FRA,CHE,
1979,FRA,CHE,
1980,FRA,CHE,
1981,FRA,CHE,
1983,FRA,CHE,
1984,FRA,CHE,
1985,FRA,CHE,
1986,FRA,CHE,
1987,FRA,CHE,
1988,FRA,CHE,
1989,FRA,CHE,
1990,FRA,CHE,
1991,FRA,CHE,
1992,FRA,CHE,
1993,FRA,CHE,
1994,FRA,CHE,
1996,FRA,CHE,.0069427468838414
1997,FRA,CHE,-.0106824389136795
1998,FRA,CHE,.0109488046219511
2000,FRA,CHE,-.0265542742838115
2002,FRA,CHE,-.0067871321720277
2005,FRA,CHE,-.0135688706019286
2006,FRA,CHE,-.0026015856974785
2011,FRA,CHE,-.009256947882653
2014,FRA,CHE,-.0138644276418317
2019,FRA,CHE,-.0260532354887573
2021,FRA,CHE,-.0290391555651646
2022,FRA,CHE,-.037890232795021
2023,FRA,CHE,-.0187300132549471
2024,FRA,CHE,-.0051618540864185
2025,FRA,CHE,
1957,FRA,AUT,
1958,FRA,AUT,
1959,FRA,AUT,
1960,FRA,AUT,
1961,FRA,AUT,
1962,FRA,AUT,
1963,FRA,AUT,
1964,FRA,AUT,
1965,FRA,AUT,
1966,FRA,AUT,
1967,FRA,AUT,
1968,FRA,AUT,
1971,FRA,AUT,
1972,FRA,AUT,
1976,FRA,AUT,
1977,FRA,AUT,
1978,FRA,AUT,
1979,FRA,AUT,
1980,FRA,AUT,
1981,FRA,AUT,
1983,FRA,AUT,
1984,FRA,AUT,
1985,FRA,AUT,
1986,FRA,AUT,
1987,FRA,AUT,
1988,FRA,AUT,
1989,FRA,AUT,
1990,FRA,AUT,
1991,FRA,AUT,
1992,FRA,AUT,
1993,FRA,AUT,
1994,FRA,AUT,
1995,FRA,AUT,
1996,FRA,AUT,
1997,FRA,AUT,
1999,FRA,AUT,
2000,FRA,AUT,
2002,FRA,AUT,
2003,FRA,AUT,
2004,FRA,AUT,
2011,FRA,AUT,
2014,FRA,AUT,-.0143687026001649
2015,FRA,AUT,-.0194595871494682
2016,FRA,AUT,-.0270114692474878
2017,FRA,AUT,-.039633743279571
2018,FRA,AUT,-.0270253817726153
2023,FRA,AUT,-.0192342882132801
2024,FRA,AUT,-.0056661290447514
2025,FRA,AUT,
2026,FRA,AUT,
1957,DEU,NLD,
1958,DEU,NLD,
1959,DEU,NLD,
1960,DEU,NLD,
1961,DEU,NLD,
1962,DEU,NLD,
1963,DEU,NLD,
1964,DEU,NLD,
1965,DEU,NLD,
1966,DEU,NLD,
1967,DEU,NLD,
1968,DEU,NLD,
1969,DEU,NLD,
1970,DEU,NLD,
1971,DEU,NLD,
1972,DEU,NLD,
1973,DEU,NLD,
1974,DEU,NLD,
1975,DEU,NLD,
1976,DEU,NLD,
1977,DEU,NLD,
1978,DEU,NLD,
1979,DEU,NLD,
1980,DEU,NLD,
1981,DEU,NLD,
1982,DEU,NLD,
1983,DEU,NLD,
1984,DEU,NLD,
1986,DEU,NLD,
1987,DEU,NLD,
1988,DEU,NLD,
1989,DEU,NLD,
1990,DEU,NLD,
1992,DEU,NLD,
1993,DEU,NLD,
1994,DEU,NLD,
1997,DEU,NLD,
1998,DEU,NLD,
1999,DEU,NLD,
2000,DEU,NLD,
2001,DEU,NLD,
2003,DEU,NLD,
2004,DEU,NLD,
2013,DEU,NLD,
2014,DEU,NLD,
2016,DEU,NLD,
2017,DEU,NLD,
2018,DEU,NLD,
2019,DEU,NLD,
2021,DEU,NLD,-.0804184097773486
2022,DEU,NLD,-.0892694870072048
2025,DEU,NLD,
1957,DEU,FRA,
1958,DEU,FRA,
1959,DEU,FRA,
1960,DEU,FRA,
1961,DEU,FRA,
1962,DEU,FRA,
1963,DEU,FRA,
1964,DEU,FRA,
1965,DEU,FRA,
1966,DEU,FRA,
1967,DEU,FRA,
1968,DEU,FRA,
1969,DEU,FRA,
1970,DEU,FRA,
1971,DEU,FRA,
1972,DEU,FRA,
1973,DEU,FRA,
1975,DEU,FRA,
1976,DEU,FRA,
1977,DEU,FRA,
1978,DEU,FRA,
1979,DEU,FRA,
1980,DEU,FRA,
1981,DEU,FRA,
1983,DEU,FRA,
1984,DEU,FRA,
1985,DEU,FRA,
1986,DEU,FRA,
1987,DEU,FRA,
1988,DEU,FRA,
1989,DEU,FRA,
1990,DEU,FRA,
1991,DEU,FRA,
1992,DEU,FRA,
1993,DEU,FRA,
1994,DEU,FRA,
1995,DEU,FRA,-.1353708407254814
1997,DEU,FRA,-.1438725752158823
1998,DEU,FRA,-.1222413316802511
1999,DEU,FRA,-.1217496876532947
2000,DEU,FRA,-.1597444105860143
2001,DEU,FRA,-.1267180666491255
2002,DEU,FRA,-.1399772684742301
2003,DEU,FRA,-.1366068072024656
2004,DEU,FRA,-.1409157810475155
2005,DEU,FRA,-.1467590069041308
2006,DEU,FRA,-.1357917219996805
2007,DEU,FRA,-.1377537920356182
2008,DEU,FRA,-.1514670611726102
2009,DEU,FRA,-.1458852146827175
2010,DEU,FRA,-.1332389485720674
2011,DEU,FRA,-.1424470841848551
2012,DEU,FRA,-.1706198958134497
2013,DEU,FRA,-.1655295055405367
2014,DEU,FRA,-.1470545639440341
2015,DEU,FRA,-.1521454484933375
2016,DEU,FRA,-.1596973305913569
2017,DEU,FRA,-.1723196046234401
2018,DEU,FRA,-.1597112431164849
2019,DEU,FRA,-.1592433717909594
2021,DEU,FRA,-.1622292918673665
2022,DEU,FRA,-.1710803690972238
2023,DEU,FRA,-.1519201495571497
2024,DEU,FRA,-.1383519903886205
2025,DEU,FRA,
2026,DEU,FRA,
1957,DEU,DNK,
1958,DEU,DNK,
1959,DEU,DNK,
1960,DEU,DNK,
1961,DEU,DNK,
1962,DEU,DNK,
1963,DEU,DNK,
1964,DEU,DNK,
1965,DEU,DNK,
1966,DEU,DNK,
1978,DEU,DNK,
1979,DEU,DNK,
1980,DEU,DNK,
1981,DEU,DNK,
1982,DEU,DNK,
1983,DEU,DNK,
1984,DEU,DNK,
1985,DEU,DNK,
1986,DEU,DNK,
1987,DEU,DNK,
1988,DEU,DNK,
1989,DEU,DNK,
1990,DEU,DNK,
1991,DEU,DNK,
1992,DEU,DNK,
1993,DEU,DNK,
1995,DEU,DNK,
1997,DEU,DNK,
1999,DEU,DNK,
2000,DEU,DNK,
2001,DEU,DNK,
2002,DEU,DNK,
2005,DEU,DNK,
2006,DEU,DNK,
2008,DEU,DNK,
2009,DEU,DNK,
2010,DEU,DNK,
2011,DEU,DNK,
2012,DEU,DNK,
2013,DEU,DNK,
2014,DEU,DNK,
2017,DEU,DNK,
2018,DEU,DNK,
2019,DEU,DNK,
2025,DEU,DNK,
2026,DEU,DNK,
1957,DEU,LUX,
1958,DEU,LUX,
1960,DEU,LUX,
1961,DEU,LUX,
1962,DEU,LUX,
1963,DEU,LUX,
1964,DEU,LUX,
1965,DEU,LUX,
1966,DEU,LUX,
1967,DEU,LUX,
1968,DEU,LUX,
1969,DEU,LUX,
1970,DEU,LUX,
1971,DEU,LUX,
1972,DEU,LUX,
1973,DEU,LUX,
1974,DEU,LUX,
1975,DEU,LUX,
1976,DEU,LUX,
1977,DEU,LUX,
1978,DEU,LUX,
1979,DEU,LUX,
1980,DEU,LUX,
1981,DEU,LUX,
1982,DEU,LUX,
1983,DEU,LUX,
1984,DEU,LUX,
1985,DEU,LUX,
1986,DEU,LUX,
1987,DEU,LUX,
1988,DEU,LUX,
1989,DEU,LUX,
1990,DEU,LUX,
1991,DEU,LUX,
1992,DEU,LUX,
1993,DEU,LUX,
2024,DEU,LUX,-.084916262370661
2025,DEU,LUX,
1957,DEU,ITA,
1958,DEU,ITA,
1959,DEU,ITA,
1960,DEU,ITA,
1961,DEU,ITA,
1962,DEU,ITA,
1963,DEU,ITA,
1964,DEU,ITA,
1965,DEU,ITA,
1966,DEU,ITA,
1967,DEU,ITA,
1968,DEU,ITA,
1969,DEU,ITA,
1970,DEU,ITA,
1971,DEU,ITA,
1972,DEU,ITA,
1973,DEU,ITA,
1974,DEU,ITA,
1975,DEU,ITA,
1976,DEU,ITA,
1977,DEU,ITA,
1978,DEU,ITA,
1979,DEU,ITA,
1980,DEU,ITA,
1983,DEU,ITA,
1984,DEU,ITA,
1985,DEU,ITA,
1987,DEU,ITA,
1988,DEU,ITA,
1989,DEU,ITA,
1990,DEU,ITA,
1991,DEU,ITA,
1992,DEU,ITA,
1993,DEU,ITA,
1997,DEU,ITA,.0278596864019328
2011,DEU,ITA,.0292851774329595
2012,DEU,ITA,.0011123658043646
2013,DEU,ITA,.0062027560772775
2014,DEU,ITA,.0246776976737809
2015,DEU,ITA,.0195868131244772
2016,DEU,ITA,.0120349310264578
2017,DEU,ITA,-.000587343005625
2018,DEU,ITA,.0120210185013298
2019,DEU,ITA,.0124888898268549
2021,DEU,ITA,.009502969750448
2022,DEU,ITA,.0006518925205912
2023,DEU,ITA,.019812112060665
2024,DEU,ITA,.0333802712291942
2025,DEU,ITA,
2026,DEU,ITA,
1957,DEU,GBR,
1959,DEU,GBR,
1960,DEU,GBR,
1961,DEU,GBR,
1962,DEU,GBR,
1963,DEU,GBR,
1964,DEU,GBR,
1965,DEU,GBR,
1966,DEU,GBR,
1967,DEU,GBR,
1968,DEU,GBR,
1969,DEU,GBR,
1970,DEU,GBR,
1971,DEU,GBR,
1972,DEU,GBR,
1973,DEU,GBR,
1974,DEU,GBR,
1975,DEU,GBR,
1976,DEU,GBR,
1977,DEU,GBR,
1978,DEU,GBR,
1979,DEU,GBR,
1980,DEU,GBR,
1981,DEU,GBR,
1982,DEU,GBR,
1983,DEU,GBR,
1984,DEU,GBR,
1985,DEU,GBR,
1986,DEU,GBR,
1987,DEU,GBR,
1988,DEU,GBR,
1989,DEU,GBR,
1990,DEU,GBR,
1991,DEU,GBR,
1992,DEU,GBR,
1993,DEU,GBR,
1994,DEU,GBR,
1995,DEU,GBR,
1997,DEU,GBR,
1998,DEU,GBR,
1999,DEU,GBR,
2000,DEU,GBR,
2001,DEU,GBR,
2002,DEU,GBR,
2003,DEU,GBR,
2004,DEU,GBR,
2005,DEU,GBR,
2006,DEU,GBR,
2007,DEU,GBR,
2008,DEU,GBR,
2009,DEU,GBR,
2010,DEU,GBR,
2011,DEU,GBR,
2012,DEU,GBR,
2013,DEU,GBR,
2014,DEU,GBR,
2015,DEU,GBR,
2016,DEU,GBR,
2017,DEU,GBR,
2018,DEU,GBR,
2019,DEU,GBR,
2021,DEU,GBR,-.1873318614270401
2022,DEU,GBR,-.1961829386568958
2023,DEU,GBR,-.1770227191168225
2024,DEU,GBR,-.1634545599482938
2025,DEU,GBR,
2026,DEU,GBR,
1957,DEU,BEL,
1958,DEU,BEL,
1959,DEU,BEL,
1960,DEU,BEL,
1961,DEU,BEL,
1962,DEU,BEL,
1963,DEU,BEL,
1964,DEU,BEL,
1965,DEU,BEL,
1966,DEU,BEL,
1967,DEU,BEL,
1968,DEU,BEL,
1969,DEU,BEL,
1970,DEU,BEL,
1971,DEU,BEL,
1972,DEU,BEL,
1973,DEU,BEL,
1974,DEU,BEL,
1975,DEU,BEL,
1976,DEU,BEL,
1977,DEU,BEL,
1978,DEU,BEL,
1979,DEU,BEL,
1980,DEU,BEL,
1981,DEU,BEL,
1982,DEU,BEL,
1983,DEU,BEL,
1984,DEU,BEL,
1985,DEU,BEL,
1986,DEU,BEL,
1987,DEU,BEL,
1988,DEU,BEL,
1989,DEU,BEL,
1990,DEU,BEL,
1991,DEU,BEL,
1992,DEU,BEL,
1993,DEU,BEL,
1995,DEU,BEL,
1998,DEU,BEL,
1999,DEU,BEL,
2000,DEU,BEL,
2002,DEU,BEL,
2003,DEU,BEL,
2004,DEU,BEL,
2010,DEU,BEL,
2013,DEU,BEL,
2015,DEU,BEL,
2016,DEU,BEL,
2017,DEU,BEL,
2021,DEU,BEL,-.0827631871264539
2022,DEU,BEL,-.0916142643563103
2023,DEU,BEL,-.0724540448162366
2026,DEU,BEL,
1957,DEU,CHE,
1958,DEU,CHE,
1959,DEU,CHE,
1960,DEU,CHE,
1961,DEU,CHE,
1962,DEU,CHE,
1963,DEU,CHE,
1964,DEU,CHE,
1965,DEU,CHE,
1966,DEU,CHE,
1967,DEU,CHE,
1968,DEU,CHE,
1969,DEU,CHE,
1970,DEU,CHE,
1971,DEU,CHE,
1972,DEU,CHE,
1973,DEU,CHE,
1974,DEU,CHE,
1975,DEU,CHE,
1976,DEU,CHE,
1977,DEU,CHE,
1978,DEU,CHE,
1979,DEU,CHE,
1980,DEU,CHE,
1981,DEU,CHE,
1982,DEU,CHE,
1983,DEU,CHE,
1984,DEU,CHE,
1985,DEU,CHE,
1986,DEU,CHE,
1987,DEU,CHE,
1988,DEU,CHE,
1989,DEU,CHE,
1990,DEU,CHE,
1991,DEU,CHE,
1992,DEU,CHE,
1993,DEU,CHE,
1994,DEU,CHE,
1997,DEU,CHE,
1998,DEU,CHE,
2000,DEU,CHE,
2002,DEU,CHE,
2005,DEU,CHE,
2006,DEU,CHE,
2011,DEU,CHE,
2014,DEU,CHE,
2019,DEU,CHE,
2021,DEU,CHE,-.0829156612734074
2022,DEU,CHE,-.0917667385032639
2023,DEU,CHE,-.0726065189631908
2024,DEU,CHE,-.0590383597946622
2025,DEU,CHE,
1957,DEU,AUT,
1958,DEU,AUT,
1959,DEU,AUT,
1960,DEU,AUT,
1961,DEU,AUT,
1962,DEU,AUT,
1963,DEU,AUT,
1964,DEU,AUT,
1965,DEU,AUT,
1966,DEU,AUT,
1967,DEU,AUT,
1968,DEU,AUT,
1971,DEU,AUT,
1972,DEU,AUT,
1976,DEU,AUT,
1977,DEU,AUT,
1978,DEU,AUT,
1979,DEU,AUT,
1980,DEU,AUT,
1981,DEU,AUT,
1982,DEU,AUT,
1983,DEU,AUT,
1984,DEU,AUT,
1985,DEU,AUT,
1986,DEU,AUT,
1987,DEU,AUT,
1988,DEU,AUT,
1989,DEU,AUT,
1990,DEU,AUT,
1991,DEU,AUT,
1992,DEU,AUT,
1993,DEU,AUT,
1994,DEU,AUT,
1995,DEU,AUT,-.0565614850898553
1997,DEU,AUT,-.0650632195802562
1999,DEU,AUT,-.0429403320176688
2000,DEU,AUT,-.0809350549503884
2002,DEU,AUT,-.0611679128386041
2003,DEU,AUT,-.0577974515668394
2004,DEU,AUT,-.0621064254118895
2011,DEU,AUT,-.0636377285492282
2014,DEU,AUT,-.068245208308408
2015,DEU,AUT,-.0733360928577118
2016,DEU,AUT,-.0808879749557308
2017,DEU,AUT,-.0935102489878142
2018,DEU,AUT,-.0809018874808592
2023,DEU,AUT,-.0731107939215231
2024,DEU,AUT,-.0595426347529948
2025,DEU,AUT,
2026,DEU,AUT,
1957,ITA,NLD,
1958,ITA,NLD,
1959,ITA,NLD,
1960,ITA,NLD,
1961,ITA,NLD,
1962,ITA,NLD,
1963,ITA,NLD,
1964,ITA,NLD,
1965,ITA,NLD,
1966,ITA,NLD,
1967,ITA,NLD,
1968,ITA,NLD,
1969,ITA,NLD,
1970,ITA,NLD,
1971,ITA,NLD,
1972,ITA,NLD,
1973,ITA,NLD,
1974,ITA,NLD,
1975,ITA,NLD,
1976,ITA,NLD,
1977,ITA,NLD,
1978,ITA,NLD,
1979,ITA,NLD,
1980,ITA,NLD,
1983,ITA,NLD,
1984,ITA,NLD,
1987,ITA,NLD,
1988,ITA,NLD,
1989,ITA,NLD,
1990,ITA,NLD,
1992,ITA,NLD,
1993,ITA,NLD,
1997,ITA,NLD,-.0437312648500804
2013,ITA,NLD,-.0653881951747349
2014,ITA,NLD,-.0469132535782323
2016,ITA,NLD,-.0595560202255551
2017,ITA,NLD,-.0721782942576386
2018,ITA,NLD,-.0595699327506834
2019,ITA,NLD,-.059102061425158
2021,ITA,NLD,-.0620879815015648
2022,ITA,NLD,-.0709390587314218
2025,ITA,NLD,
1957,ITA,FRA,
1958,ITA,FRA,
1959,ITA,FRA,
1960,ITA,FRA,
1961,ITA,FRA,
1962,ITA,FRA,
1963,ITA,FRA,
1964,ITA,FRA,
1965,ITA,FRA,
1966,ITA,FRA,
1967,ITA,FRA,
1968,ITA,FRA,
1969,ITA,FRA,
1970,ITA,FRA,
1971,ITA,FRA,
1972,ITA,FRA,
1973,ITA,FRA,
1975,ITA,FRA,
1976,ITA,FRA,
1977,ITA,FRA,
1978,ITA,FRA,
1979,ITA,FRA,
1980,ITA,FRA,
1983,ITA,FRA,
1984,ITA,FRA,
1985,ITA,FRA,
1987,ITA,FRA,
1988,ITA,FRA,
1989,ITA,FRA,
1990,ITA,FRA,
1991,ITA,FRA,
1992,ITA,FRA,
1993,ITA,FRA,
1997,ITA,FRA,-.1255421469400987
2011,ITA,FRA,-.1241166559090718
2012,ITA,FRA,-.1522894675376666
2013,ITA,FRA,-.1471990772647538
2014,ITA,FRA,-.1287241356682509
2015,ITA,FRA,-.1338150202175547
2016,ITA,FRA,-.1413669023155733
2017,ITA,FRA,-.1539891763476565
2018,ITA,FRA,-.1413808148407018
2019,ITA,FRA,-.1409129435151763
2021,ITA,FRA,-.1438988635915838
2022,ITA,FRA,-.1527499408214401
2023,ITA,FRA,-.1335897212813661
2024,ITA,FRA,-.120021562112837
2025,ITA,FRA,
2026,ITA,FRA,
1957,ITA,DNK,
1958,ITA,DNK,
1959,ITA,DNK,
1960,ITA,DNK,
1961,ITA,DNK,
1962,ITA,DNK,
1963,ITA,DNK,
1964,ITA,DNK,
1965,ITA,DNK,
1966,ITA,DNK,
1978,ITA,DNK,
1979,ITA,DNK,
1980,ITA,DNK,
1983,ITA,DNK,
1984,ITA,DNK,
1985,ITA,DNK,
1987,ITA,DNK,
1988,ITA,DNK,
1989,ITA,DNK,
1990,ITA,DNK,
1991,ITA,DNK,
1992,ITA,DNK,
1993,ITA,DNK,
1997,ITA,DNK,.0136932477100347
2011,ITA,DNK,.0151187387410617
2012,ITA,DNK,-.0130540728875329
2013,ITA,DNK,-.007963682614621
2014,ITA,DNK,.0105112589818828
2017,ITA,DNK,-.0147537816975234
2018,ITA,DNK,-.002145420190568
2019,ITA,DNK,-.0016775488650428
2025,ITA,DNK,
2026,ITA,DNK,
1957,ITA,LUX,
1958,ITA,LUX,
1960,ITA,LUX,
1961,ITA,LUX,
1962,ITA,LUX,
1963,ITA,LUX,
1964,ITA,LUX,
1965,ITA,LUX,
1966,ITA,LUX,
1967,ITA,LUX,
1968,ITA,LUX,
1969,ITA,LUX,
1970,ITA,LUX,
1971,ITA,LUX,
1972,ITA,LUX,
1973,ITA,LUX,
1974,ITA,LUX,
1975,ITA,LUX,
1976,ITA,LUX,
1977,ITA,LUX,
1978,ITA,LUX,
1979,ITA,LUX,
1980,ITA,LUX,
1983,ITA,LUX,
1984,ITA,LUX,
1985,ITA,LUX,
1987,ITA,LUX,
1988,ITA,LUX,
1989,ITA,LUX,
1990,ITA,LUX,
1991,ITA,LUX,
1992,ITA,LUX,
1993,ITA,LUX,
2024,ITA,LUX,-.0665858340948784
2025,ITA,LUX,
1957,ITA,DEU,
1958,ITA,DEU,
1959,ITA,DEU,
1960,ITA,DEU,
1961,ITA,DEU,
1962,ITA,DEU,
1963,ITA,DEU,
1964,ITA,DEU,
1965,ITA,DEU,
1966,ITA,DEU,
1967,ITA,DEU,
1968,ITA,DEU,
1969,ITA,DEU,
1970,ITA,DEU,
1971,ITA,DEU,
1972,ITA,DEU,
1973,ITA,DEU,
1974,ITA,DEU,
1975,ITA,DEU,
1976,ITA,DEU,
1977,ITA,DEU,
1978,ITA,DEU,
1979,ITA,DEU,
1980,ITA,DEU,
1983,ITA,DEU,
1984,ITA,DEU,
1985,ITA,DEU,
1987,ITA,DEU,
1988,ITA,DEU,
1989,ITA,DEU,
1990,ITA,DEU,
1991,ITA,DEU,
1992,ITA,DEU,
1993,ITA,DEU,
1997,ITA,DEU,-.1943772806229203
2011,ITA,DEU,-.1929517895918932
2012,ITA,DEU,-.2211246012204878
2013,ITA,DEU,-.2160342109475753
2014,ITA,DEU,-.1975592693510717
2015,ITA,DEU,-.2026501539003763
2016,ITA,DEU,-.2102020359983951
2017,ITA,DEU,-.222824310030478
2018,ITA,DEU,-.2102159485235224
2019,ITA,DEU,-.2097480771979977
2021,ITA,DEU,-.2127339972744051
2022,ITA,DEU,-.2215850745042613
2023,ITA,DEU,-.2024248549641876
2024,ITA,DEU,-.1888566957956585
2025,ITA,DEU,
2026,ITA,DEU,
1957,ITA,GBR,
1959,ITA,GBR,
1960,ITA,GBR,
1961,ITA,GBR,
1962,ITA,GBR,
1963,ITA,GBR,
1964,ITA,GBR,
1965,ITA,GBR,
1966,ITA,GBR,
1967,ITA,GBR,
1968,ITA,GBR,
1969,ITA,GBR,
1970,ITA,GBR,
1971,ITA,GBR,
1972,ITA,GBR,
1973,ITA,GBR,
1974,ITA,GBR,
1975,ITA,GBR,
1976,ITA,GBR,
1977,ITA,GBR,
1978,ITA,GBR,
1979,ITA,GBR,
1980,ITA,GBR,
1983,ITA,GBR,
1984,ITA,GBR,
1985,ITA,GBR,
1987,ITA,GBR,
1988,ITA,GBR,
1989,ITA,GBR,
1990,ITA,GBR,
1991,ITA,GBR,
1992,ITA,GBR,
1993,ITA,GBR,
1997,ITA,GBR,-.1506447164997717
2011,ITA,GBR,-.1492192254687449
2012,ITA,GBR,-.1773920370973397
2013,ITA,GBR,-.1723016468244268
2014,ITA,GBR,-.1538267052279242
2015,ITA,GBR,-.1589175897772282
2016,ITA,GBR,-.1664694718752469
2017,ITA,GBR,-.1790917459073305
2018,ITA,GBR,-.1664833844003752
2019,ITA,GBR,-.1660155130748504
2021,ITA,GBR,-.1690014331512572
2022,ITA,GBR,-.1778525103811135
2023,ITA,GBR,-.1586922908410398
2024,ITA,GBR,-.1451241316725113
2025,ITA,GBR,
2026,ITA,GBR,
1957,ITA,BEL,
1958,ITA,BEL,
1959,ITA,BEL,
1960,ITA,BEL,
1961,ITA,BEL,
1962,ITA,BEL,
1963,ITA,BEL,
1964,ITA,BEL,
1965,ITA,BEL,
1966,ITA,BEL,
1967,ITA,BEL,
1968,ITA,BEL,
1969,ITA,BEL,
1970,ITA,BEL,
1971,ITA,BEL,
1972,ITA,BEL,
1973,ITA,BEL,
1974,ITA,BEL,
1975,ITA,BEL,
1976,ITA,BEL,
1977,ITA,BEL,
1978,ITA,BEL,
1979,ITA,BEL,
1980,ITA,BEL,
1983,ITA,BEL,
1984,ITA,BEL,
1985,ITA,BEL,
1987,ITA,BEL,
1988,ITA,BEL,
1989,ITA,BEL,
1990,ITA,BEL,
1991,ITA,BEL,
1992,ITA,BEL,
1993,ITA,BEL,
2013,ITA,BEL,-.067732972523841
2015,ITA,BEL,-.0543489154766414
2016,ITA,BEL,-.0619007975746604
2017,ITA,BEL,-.0745230716067437
2021,ITA,BEL,-.0644327588506704
2022,ITA,BEL,-.0732838360805273
2023,ITA,BEL,-.0541236165404535
2026,ITA,BEL,
1957,ITA,CHE,
1958,ITA,CHE,
1959,ITA,CHE,
1960,ITA,CHE,
1961,ITA,CHE,
1962,ITA,CHE,
1963,ITA,CHE,
1964,ITA,CHE,
1965,ITA,CHE,
1966,ITA,CHE,
1967,ITA,CHE,
1968,ITA,CHE,
1969,ITA,CHE,
1970,ITA,CHE,
1971,ITA,CHE,
1972,ITA,CHE,
1973,ITA,CHE,
1974,ITA,CHE,
1975,ITA,CHE,
1976,ITA,CHE,
1977,ITA,CHE,
1978,ITA,CHE,
1979,ITA,CHE,
1980,ITA,CHE,
1983,ITA,CHE,
1984,ITA,CHE,
1985,ITA,CHE,
1987,ITA,CHE,
1988,ITA,CHE,
1989,ITA,CHE,
1990,ITA,CHE,
1991,ITA,CHE,
1992,ITA,CHE,
1993,ITA,CHE,
1997,ITA,CHE,-.0462285163461401
2011,ITA,CHE,-.0448030253151132
2014,ITA,CHE,-.0494105050742922
2019,ITA,CHE,-.0615993129212177
2021,ITA,CHE,-.0645852329976246
2022,ITA,CHE,-.0734363102274811
2023,ITA,CHE,-.0542760906874069
2024,ITA,CHE,-.0407079315188795
2025,ITA,CHE,
1957,ITA,AUT,
1958,ITA,AUT,
1959,ITA,AUT,
1960,ITA,AUT,
1961,ITA,AUT,
1962,ITA,AUT,
1963,ITA,AUT,
1964,ITA,AUT,
1965,ITA,AUT,
1966,ITA,AUT,
1967,ITA,AUT,
1968,ITA,AUT,
1971,ITA,AUT,
1972,ITA,AUT,
1976,ITA,AUT,
1977,ITA,AUT,
1978,ITA,AUT,
1979,ITA,AUT,
1980,ITA,AUT,
1983,ITA,AUT,
1984,ITA,AUT,
1985,ITA,AUT,
1987,ITA,AUT,
1988,ITA,AUT,
1989,ITA,AUT,
1990,ITA,AUT,
1991,ITA,AUT,
1992,ITA,AUT,
1993,ITA,AUT,
1997,ITA,AUT,-.046732791304473
2011,ITA,AUT,-.0453073002734458
2014,ITA,AUT,-.0499147800326255
2015,ITA,AUT,-.0550056645819286
2016,ITA,AUT,-.0625575466799477
2017,ITA,AUT,-.0751798207120314
2018,ITA,AUT,-.0625714592050758
2023,ITA,AUT,-.0547803656457404
2024,ITA,AUT,-.0412122064772115
2025,ITA,AUT,
2026,ITA,AUT,
1957,LUX,NLD,
1958,LUX,NLD,
1960,LUX,NLD,
1961,LUX,NLD,
1962,LUX,NLD,
1963,LUX,NLD,
1964,LUX,NLD,
1965,LUX,NLD,
1966,LUX,NLD,
1967,LUX,NLD,
1968,LUX,NLD,
1969,LUX,NLD,
1970,LUX,NLD,
1971,LUX,NLD,
1972,LUX,NLD,
1973,LUX,NLD,
1974,LUX,NLD,
1975,LUX,NLD,
1976,LUX,NLD,
1977,LUX,NLD,
1978,LUX,NLD,
1979,LUX,NLD,
1980,LUX,NLD,
1981,LUX,NLD,
1982,LUX,NLD,
1983,LUX,NLD,
1984,LUX,NLD,
1986,LUX,NLD,
1987,LUX,NLD,
1988,LUX,NLD,
1989,LUX,NLD,
1990,LUX,NLD,
1992,LUX,NLD,
1993,LUX,NLD,
2025,LUX,NLD,
1957,LUX,FRA,
1958,LUX,FRA,
1960,LUX,FRA,
1961,LUX,FRA,
1962,LUX,FRA,
1963,LUX,FRA,
1964,LUX,FRA,
1965,LUX,FRA,
1966,LUX,FRA,
1967,LUX,FRA,
1968,LUX,FRA,
1969,LUX,FRA,
1970,LUX,FRA,
1971,LUX,FRA,
1972,LUX,FRA,
1973,LUX,FRA,
1975,LUX,FRA,
1976,LUX,FRA,
1977,LUX,FRA,
1978,LUX,FRA,
1979,LUX,FRA,
1980,LUX,FRA,
1981,LUX,FRA,
1983,LUX,FRA,
1984,LUX,FRA,
1985,LUX,FRA,
1986,LUX,FRA,
1987,LUX,FRA,
1988,LUX,FRA,
1989,LUX,FRA,
1990,LUX,FRA,
1991,LUX,FRA,
1992,LUX,FRA,
1993,LUX,FRA,
2024,LUX,FRA,-.0618979452728294
2025,LUX,FRA,
2026,LUX,FRA,
1957,LUX,DNK,
1958,LUX,DNK,
1960,LUX,DNK,
1961,LUX,DNK,
1962,LUX,DNK,
1963,LUX,DNK,
1964,LUX,DNK,
1965,LUX,DNK,
1966,LUX,DNK,
1978,LUX,DNK,
1979,LUX,DNK,
1980,LUX,DNK,
1981,LUX,DNK,
1982,LUX,DNK,
1983,LUX,DNK,
1984,LUX,DNK,
1985,LUX,DNK,
1986,LUX,DNK,
1987,LUX,DNK,
1988,LUX,DNK,
1989,LUX,DNK,
1990,LUX,DNK,
1991,LUX,DNK,
1992,LUX,DNK,
1993,LUX,DNK,
2025,LUX,DNK,
2026,LUX,DNK,
1957,LUX,DEU,
1958,LUX,DEU,
1960,LUX,DEU,
1961,LUX,DEU,
1962,LUX,DEU,
1963,LUX,DEU,
1964,LUX,DEU,
1965,LUX,DEU,
1966,LUX,DEU,
1967,LUX,DEU,
1968,LUX,DEU,
1969,LUX,DEU,
1970,LUX,DEU,
1971,LUX,DEU,
1972,LUX,DEU,
1973,LUX,DEU,
1974,LUX,DEU,
1975,LUX,DEU,
1976,LUX,DEU,
1977,LUX,DEU,
1978,LUX,DEU,
1979,LUX,DEU,
1980,LUX,DEU,
1981,LUX,DEU,
1982,LUX,DEU,
1983,LUX,DEU,
1984,LUX,DEU,
1985,LUX,DEU,
1986,LUX,DEU,
1987,LUX,DEU,
1988,LUX,DEU,
1989,LUX,DEU,
1990,LUX,DEU,
1991,LUX,DEU,
1992,LUX,DEU,
1993,LUX,DEU,
2024,LUX,DEU,-.1307330789556509
2025,LUX,DEU,
2026,LUX,DEU,
1957,LUX,ITA,
1958,LUX,ITA,
1960,LUX,ITA,
1961,LUX,ITA,
1962,LUX,ITA,
1963,LUX,ITA,
1964,LUX,ITA,
1965,LUX,ITA,
1966,LUX,ITA,
1967,LUX,ITA,
1968,LUX,ITA,
1969,LUX,ITA,
1970,LUX,ITA,
1971,LUX,ITA,
1972,LUX,ITA,
1973,LUX,ITA,
1974,LUX,ITA,
1975,LUX,ITA,
1976,LUX,ITA,
1977,LUX,ITA,
1978,LUX,ITA,
1979,LUX,ITA,
1980,LUX,ITA,
1983,LUX,ITA,
1984,LUX,ITA,
1985,LUX,ITA,
1987,LUX,ITA,
1988,LUX,ITA,
1989,LUX,ITA,
1990,LUX,ITA,
1991,LUX,ITA,
1992,LUX,ITA,
1993,LUX,ITA,
2024,LUX,ITA,.1098343163449847
2025,LUX,ITA,
2026,LUX,ITA,
1957,LUX,GBR,
1960,LUX,GBR,
1961,LUX,GBR,
1962,LUX,GBR,
1963,LUX,GBR,
1964,LUX,GBR,
1965,LUX,GBR,
1966,LUX,GBR,
1967,LUX,GBR,
1968,LUX,GBR,
1969,LUX,GBR,
1970,LUX,GBR,
1971,LUX,GBR,
1972,LUX,GBR,
1973,LUX,GBR,
1974,LUX,GBR,
1975,LUX,GBR,
1976,LUX,GBR,
1977,LUX,GBR,
1978,LUX,GBR,
1979,LUX,GBR,
1980,LUX,GBR,
1981,LUX,GBR,
1982,LUX,GBR,
1983,LUX,GBR,
1984,LUX,GBR,
1985,LUX,GBR,
1986,LUX,GBR,
1987,LUX,GBR,
1988,LUX,GBR,
1989,LUX,GBR,
1990,LUX,GBR,
1991,LUX,GBR,
1992,LUX,GBR,
1993,LUX,GBR,
2024,LUX,GBR,-.087000514832503
2025,LUX,GBR,
2026,LUX,GBR,
1957,LUX,BEL,
1958,LUX,BEL,
1960,LUX,BEL,
1961,LUX,BEL,
1962,LUX,BEL,
1963,LUX,BEL,
1964,LUX,BEL,
1965,LUX,BEL,
1966,LUX,BEL,
1967,LUX,BEL,
1968,LUX,BEL,
1969,LUX,BEL,
1970,LUX,BEL,
1971,LUX,BEL,
1972,LUX,BEL,
1973,LUX,BEL,
1974,LUX,BEL,
1975,LUX,BEL,
1976,LUX,BEL,
1977,LUX,BEL,
1978,LUX,BEL,
1979,LUX,BEL,
1980,LUX,BEL,
1981,LUX,BEL,
1982,LUX,BEL,
1983,LUX,BEL,
1984,LUX,BEL,
1985,LUX,BEL,
1986,LUX,BEL,
1987,LUX,BEL,
1988,LUX,BEL,
1989,LUX,BEL,
1990,LUX,BEL,
1991,LUX,BEL,
1992,LUX,BEL,
1993,LUX,BEL,
2026,LUX,BEL,
1957,LUX,CHE,
1958,LUX,CHE,
1960,LUX,CHE,
1961,LUX,CHE,
1962,LUX,CHE,
1963,LUX,CHE,
1964,LUX,CHE,
1965,LUX,CHE,
1966,LUX,CHE,
1967,LUX,CHE,
1968,LUX,CHE,
1969,LUX,CHE,
1970,LUX,CHE,
1971,LUX,CHE,
1972,LUX,CHE,
1973,LUX,CHE,
1974,LUX,CHE,
1975,LUX,CHE,
1976,LUX,CHE,
1977,LUX,CHE,
1978,LUX,CHE,
1979,LUX,CHE,
1980,LUX,CHE,
1981,LUX,CHE,
1982,LUX,CHE,
1983,LUX,CHE,
1984,LUX,CHE,
1985,LUX,CHE,
1986,LUX,CHE,
1987,LUX,CHE,
1988,LUX,CHE,
1989,LUX,CHE,
1990,LUX,CHE,
1991,LUX,CHE,
1992,LUX,CHE,
1993,LUX,CHE,
2024,LUX,CHE,.0174156853211296
2025,LUX,CHE,
1957,LUX,AUT,
1958,LUX,AUT,
1960,LUX,AUT,
1961,LUX,AUT,
1962,LUX,AUT,
1963,LUX,AUT,
1964,LUX,AUT,
1965,LUX,AUT,
1966,LUX,AUT,
1967,LUX,AUT,
1968,LUX,AUT,
1971,LUX,AUT,
1972,LUX,AUT,
1976,LUX,AUT,
1977,LUX,AUT,
1978,LUX,AUT,
1979,LUX,AUT,
1980,LUX,AUT,
1981,LUX,AUT,
1982,LUX,AUT,
1983,LUX,AUT,
1984,LUX,AUT,
1985,LUX,AUT,
1986,LUX,AUT,
1987,LUX,AUT,
1988,LUX,AUT,
1989,LUX,AUT,
1990,LUX,AUT,
1991,LUX,AUT,
1992,LUX,AUT,
1993,LUX,AUT,
2024,LUX,AUT,.0169114103627967
2025,LUX,AUT,
2026,LUX,AUT,
1957,NLD,FRA,
1958,NLD,FRA,
1959,NLD,FRA,
1960,NLD,FRA,
1961,NLD,FRA,
1962,NLD,FRA,
1963,NLD,FRA,
1964,NLD,FRA,
1965,NLD,FRA,
1966,NLD,FRA,
1967,NLD,FRA,
1968,NLD,FRA,
1969,NLD,FRA,
1970,NLD,FRA,
1971,NLD,FRA,
1972,NLD,FRA,
1973,NLD,FRA,
1975,NLD,FRA,
1976,NLD,FRA,
1977,NLD,FRA,
1978,NLD,FRA,
1979,NLD,FRA,
1980,NLD,FRA,
1981,NLD,FRA,
1983,NLD,FRA,
1984,NLD,FRA,
1986,NLD,FRA,
1987,NLD,FRA,
1988,NLD,FRA,
1989,NLD,FRA,
1990,NLD,FRA,
1992,NLD,FRA,
1993,NLD,FRA,
1994,NLD,FRA,
1996,NLD,FRA,-.1166072484368237
1997,NLD,FRA,-.1342324342343451
1998,NLD,FRA,-.1126011906987145
1999,NLD,FRA,-.112109546671758
2000,NLD,FRA,-.1501042696044769
2001,NLD,FRA,-.1170779256675887
2003,NLD,FRA,-.126966666220928
2004,NLD,FRA,-.1312756400659788
2005,NLD,FRA,-.1371188659225937
2006,NLD,FRA,-.1261515810181444
2007,NLD,FRA,-.1281136510540815
2008,NLD,FRA,-.1418269201910736
2009,NLD,FRA,-.1362450737011806
2010,NLD,FRA,-.1235988075905303
2011,NLD,FRA,-.1328069432033181
2012,NLD,FRA,-.1609797548319124
2013,NLD,FRA,-.1558893645589996
2014,NLD,FRA,-.1374144229624971
2015,NLD,FRA,-.1425053075118009
2016,NLD,FRA,-.1500571896098197
2017,NLD,FRA,-.1626794636419032
2018,NLD,FRA,-.1500711021349479
2019,NLD,FRA,-.1496032308094224
2021,NLD,FRA,-.1525891508858303
2022,NLD,FRA,-.1614402281156865
2023,NLD,FRA,-.142280008575613
2024,NLD,FRA,-.1287118494070833
2025,NLD,FRA,
1957,NLD,DNK,
1958,NLD,DNK,
1959,NLD,DNK,
1960,NLD,DNK,
1961,NLD,DNK,
1962,NLD,DNK,
1963,NLD,DNK,
1964,NLD,DNK,
1965,NLD,DNK,
1966,NLD,DNK,
1978,NLD,DNK,
1979,NLD,DNK,
1980,NLD,DNK,
1981,NLD,DNK,
1982,NLD,DNK,
1983,NLD,DNK,
1984,NLD,DNK,
1986,NLD,DNK,
1987,NLD,DNK,
1988,NLD,DNK,
1989,NLD,DNK,
1990,NLD,DNK,
1992,NLD,DNK,
1993,NLD,DNK,
1997,NLD,DNK,
1999,NLD,DNK,
2000,NLD,DNK,
2001,NLD,DNK,
2005,NLD,DNK,
2006,NLD,DNK,
2008,NLD,DNK,-.0025915255409396
2009,NLD,DNK,.0029903209489527
2010,NLD,DNK,.015636587059603
2011,NLD,DNK,.0064284514468164
2012,NLD,DNK,-.0217443601817794
2013,NLD,DNK,-.0166539699088671
2014,NLD,DNK,.0018209716876366
2017,NLD,DNK,-.0234440689917694
2018,NLD,DNK,-.0108357074848143
2019,NLD,DNK,-.010367836159289
2025,NLD,DNK,
1957,NLD,LUX,
1958,NLD,LUX,
1960,NLD,LUX,
1961,NLD,LUX,
1962,NLD,LUX,
1963,NLD,LUX,
1964,NLD,LUX,
1965,NLD,LUX,
1966,NLD,LUX,
1967,NLD,LUX,
1968,NLD,LUX,
1969,NLD,LUX,
1970,NLD,LUX,
1971,NLD,LUX,
1972,NLD,LUX,
1973,NLD,LUX,
1974,NLD,LUX,
1975,NLD,LUX,
1976,NLD,LUX,
1977,NLD,LUX,
1978,NLD,LUX,
1979,NLD,LUX,
1980,NLD,LUX,
1981,NLD,LUX,
1982,NLD,LUX,
1983,NLD,LUX,
1984,NLD,LUX,
1986,NLD,LUX,
1987,NLD,LUX,
1988,NLD,LUX,
1989,NLD,LUX,
1990,NLD,LUX,
1992,NLD,LUX,
1993,NLD,LUX,
2024,NLD,LUX,-.0752761213891243
2025,NLD,LUX,
1957,NLD,DEU,
1958,NLD,DEU,
1959,NLD,DEU,
1960,NLD,DEU,
1961,NLD,DEU,
1962,NLD,DEU,
1963,NLD,DEU,
1964,NLD,DEU,
1965,NLD,DEU,
1966,NLD,DEU,
1967,NLD,DEU,
1968,NLD,DEU,
1969,NLD,DEU,
1970,NLD,DEU,
1971,NLD,DEU,
1972,NLD,DEU,
1973,NLD,DEU,
1974,NLD,DEU,
1975,NLD,DEU,
1976,NLD,DEU,
1977,NLD,DEU,
1978,NLD,DEU,
1979,NLD,DEU,
1980,NLD,DEU,
1981,NLD,DEU,
1982,NLD,DEU,
1983,NLD,DEU,
1984,NLD,DEU,
1986,NLD,DEU,
1987,NLD,DEU,
1988,NLD,DEU,
1989,NLD,DEU,
1990,NLD,DEU,
1992,NLD,DEU,
1993,NLD,DEU,
1994,NLD,DEU,
1997,NLD,DEU,-.2030675679171663
1998,NLD,DEU,-.1814363243815365
1999,NLD,DEU,-.1809446803545786
2000,NLD,DEU,-.2189394032872974
2001,NLD,DEU,-.1859130593504097
2003,NLD,DEU,-.1958017999037494
2004,NLD,DEU,-.2001107737487997
2005,NLD,DEU,-.2059539996054149
2006,NLD,DEU,-.1949867147009657
2007,NLD,DEU,-.196948784736902
2008,NLD,DEU,-.2106620538738945
2009,NLD,DEU,-.2050802073840024
2010,NLD,DEU,-.1924339412733516
2011,NLD,DEU,-.2016420768861388
2012,NLD,DEU,-.2298148885147341
2013,NLD,DEU,-.2247244982418209
2014,NLD,DEU,-.2062495566453182
2015,NLD,DEU,-.2113404411946221
2016,NLD,DEU,-.2188923232926409
2017,NLD,DEU,-.2315145973247241
2018,NLD,DEU,-.2189062358177689
2019,NLD,DEU,-.218438364492244
2021,NLD,DEU,-.2214242845686513
2022,NLD,DEU,-.2302753617985073
2023,NLD,DEU,-.2111151422584338
2024,NLD,DEU,-.197546983089905
2025,NLD,DEU,
1957,NLD,ITA,
1958,NLD,ITA,
1959,NLD,ITA,
1960,NLD,ITA,
1961,NLD,ITA,
1962,NLD,ITA,
1963,NLD,ITA,
1964,NLD,ITA,
1965,NLD,ITA,
1966,NLD,ITA,
1967,NLD,ITA,
1968,NLD,ITA,
1969,NLD,ITA,
1970,NLD,ITA,
1971,NLD,ITA,
1972,NLD,ITA,
1973,NLD,ITA,
1974,NLD,ITA,
1975,NLD,ITA,
1976,NLD,ITA,
1977,NLD,ITA,
1978,NLD,ITA,
1979,NLD,ITA,
1980,NLD,ITA,
1983,NLD,ITA,
1984,NLD,ITA,
1987,NLD,ITA,
1988,NLD,ITA,
1989,NLD,ITA,
1990,NLD,ITA,
1992,NLD,ITA,
1993,NLD,ITA,
1997,NLD,ITA,.03749982738347
2011,NLD,ITA,.038925318414497
2012,NLD,ITA,.0107525067859025
2013,NLD,ITA,.0158428970588154
2014,NLD,ITA,.0343178386553179
2015,NLD,ITA,.0292269541060136
2016,NLD,ITA,.0216750720079948
2017,NLD,ITA,.0090527979759119
2018,NLD,ITA,.021661159482867
2019,NLD,ITA,.0221290308083923
2021,NLD,ITA,.0191431107319846
2022,NLD,ITA,.010292033502128
2023,NLD,ITA,.0294522530422024
2024,NLD,ITA,.0430204122107305
2025,NLD,ITA,
1957,NLD,GBR,
1959,NLD,GBR,
1960,NLD,GBR,
1961,NLD,GBR,
1962,NLD,GBR,
1963,NLD,GBR,
1964,NLD,GBR,
1965,NLD,GBR,
1966,NLD,GBR,
1967,NLD,GBR,
1968,NLD,GBR,
1969,NLD,GBR,
1970,NLD,GBR,
1971,NLD,GBR,
1972,NLD,GBR,
1973,NLD,GBR,
1974,NLD,GBR,
1975,NLD,GBR,
1976,NLD,GBR,
1977,NLD,GBR,
1978,NLD,GBR,
1979,NLD,GBR,
1980,NLD,GBR,
1981,NLD,GBR,
1982,NLD,GBR,
1983,NLD,GBR,
1984,NLD,GBR,
1986,NLD,GBR,
1987,NLD,GBR,
1988,NLD,GBR,
1989,NLD,GBR,
1990,NLD,GBR,
1992,NLD,GBR,
1993,NLD,GBR,
1994,NLD,GBR,
1996,NLD,GBR,-.1417098179964973
1997,NLD,GBR,-.1593350037940186
1998,NLD,GBR,-.1377037602583873
1999,NLD,GBR,-.1372121162314309
2000,NLD,GBR,-.1752068391641505
2001,NLD,GBR,-.1421804952272618
2003,NLD,GBR,-.1520692357806012
2004,NLD,GBR,-.1563782096256517
2005,NLD,GBR,-.162221435482267
2006,NLD,GBR,-.151254150577817
2007,NLD,GBR,-.1532162206137548
2008,NLD,GBR,-.1669294897507468
2009,NLD,GBR,-.1613476432608544
2010,NLD,GBR,-.1487013771502042
2011,NLD,GBR,-.1579095127629915
2012,NLD,GBR,-.1860823243915856
2013,NLD,GBR,-.1809919341186734
2014,NLD,GBR,-.1625169925221703
2015,NLD,GBR,-.1676078770714745
2016,NLD,GBR,-.175159759169493
2017,NLD,GBR,-.1877820332015761
2018,NLD,GBR,-.1751736716946211
2019,NLD,GBR,-.1747058003690958
2021,NLD,GBR,-.1776917204455033
2022,NLD,GBR,-.1865427976753595
2023,NLD,GBR,-.1673825781352858
2024,NLD,GBR,-.1538144189667573
2025,NLD,GBR,
1957,NLD,BEL,
1958,NLD,BEL,
1959,NLD,BEL,
1960,NLD,BEL,
1961,NLD,BEL,
1962,NLD,BEL,
1963,NLD,BEL,
1964,NLD,BEL,
1965,NLD,BEL,
1966,NLD,BEL,
1967,NLD,BEL,
1968,NLD,BEL,
1969,NLD,BEL,
1970,NLD,BEL,
1971,NLD,BEL,
1972,NLD,BEL,
1973,NLD,BEL,
1974,NLD,BEL,
1975,NLD,BEL,
1976,NLD,BEL,
1977,NLD,BEL,
1978,NLD,BEL,
1979,NLD,BEL,
1980,NLD,BEL,
1981,NLD,BEL,
1982,NLD,BEL,
1983,NLD,BEL,
1984,NLD,BEL,
1986,NLD,BEL,
1987,NLD,BEL,
1988,NLD,BEL,
1989,NLD,BEL,
1990,NLD,BEL,
1992,NLD,BEL,
1993,NLD,BEL,
1996,NLD,BEL,-.0371411436959111
1998,NLD,BEL,-.0331350859578016
1999,NLD,BEL,-.0326434419308442
2000,NLD,BEL,-.070638164863564
2003,NLD,BEL,-.0475005614800142
2004,NLD,BEL,-.0518095353250658
2010,NLD,BEL,-.0441327028496173
2013,NLD,BEL,-.0764232598180865
2015,NLD,BEL,-.0630392027708874
2016,NLD,BEL,-.0705910848689066
2017,NLD,BEL,-.0832133589009891
2021,NLD,BEL,-.0731230461449167
2022,NLD,BEL,-.0819741233747736
2023,NLD,BEL,-.0628139038346988
1957,NLD,CHE,
1958,NLD,CHE,
1959,NLD,CHE,
1960,NLD,CHE,
1961,NLD,CHE,
1962,NLD,CHE,
1963,NLD,CHE,
1964,NLD,CHE,
1965,NLD,CHE,
1966,NLD,CHE,
1967,NLD,CHE,
1968,NLD,CHE,
1969,NLD,CHE,
1970,NLD,CHE,
1971,NLD,CHE,
1972,NLD,CHE,
1973,NLD,CHE,
1974,NLD,CHE,
1975,NLD,CHE,
1976,NLD,CHE,
1977,NLD,CHE,
1978,NLD,CHE,
1979,NLD,CHE,
1980,NLD,CHE,
1981,NLD,CHE,
1982,NLD,CHE,
1983,NLD,CHE,
1984,NLD,CHE,
1986,NLD,CHE,
1987,NLD,CHE,
1988,NLD,CHE,
1989,NLD,CHE,
1990,NLD,CHE,
1992,NLD,CHE,
1993,NLD,CHE,
1994,NLD,CHE,
1996,NLD,CHE,
1997,NLD,CHE,
1998,NLD,CHE,
2000,NLD,CHE,
2005,NLD,CHE,
2006,NLD,CHE,
2011,NLD,CHE,-.0534933126093591
2014,NLD,CHE,-.0581007923685385
2019,NLD,CHE,-.070289600215463
2021,NLD,CHE,-.0732755202918706
2022,NLD,CHE,-.0821265975217271
2023,NLD,CHE,-.0629663779816531
2024,NLD,CHE,-.0493982188131252
2025,NLD,CHE,
1957,NLD,AUT,
1958,NLD,AUT,
1959,NLD,AUT,
1960,NLD,AUT,
1961,NLD,AUT,
1962,NLD,AUT,
1963,NLD,AUT,
1964,NLD,AUT,
1965,NLD,AUT,
1966,NLD,AUT,
1967,NLD,AUT,
1968,NLD,AUT,
1971,NLD,AUT,
1972,NLD,AUT,
1976,NLD,AUT,
1977,NLD,AUT,
1978,NLD,AUT,
1979,NLD,AUT,
1980,NLD,AUT,
1981,NLD,AUT,
1982,NLD,AUT,
1983,NLD,AUT,
1984,NLD,AUT,
1986,NLD,AUT,
1987,NLD,AUT,
1988,NLD,AUT,
1989,NLD,AUT,
1990,NLD,AUT,
1992,NLD,AUT,
1993,NLD,AUT,
1994,NLD,AUT,
1996,NLD,AUT,
1997,NLD,AUT,
1999,NLD,AUT,
2000,NLD,AUT,
2003,NLD,AUT,
2004,NLD,AUT,
2011,NLD,AUT,-.0539975875676914
2014,NLD,AUT,-.0586050673268715
2015,NLD,AUT,-.0636959518761748
2016,NLD,AUT,-.0712478339741939
2017,NLD,AUT,-.0838701080062771
2018,NLD,AUT,-.0712617464993213
2023,NLD,AUT,-.0634706529399866
2024,NLD,AUT,-.0499024937714581
2025,NLD,AUT,
1957,CHE,NLD,
1958,CHE,NLD,
1959,CHE,NLD,
1960,CHE,NLD,
1961,CHE,NLD,
1962,CHE,NLD,
1963,CHE,NLD,
1964,CHE,NLD,
1965,CHE,NLD,
1966,CHE,NLD,
1967,CHE,NLD,
1968,CHE,NLD,
1969,CHE,NLD,
1970,CHE,NLD,
1971,CHE,NLD,
1972,CHE,NLD,
1973,CHE,NLD,
1974,CHE,NLD,
1975,CHE,NLD,
1976,CHE,NLD,
1977,CHE,NLD,
1978,CHE,NLD,
1979,CHE,NLD,
1980,CHE,NLD,
1981,CHE,NLD,
1982,CHE,NLD,
1983,CHE,NLD,
1984,CHE,NLD,
1986,CHE,NLD,
1987,CHE,NLD,
1988,CHE,NLD,
1989,CHE,NLD,
1990,CHE,NLD,
1992,CHE,NLD,
1993,CHE,NLD,
1994,CHE,NLD,
1996,CHE,NLD,-.0306595771202969
1997,CHE,NLD,-.0482847629178184
1998,CHE,NLD,-.0266535193821873
2000,CHE,NLD,-.0641565982879496
2004,CHE,NLD,-.0453279687494519
2013,CHE,NLD,-.0699416932424731
2014,CHE,NLD,-.0514667516459701
2016,CHE,NLD,-.064109518293293
2017,CHE,NLD,-.0767317923253765
2018,CHE,NLD,-.0641234308184215
2019,CHE,NLD,-.0636555594928958
2021,CHE,NLD,-.066641479569303
2022,CHE,NLD,-.0754925567991596
2025,CHE,NLD,
1957,CHE,FRA,
1958,CHE,FRA,
1959,CHE,FRA,
1960,CHE,FRA,
1961,CHE,FRA,
1962,CHE,FRA,
1963,CHE,FRA,
1964,CHE,FRA,
1965,CHE,FRA,
1966,CHE,FRA,
1967,CHE,FRA,
1968,CHE,FRA,
1969,CHE,FRA,
1970,CHE,FRA,
1971,CHE,FRA,
1972,CHE,FRA,
1973,CHE,FRA,
1975,CHE,FRA,
1976,CHE,FRA,
1977,CHE,FRA,
1978,CHE,FRA,
1979,CHE,FRA,
1980,CHE,FRA,
1981,CHE,FRA,
1983,CHE,FRA,
1984,CHE,FRA,
1985,CHE,FRA,
1986,CHE,FRA,
1987,CHE,FRA,
1988,CHE,FRA,
1989,CHE,FRA,
1990,CHE,FRA,
1991,CHE,FRA,
1992,CHE,FRA,
1993,CHE,FRA,
1994,CHE,FRA,
1996,CHE,FRA,-.1124704592103157
1997,CHE,FRA,-.1300956450078364
1998,CHE,FRA,-.1084644014722061
2000,CHE,FRA,-.1459674803779689
2002,CHE,FRA,-.1262003382661844
2004,CHE,FRA,-.1271388508394704
2005,CHE,FRA,-.1329820766960855
2006,CHE,FRA,-.1220147917916357
2007,CHE,FRA,-.1239768618275732
2008,CHE,FRA,-.1376901309645649
2009,CHE,FRA,-.1321082844746727
2010,CHE,FRA,-.1194620183640221
2011,CHE,FRA,-.1286701539768101
2012,CHE,FRA,-.1568429656054041
2013,CHE,FRA,-.1517525753324916
2014,CHE,FRA,-.1332776337359887
2015,CHE,FRA,-.1383685182852926
2016,CHE,FRA,-.1459204003833113
2017,CHE,FRA,-.1585426744153947
2018,CHE,FRA,-.1459343129084396
2019,CHE,FRA,-.1454664415829141
2021,CHE,FRA,-.148452361659321
2022,CHE,FRA,-.1573034388891782
2023,CHE,FRA,-.1381432193491042
2024,CHE,FRA,-.1245750601805752
2025,CHE,FRA,
2026,CHE,FRA,
1957,CHE,DNK,
1958,CHE,DNK,
1959,CHE,DNK,
1960,CHE,DNK,
1961,CHE,DNK,
1962,CHE,DNK,
1963,CHE,DNK,
1964,CHE,DNK,
1965,CHE,DNK,
1966,CHE,DNK,
1978,CHE,DNK,
1979,CHE,DNK,
1980,CHE,DNK,
1981,CHE,DNK,
1982,CHE,DNK,
1983,CHE,DNK,
1984,CHE,DNK,
1985,CHE,DNK,
1986,CHE,DNK,
1987,CHE,DNK,
1988,CHE,DNK,
1989,CHE,DNK,
1990,CHE,DNK,
1991,CHE,DNK,
1992,CHE,DNK,
1993,CHE,DNK,
1997,CHE,DNK,
2000,CHE,DNK,
2002,CHE,DNK,
2005,CHE,DNK,
2006,CHE,DNK,
2008,CHE,DNK,
2009,CHE,DNK,
2010,CHE,DNK,
2011,CHE,DNK,.0105652406733239
2012,CHE,DNK,-.0176075709552707
2013,CHE,DNK,-.0125171806823581
2014,CHE,DNK,.0059577609141451
2017,CHE,DNK,-.0193072797652611
2018,CHE,DNK,-.0066989182583064
2019,CHE,DNK,-.0062310469327811
2025,CHE,DNK,
2026,CHE,DNK,
1957,CHE,LUX,
1958,CHE,LUX,
1960,CHE,LUX,
1961,CHE,LUX,
1962,CHE,LUX,
1963,CHE,LUX,
1964,CHE,LUX,
1965,CHE,LUX,
1966,CHE,LUX,
1967,CHE,LUX,
1968,CHE,LUX,
1969,CHE,LUX,
1970,CHE,LUX,
1971,CHE,LUX,
1972,CHE,LUX,
1973,CHE,LUX,
1974,CHE,LUX,
1975,CHE,LUX,
1976,CHE,LUX,
1977,CHE,LUX,
1978,CHE,LUX,
1979,CHE,LUX,
1980,CHE,LUX,
1981,CHE,LUX,
1982,CHE,LUX,
1983,CHE,LUX,
1984,CHE,LUX,
1985,CHE,LUX,
1986,CHE,LUX,
1987,CHE,LUX,
1988,CHE,LUX,
1989,CHE,LUX,
1990,CHE,LUX,
1991,CHE,LUX,
1992,CHE,LUX,
1993,CHE,LUX,
2024,CHE,LUX,-.0711393321626162
2025,CHE,LUX,
1957,CHE,DEU,
1958,CHE,DEU,
1959,CHE,DEU,
1960,CHE,DEU,
1961,CHE,DEU,
1962,CHE,DEU,
1963,CHE,DEU,
1964,CHE,DEU,
1965,CHE,DEU,
1966,CHE,DEU,
1967,CHE,DEU,
1968,CHE,DEU,
1969,CHE,DEU,
1970,CHE,DEU,
1971,CHE,DEU,
1972,CHE,DEU,
1973,CHE,DEU,
1974,CHE,DEU,
1975,CHE,DEU,
1976,CHE,DEU,
1977,CHE,DEU,
1978,CHE,DEU,
1979,CHE,DEU,
1980,CHE,DEU,
1981,CHE,DEU,
1982,CHE,DEU,
1983,CHE,DEU,
1984,CHE,DEU,
1985,CHE,DEU,
1986,CHE,DEU,
1987,CHE,DEU,
1988,CHE,DEU,
1989,CHE,DEU,
1990,CHE,DEU,
1991,CHE,DEU,
1992,CHE,DEU,
1993,CHE,DEU,
1994,CHE,DEU,
1997,CHE,DEU,-.1989307786906575
1998,CHE,DEU,-.1772995351550272
2000,CHE,DEU,-.21480261406079
2002,CHE,DEU,-.1950354719490057
2004,CHE,DEU,-.1959739845222909
2005,CHE,DEU,-.2018172103789064
2006,CHE,DEU,-.1908499254744564
2007,CHE,DEU,-.1928119955103939
2008,CHE,DEU,-.206525264647386
2009,CHE,DEU,-.2009434181574937
2010,CHE,DEU,-.1882971520468431
2011,CHE,DEU,-.1975052876596303
2012,CHE,DEU,-.2256780992882254
2013,CHE,DEU,-.2205877090153128
2014,CHE,DEU,-.2021127674188093
2015,CHE,DEU,-.2072036519681134
2016,CHE,DEU,-.2147555340661322
2017,CHE,DEU,-.2273778080982157
2018,CHE,DEU,-.2147694465912604
2019,CHE,DEU,-.2143015752657351
2021,CHE,DEU,-.2172874953421426
2022,CHE,DEU,-.2261385725719992
2023,CHE,DEU,-.2069783530319252
2024,CHE,DEU,-.1934101938633963
2025,CHE,DEU,
2026,CHE,DEU,
1957,CHE,ITA,
1958,CHE,ITA,
1959,CHE,ITA,
1960,CHE,ITA,
1961,CHE,ITA,
1962,CHE,ITA,
1963,CHE,ITA,
1964,CHE,ITA,
1965,CHE,ITA,
1966,CHE,ITA,
1967,CHE,ITA,
1968,CHE,ITA,
1969,CHE,ITA,
1970,CHE,ITA,
1971,CHE,ITA,
1972,CHE,ITA,
1973,CHE,ITA,
1974,CHE,ITA,
1975,CHE,ITA,
1976,CHE,ITA,
1977,CHE,ITA,
1978,CHE,ITA,
1979,CHE,ITA,
1980,CHE,ITA,
1983,CHE,ITA,
1984,CHE,ITA,
1985,CHE,ITA,
1987,CHE,ITA,
1988,CHE,ITA,
1989,CHE,ITA,
1990,CHE,ITA,
1991,CHE,ITA,
1992,CHE,ITA,
1993,CHE,ITA,
1997,CHE,ITA,.0416366166099785
2011,CHE,ITA,.0430621076410048
2012,CHE,ITA,.01488929601241
2013,CHE,ITA,.0199796862853234
2014,CHE,ITA,.038454627881826
2015,CHE,ITA,.0333637433325227
2016,CHE,ITA,.025811861234503
2017,CHE,ITA,.013189587202421
2018,CHE,ITA,.0257979487093746
2019,CHE,ITA,.0262658200349004
2021,CHE,ITA,.0232798999584937
2022,CHE,ITA,.014428822728637
2023,CHE,ITA,.033589042268711
2024,CHE,ITA,.0471572014372393
2025,CHE,ITA,
2026,CHE,ITA,
1957,CHE,GBR,
1959,CHE,GBR,
1960,CHE,GBR,
1961,CHE,GBR,
1962,CHE,GBR,
1963,CHE,GBR,
1964,CHE,GBR,
1965,CHE,GBR,
1966,CHE,GBR,
1967,CHE,GBR,
1968,CHE,GBR,
1969,CHE,GBR,
1970,CHE,GBR,
1971,CHE,GBR,
1972,CHE,GBR,
1973,CHE,GBR,
1974,CHE,GBR,
1975,CHE,GBR,
1976,CHE,GBR,
1977,CHE,GBR,
1978,CHE,GBR,
1979,CHE,GBR,
1980,CHE,GBR,
1981,CHE,GBR,
1982,CHE,GBR,
1983,CHE,GBR,
1984,CHE,GBR,
1985,CHE,GBR,
1986,CHE,GBR,
1987,CHE,GBR,
1988,CHE,GBR,
1989,CHE,GBR,
1990,CHE,GBR,
1991,CHE,GBR,
1992,CHE,GBR,
1993,CHE,GBR,
1994,CHE,GBR,
1996,CHE,GBR,-.1375730287699886
1997,CHE,GBR,-.15519821456751
1998,CHE,GBR,-.1335669710318793
2000,CHE,GBR,-.1710700499376415
2002,CHE,GBR,-.1513029078258582
2004,CHE,GBR,-.1522414203991438
2005,CHE,GBR,-.1580846462557585
2006,CHE,GBR,-.1471173613513091
2007,CHE,GBR,-.1490794313872462
2008,CHE,GBR,-.1627927005242382
2009,CHE,GBR,-.157210854034346
2010,CHE,GBR,-.1445645879236953
2011,CHE,GBR,-.153772723536483
2012,CHE,GBR,-.1819455351650772
2013,CHE,GBR,-.1768551448921647
2014,CHE,GBR,-.1583802032956619
2015,CHE,GBR,-.1634710878449656
2016,CHE,GBR,-.1710229699429847
2017,CHE,GBR,-.1836452439750677
2018,CHE,GBR,-.1710368824681129
2019,CHE,GBR,-.1705690111425872
2021,CHE,GBR,-.1735549312189953
2022,CHE,GBR,-.1824060084488511
2023,CHE,GBR,-.1632457889087773
2024,CHE,GBR,-.1496776297402486
2025,CHE,GBR,
2026,CHE,GBR,
1957,CHE,BEL,
1958,CHE,BEL,
1959,CHE,BEL,
1960,CHE,BEL,
1961,CHE,BEL,
1962,CHE,BEL,
1963,CHE,BEL,
1964,CHE,BEL,
1965,CHE,BEL,
1966,CHE,BEL,
1967,CHE,BEL,
1968,CHE,BEL,
1969,CHE,BEL,
1970,CHE,BEL,
1971,CHE,BEL,
1972,CHE,BEL,
1973,CHE,BEL,
1974,CHE,BEL,
1975,CHE,BEL,
1976,CHE,BEL,
1977,CHE,BEL,
1978,CHE,BEL,
1979,CHE,BEL,
1980,CHE,BEL,
1981,CHE,BEL,
1982,CHE,BEL,
1983,CHE,BEL,
1984,CHE,BEL,
1985,CHE,BEL,
1986,CHE,BEL,
1987,CHE,BEL,
1988,CHE,BEL,
1989,CHE,BEL,
1990,CHE,BEL,
1991,CHE,BEL,
1992,CHE,BEL,
1993,CHE,BEL,
1996,CHE,BEL,-.0330043544694025
1998,CHE,BEL,-.0289982967312927
2000,CHE,BEL,-.0665013756370558
2002,CHE,BEL,-.0467342335252716
2004,CHE,BEL,-.047672746098557
2010,CHE,BEL,-.0399959136231095
2013,CHE,BEL,-.0722864705915786
2015,CHE,BEL,-.0589024135443793
2016,CHE,BEL,-.0664542956423987
2017,CHE,BEL,-.0790765696744813
2021,CHE,BEL,-.0689862569184085
2022,CHE,BEL,-.077837334148265
2023,CHE,BEL,-.0586771146081911
2026,CHE,BEL,
1957,CHE,AUT,
1958,CHE,AUT,
1959,CHE,AUT,
1960,CHE,AUT,
1961,CHE,AUT,
1962,CHE,AUT,
1963,CHE,AUT,
1964,CHE,AUT,
1965,CHE,AUT,
1966,CHE,AUT,
1967,CHE,AUT,
1968,CHE,AUT,
1971,CHE,AUT,
1972,CHE,AUT,
1976,CHE,AUT,
1977,CHE,AUT,
1978,CHE,AUT,
1979,CHE,AUT,
1980,CHE,AUT,
1981,CHE,AUT,
1982,CHE,AUT,
1983,CHE,AUT,
1984,CHE,AUT,
1985,CHE,AUT,
1986,CHE,AUT,
1987,CHE,AUT,
1988,CHE,AUT,
1989,CHE,AUT,
1990,CHE,AUT,
1991,CHE,AUT,
1992,CHE,AUT,
1993,CHE,AUT,
1994,CHE,AUT,
1996,CHE,AUT,-.0336611035746897
1997,CHE,AUT,-.0512862893722109
2000,CHE,AUT,-.0671581247423426
2002,CHE,AUT,-.047390982630558
2004,CHE,AUT,-.0483294952038444
2011,CHE,AUT,-.0498607983411836
2014,CHE,AUT,-.0544682781003625
2015,CHE,AUT,-.0595591626496665
2016,CHE,AUT,-.0671110447476856
2017,CHE,AUT,-.0797333187797684
2018,CHE,AUT,-.0671249572728136
2023,CHE,AUT,-.0593338637134784
2024,CHE,AUT,-.0457657045449492
2025,CHE,AUT,
2026,CHE,AUT,
1957,GBR,NLD,
1959,GBR,NLD,
1960,GBR,NLD,
1961,GBR,NLD,
1962,GBR,NLD,
1963,GBR,NLD,
1964,GBR,NLD,
1965,GBR,NLD,
1966,GBR,NLD,
1967,GBR,NLD,
1968,GBR,NLD,
1969,GBR,NLD,
1970,GBR,NLD,
1971,GBR,NLD,
1972,GBR,NLD,
1973,GBR,NLD,
1974,GBR,NLD,
1975,GBR,NLD,
1976,GBR,NLD,
1977,GBR,NLD,
1978,GBR,NLD,
1979,GBR,NLD,
1980,GBR,NLD,
1981,GBR,NLD,
1982,GBR,NLD,
1983,GBR,NLD,
1984,GBR,NLD,
1986,GBR,NLD,
1987,GBR,NLD,
1988,GBR,NLD,
1989,GBR,NLD,
1990,GBR,NLD,
1992,GBR,NLD,
1993,GBR,NLD,
1994,GBR,NLD,
1996,GBR,NLD,
1997,GBR,NLD,
1998,GBR,NLD,
1999,GBR,NLD,
2000,GBR,NLD,
2001,GBR,NLD,
2003,GBR,NLD,
2004,GBR,NLD,
2013,GBR,NLD,
2014,GBR,NLD,
2016,GBR,NLD,
2017,GBR,NLD,
2018,GBR,NLD,
2019,GBR,NLD,
2021,GBR,NLD,
2022,GBR,NLD,
2025,GBR,NLD,
1957,GBR,FRA,
1959,GBR,FRA,
1960,GBR,FRA,
1961,GBR,FRA,
1962,GBR,FRA,
1963,GBR,FRA,
1964,GBR,FRA,
1965,GBR,FRA,
1966,GBR,FRA,
1967,GBR,FRA,
1968,GBR,FRA,
1969,GBR,FRA,
1970,GBR,FRA,
1971,GBR,FRA,
1972,GBR,FRA,
1973,GBR,FRA,
1975,GBR,FRA,
1976,GBR,FRA,
1977,GBR,FRA,
1978,GBR,FRA,
1979,GBR,FRA,
1980,GBR,FRA,
1981,GBR,FRA,
1983,GBR,FRA,
1984,GBR,FRA,
1985,GBR,FRA,
1986,GBR,FRA,
1987,GBR,FRA,
1988,GBR,FRA,
1989,GBR,FRA,
1990,GBR,FRA,
1991,GBR,FRA,
1992,GBR,FRA,
1993,GBR,FRA,
1994,GBR,FRA,
1995,GBR,FRA,-.0946607005143156
1996,GBR,FRA,-.0855372492071952
1997,GBR,FRA,-.1031624350047166
1998,GBR,FRA,-.081531191469086
1999,GBR,FRA,-.0810395474421295
2000,GBR,FRA,-.1190342703748482
2001,GBR,FRA,-.0860079264379595
2002,GBR,FRA,-.0992671282630637
2003,GBR,FRA,-.0958966669912995
2004,GBR,FRA,-.1002056408363501
2005,GBR,FRA,-.1060488666929651
2006,GBR,FRA,-.0950815817885157
2007,GBR,FRA,-.0970436518244527
2008,GBR,FRA,-.1107569209614443
2009,GBR,FRA,-.105175074471552
2010,GBR,FRA,-.0925288083609012
2011,GBR,FRA,-.1017369439736892
2012,GBR,FRA,-.1299097556022839
2013,GBR,FRA,-.1248193653293714
2014,GBR,FRA,-.1063444237328687
2015,GBR,FRA,-.1114353082821722
2016,GBR,FRA,-.1189871903801911
2017,GBR,FRA,-.1316094644122743
2018,GBR,FRA,-.1190011029053196
2019,GBR,FRA,-.1185332315797938
2021,GBR,FRA,-.1215191516562016
2022,GBR,FRA,-.1303702288860585
2023,GBR,FRA,-.1112100093459843
2024,GBR,FRA,-.0976418501774554
2025,GBR,FRA,
2026,GBR,FRA,
1957,GBR,DNK,
1959,GBR,DNK,
1960,GBR,DNK,
1961,GBR,DNK,
1962,GBR,DNK,
1963,GBR,DNK,
1964,GBR,DNK,
1965,GBR,DNK,
1966,GBR,DNK,
1978,GBR,DNK,
1979,GBR,DNK,
1980,GBR,DNK,
1981,GBR,DNK,
1982,GBR,DNK,
1983,GBR,DNK,
1984,GBR,DNK,
1985,GBR,DNK,
1986,GBR,DNK,
1987,GBR,DNK,
1988,GBR,DNK,
1989,GBR,DNK,
1990,GBR,DNK,
1991,GBR,DNK,
1992,GBR,DNK,
1993,GBR,DNK,
1995,GBR,DNK,
1997,GBR,DNK,
1999,GBR,DNK,
2000,GBR,DNK,
2001,GBR,DNK,
2002,GBR,DNK,
2005,GBR,DNK,
2006,GBR,DNK,
2008,GBR,DNK,
2009,GBR,DNK,
2010,GBR,DNK,
2011,GBR,DNK,
2012,GBR,DNK,
2013,GBR,DNK,
2014,GBR,DNK,
2017,GBR,DNK,
2018,GBR,DNK,
2019,GBR,DNK,
2025,GBR,DNK,
2026,GBR,DNK,
1957,GBR,LUX,
1960,GBR,LUX,
1961,GBR,LUX,
1962,GBR,LUX,
1963,GBR,LUX,
1964,GBR,LUX,
1965,GBR,LUX,
1966,GBR,LUX,
1967,GBR,LUX,
1968,GBR,LUX,
1969,GBR,LUX,
1970,GBR,LUX,
1971,GBR,LUX,
1972,GBR,LUX,
1973,GBR,LUX,
1974,GBR,LUX,
1975,GBR,LUX,
1976,GBR,LUX,
1977,GBR,LUX,
1978,GBR,LUX,
1979,GBR,LUX,
1980,GBR,LUX,
1981,GBR,LUX,
1982,GBR,LUX,
1983,GBR,LUX,
1984,GBR,LUX,
1985,GBR,LUX,
1986,GBR,LUX,
1987,GBR,LUX,
1988,GBR,LUX,
1989,GBR,LUX,
1990,GBR,LUX,
1991,GBR,LUX,
1992,GBR,LUX,
1993,GBR,LUX,
2024,GBR,LUX,
2025,GBR,LUX,
1957,GBR,DEU,
1959,GBR,DEU,
1960,GBR,DEU,
1961,GBR,DEU,
1962,GBR,DEU,
1963,GBR,DEU,
1964,GBR,DEU,
1965,GBR,DEU,
1966,GBR,DEU,
1967,GBR,DEU,
1968,GBR,DEU,
1969,GBR,DEU,
1970,GBR,DEU,
1971,GBR,DEU,
1972,GBR,DEU,
1973,GBR,DEU,
1974,GBR,DEU,
1975,GBR,DEU,
1976,GBR,DEU,
1977,GBR,DEU,
1978,GBR,DEU,
1979,GBR,DEU,
1980,GBR,DEU,
1981,GBR,DEU,
1982,GBR,DEU,
1983,GBR,DEU,
1984,GBR,DEU,
1985,GBR,DEU,
1986,GBR,DEU,
1987,GBR,DEU,
1988,GBR,DEU,
1989,GBR,DEU,
1990,GBR,DEU,
1991,GBR,DEU,
1992,GBR,DEU,
1993,GBR,DEU,
1994,GBR,DEU,
1995,GBR,DEU,-.1634958341971365
1997,GBR,DEU,-.1719975686875373
1998,GBR,DEU,-.1503663251519063
1999,GBR,DEU,-.1498746811249502
2000,GBR,DEU,-.1878694040576693
2001,GBR,DEU,-.1548430601207812
2002,GBR,DEU,-.1681022619458858
2003,GBR,DEU,-.1647318006741207
2004,GBR,DEU,-.169040774519171
2005,GBR,DEU,-.1748840003757859
2006,GBR,DEU,-.1639167154713367
2007,GBR,DEU,-.165878785507274
2008,GBR,DEU,-.1795920546442656
2009,GBR,DEU,-.1740102081543736
2010,GBR,DEU,-.1613639420437228
2011,GBR,DEU,-.1705720776565106
2012,GBR,DEU,-.198744889285105
2013,GBR,DEU,-.1936544990121925
2014,GBR,DEU,-.1751795574156895
2015,GBR,DEU,-.1802704419649936
2016,GBR,DEU,-.1878223240630125
2017,GBR,DEU,-.2004445980950958
2018,GBR,DEU,-.1878362365881406
2019,GBR,DEU,-.187368365262615
2021,GBR,DEU,-.1903542853390224
2022,GBR,DEU,-.1992053625688788
2023,GBR,DEU,-.1800451430288049
2024,GBR,DEU,-.166476983860276
2025,GBR,DEU,
2026,GBR,DEU,
1957,GBR,ITA,
1959,GBR,ITA,
1960,GBR,ITA,
1961,GBR,ITA,
1962,GBR,ITA,
1963,GBR,ITA,
1964,GBR,ITA,
1965,GBR,ITA,
1966,GBR,ITA,
1967,GBR,ITA,
1968,GBR,ITA,
1969,GBR,ITA,
1970,GBR,ITA,
1971,GBR,ITA,
1972,GBR,ITA,
1973,GBR,ITA,
1974,GBR,ITA,
1975,GBR,ITA,
1976,GBR,ITA,
1977,GBR,ITA,
1978,GBR,ITA,
1979,GBR,ITA,
1980,GBR,ITA,
1983,GBR,ITA,
1984,GBR,ITA,
1985,GBR,ITA,
1987,GBR,ITA,
1988,GBR,ITA,
1989,GBR,ITA,
1990,GBR,ITA,
1991,GBR,ITA,
1992,GBR,ITA,
1993,GBR,ITA,
1997,GBR,ITA,.0685698266130988
2011,GBR,ITA,.0699953176441255
2012,GBR,ITA,.0418225060155315
2013,GBR,ITA,.046912896288443
2014,GBR,ITA,.0653878378849461
2015,GBR,ITA,.0602969533356429
2016,GBR,ITA,.0527450712376241
2017,GBR,ITA,.0401227972055404
2018,GBR,ITA,.0527311587124957
2019,GBR,ITA,.0531990300380201
2021,GBR,ITA,.0502131099616137
2022,GBR,ITA,.0413620327317569
2023,GBR,ITA,.0605222522718307
2024,GBR,ITA,.0740904114403599
2025,GBR,ITA,
2026,GBR,ITA,
1957,GBR,BEL,
1959,GBR,BEL,
1960,GBR,BEL,
1961,GBR,BEL,
1962,GBR,BEL,
1963,GBR,BEL,
1964,GBR,BEL,
1965,GBR,BEL,
1966,GBR,BEL,
1967,GBR,BEL,
1968,GBR,BEL,
1969,GBR,BEL,
1970,GBR,BEL,
1971,GBR,BEL,
1972,GBR,BEL,
1973,GBR,BEL,
1974,GBR,BEL,
1975,GBR,BEL,
1976,GBR,BEL,
1977,GBR,BEL,
1978,GBR,BEL,
1979,GBR,BEL,
1980,GBR,BEL,
1981,GBR,BEL,
1982,GBR,BEL,
1983,GBR,BEL,
1984,GBR,BEL,
1985,GBR,BEL,
1986,GBR,BEL,
1987,GBR,BEL,
1988,GBR,BEL,
1989,GBR,BEL,
1990,GBR,BEL,
1991,GBR,BEL,
1992,GBR,BEL,
1993,GBR,BEL,
1995,GBR,BEL,
1996,GBR,BEL,
1998,GBR,BEL,
1999,GBR,BEL,
2000,GBR,BEL,
2002,GBR,BEL,
2003,GBR,BEL,
2004,GBR,BEL,
2010,GBR,BEL,
2013,GBR,BEL,
2015,GBR,BEL,
2016,GBR,BEL,
2017,GBR,BEL,
2021,GBR,BEL,
2022,GBR,BEL,
2023,GBR,BEL,
2026,GBR,BEL,
1957,GBR,CHE,
1959,GBR,CHE,
1960,GBR,CHE,
1961,GBR,CHE,
1962,GBR,CHE,
1963,GBR,CHE,
1964,GBR,CHE,
1965,GBR,CHE,
1966,GBR,CHE,
1967,GBR,CHE,
1968,GBR,CHE,
1969,GBR,CHE,
1970,GBR,CHE,
1971,GBR,CHE,
1972,GBR,CHE,
1973,GBR,CHE,
1974,GBR,CHE,
1975,GBR,CHE,
1976,GBR,CHE,
1977,GBR,CHE,
1978,GBR,CHE,
1979,GBR,CHE,
1980,GBR,CHE,
1981,GBR,CHE,
1982,GBR,CHE,
1983,GBR,CHE,
1984,GBR,CHE,
1985,GBR,CHE,
1986,GBR,CHE,
1987,GBR,CHE,
1988,GBR,CHE,
1989,GBR,CHE,
1990,GBR,CHE,
1991,GBR,CHE,
1992,GBR,CHE,
1993,GBR,CHE,
1994,GBR,CHE,
1996,GBR,CHE,
1997,GBR,CHE,
1998,GBR,CHE,
2000,GBR,CHE,
2002,GBR,CHE,
2005,GBR,CHE,
2006,GBR,CHE,
2011,GBR,CHE,
2014,GBR,CHE,
2019,GBR,CHE,
2021,GBR,CHE,
2022,GBR,CHE,
2023,GBR,CHE,
2024,GBR,CHE,
2025,GBR,CHE,
1957,GBR,AUT,
1959,GBR,AUT,
1960,GBR,AUT,
1961,GBR,AUT,
1962,GBR,AUT,
1963,GBR,AUT,
1964,GBR,AUT,
1965,GBR,AUT,
1966,GBR,AUT,
1967,GBR,AUT,
1968,GBR,AUT,
1971,GBR,AUT,
1972,GBR,AUT,
1976,GBR,AUT,
1977,GBR,AUT,
1978,GBR,AUT,
1979,GBR,AUT,
1980,GBR,AUT,
1981,GBR,AUT,
1982,GBR,AUT,
1983,GBR,AUT,
1984,GBR,AUT,
1985,GBR,AUT,
1986,GBR,AUT,
1987,GBR,AUT,
1988,GBR,AUT,
1989,GBR,AUT,
1990,GBR,AUT,
1991,GBR,AUT,
1992,GBR,AUT,
1993,GBR,AUT,
1994,GBR,AUT,
1995,GBR,AUT,
1996,GBR,AUT,
1997,GBR,AUT,
1999,GBR,AUT,
2000,GBR,AUT,
2002,GBR,AUT,
2003,GBR,AUT,
2004,GBR,AUT,
2011,GBR,AUT,
2014,GBR,AUT,
2015,GBR,AUT,
2016,GBR,AUT,
2017,GBR,AUT,
2018,GBR,AUT,
2023,GBR,AUT,
2024,GBR,AUT,
2025,GBR,AUT,
2026,GBR,AUT,
1958,AUT,SWE,
1959,AUT,SWE,
1960,AUT,SWE,
1961,AUT,SWE,
1962,AUT,SWE,
1963,AUT,SWE,
1965,AUT,SWE,
1966,AUT,SWE,
1967,AUT,SWE,
1968,AUT,SWE,
1971,AUT,SWE,
1972,AUT,SWE,
1977,AUT,SWE,
1978,AUT,SWE,
1979,AUT,SWE,
1980,AUT,SWE,
1981,AUT,SWE,
1982,AUT,SWE,
1983,AUT,SWE,
1984,AUT,SWE,
1985,AUT,SWE,
1986,AUT,SWE,
1987,AUT,SWE,
1988,AUT,SWE,
1989,AUT,SWE,
1990,AUT,SWE,
1991,AUT,SWE,
1992,AUT,SWE,
1993,AUT,SWE,
1994,AUT,SWE,
1995,AUT,SWE,
1996,AUT,SWE,
1997,AUT,SWE,
1999,AUT,SWE,
2000,AUT,SWE,
2002,AUT,SWE,
2003,AUT,SWE,
2004,AUT,SWE,
2005,AUT,SWE,
2007,AUT,SWE,
2011,AUT,SWE,.0974801333647326
2012,AUT,SWE,.0693073217361377
2013,AUT,SWE,.074397712009051
2014,AUT,SWE,.0928726536055536
2015,AUT,SWE,.08778176905625
2016,AUT,SWE,.0802298869582301
2017,AUT,SWE,.0676076129261473
2018,AUT,SWE,.0802159744331029
2019,AUT,SWE,.080683845758628
2021,AUT,SWE,.0776979256822202
2022,AUT,SWE,.068846848452364
2023,AUT,SWE,.088007067992438
2024,AUT,SWE,.1015752271609675
2025,AUT,SWE,
2026,AUT,SWE,
1958,BEL,SWE,
1959,BEL,SWE,
1960,BEL,SWE,
1961,BEL,SWE,
1962,BEL,SWE,
1963,BEL,SWE,
1965,BEL,SWE,
1966,BEL,SWE,
1967,BEL,SWE,
1968,BEL,SWE,
1969,BEL,SWE,
1971,BEL,SWE,
1972,BEL,SWE,
1973,BEL,SWE,
1974,BEL,SWE,
1975,BEL,SWE,
1977,BEL,SWE,
1978,BEL,SWE,
1979,BEL,SWE,
1980,BEL,SWE,
1981,BEL,SWE,
1982,BEL,SWE,
1983,BEL,SWE,
1984,BEL,SWE,
1985,BEL,SWE,
1986,BEL,SWE,
1987,BEL,SWE,
1988,BEL,SWE,
1989,BEL,SWE,
1990,BEL,SWE,
1991,BEL,SWE,
1992,BEL,SWE,
1993,BEL,SWE,
1995,BEL,SWE,.0925276481374616
1996,BEL,SWE,.1016510994445827
1998,BEL,SWE,.1056571571826915
1999,BEL,SWE,.1061488012096482
2000,BEL,SWE,.0681540782769291
2002,BEL,SWE,.0879212203887121
2003,BEL,SWE,.0912916816604774
2004,BEL,SWE,.0869827078154278
2005,BEL,SWE,.0811394819588119
2006,BEL,SWE,.0921067668632622
2007,BEL,SWE,.0901446968273242
2008,BEL,SWE,.0764314276903325
2009,BEL,SWE,.0820132741802245
2011,BEL,SWE,.0854514046780882
2012,BEL,SWE,.0572785930494933
2013,BEL,SWE,.0623689833224061
2014,BEL,SWE,.0808439249189097
2015,BEL,SWE,.0757530403696055
2016,BEL,SWE,.0682011582715862
2017,BEL,SWE,.055578884239503
2018,BEL,SWE,.0681872457464587
2019,BEL,SWE,.0686551170719835
2021,BEL,SWE,.065669196995576
2022,BEL,SWE,.0568181197657189
2023,BEL,SWE,.0759783393057938
2024,BEL,SWE,.0895464984743221
2025,BEL,SWE,
2026,BEL,SWE,
1958,DNK,SWE,
1959,DNK,SWE,
1960,DNK,SWE,
1961,DNK,SWE,
1962,DNK,SWE,
1963,DNK,SWE,
1965,DNK,SWE,
1966,DNK,SWE,
1978,DNK,SWE,
1979,DNK,SWE,
1980,DNK,SWE,
1981,DNK,SWE,
1982,DNK,SWE,
1983,DNK,SWE,
1984,DNK,SWE,
1985,DNK,SWE,
1986,DNK,SWE,
1987,DNK,SWE,
1988,DNK,SWE,
1989,DNK,SWE,
1990,DNK,SWE,
1991,DNK,SWE,
1992,DNK,SWE,
1993,DNK,SWE,
1995,DNK,SWE,.1116469119622627
1997,DNK,SWE,.1031451774718621
1999,DNK,SWE,.1252680650344502
2000,DNK,SWE,.0872733421017303
2001,DNK,SWE,.120299686038619
2002,DNK,SWE,.1070404842135152
2004,DNK,SWE,.1061019716402289
2005,DNK,SWE,.1002587457836132
2006,DNK,SWE,.111226030688064
2007,DNK,SWE,.1092639606521253
2008,DNK,SWE,.0955506915151337
2009,DNK,SWE,.1011325380050264
2011,DNK,SWE,.1045706685028897
2012,DNK,SWE,.076397856874295
2013,DNK,SWE,.0814882471472069
2014,DNK,SWE,.0999631887437107
2015,DNK,SWE,.0948723041944067
2016,DNK,SWE,.0873204220963866
2017,DNK,SWE,.0746981480643044
2018,DNK,SWE,.0873065095712592
2019,DNK,SWE,.0877743808967846
2021,DNK,SWE,.0847884608203769
2022,DNK,SWE,.0759373835905204
2023,DNK,SWE,.0950976031305953
2024,DNK,SWE,.1086657622991238
2025,DNK,SWE,
2026,DNK,SWE,
1958,FRA,SWE,
1959,FRA,SWE,
1960,FRA,SWE,
1961,FRA,SWE,
1962,FRA,SWE,
1963,FRA,SWE,
1965,FRA,SWE,
1966,FRA,SWE,
1967,FRA,SWE,
1968,FRA,SWE,
1969,FRA,SWE,
1971,FRA,SWE,
1972,FRA,SWE,
1973,FRA,SWE,
1975,FRA,SWE,
1977,FRA,SWE,
1978,FRA,SWE,
1979,FRA,SWE,
1980,FRA,SWE,
1981,FRA,SWE,
1983,FRA,SWE,
1984,FRA,SWE,
1985,FRA,SWE,
1986,FRA,SWE,
1987,FRA,SWE,
1988,FRA,SWE,
1989,FRA,SWE,
1990,FRA,SWE,
1991,FRA,SWE,
1992,FRA,SWE,
1993,FRA,SWE,
1994,FRA,SWE,
1995,FRA,SWE,
1996,FRA,SWE,
1997,FRA,SWE,
1998,FRA,SWE,
1999,FRA,SWE,
2000,FRA,SWE,
2001,FRA,SWE,
2002,FRA,SWE,
2003,FRA,SWE,
2004,FRA,SWE,
2005,FRA,SWE,
2006,FRA,SWE,
2007,FRA,SWE,
2008,FRA,SWE,
2009,FRA,SWE,
2011,FRA,SWE,
2012,FRA,SWE,
2013,FRA,SWE,.1038754914989693
2014,FRA,SWE,.1223504330954728
2015,FRA,SWE,.1172595485461694
2016,FRA,SWE,.1097076664481494
2017,FRA,SWE,.0970853924160665
2018,FRA,SWE,.1096937539230217
2019,FRA,SWE,.1101616252485472
2021,FRA,SWE,.1071757051721397
2022,FRA,SWE,.0983246279422841
2023,FRA,SWE,.1174848474823569
2024,FRA,SWE,.1310530066508863
2025,FRA,SWE,
2026,FRA,SWE,
1958,DEU,SWE,
1959,DEU,SWE,
1960,DEU,SWE,
1961,DEU,SWE,
1962,DEU,SWE,
1963,DEU,SWE,
1965,DEU,SWE,
1966,DEU,SWE,
1967,DEU,SWE,
1968,DEU,SWE,
1969,DEU,SWE,
1971,DEU,SWE,
1972,DEU,SWE,
1973,DEU,SWE,
1974,DEU,SWE,
1975,DEU,SWE,
1977,DEU,SWE,
1978,DEU,SWE,
1979,DEU,SWE,
1980,DEU,SWE,
1981,DEU,SWE,
1982,DEU,SWE,
1983,DEU,SWE,
1984,DEU,SWE,
1985,DEU,SWE,
1986,DEU,SWE,
1987,DEU,SWE,
1988,DEU,SWE,
1989,DEU,SWE,
1990,DEU,SWE,
1991,DEU,SWE,
1992,DEU,SWE,
1993,DEU,SWE,
1994,DEU,SWE,
1995,DEU,SWE,
1997,DEU,SWE,
1998,DEU,SWE,
1999,DEU,SWE,
2000,DEU,SWE,
2001,DEU,SWE,
2002,DEU,SWE,
2003,DEU,SWE,
2004,DEU,SWE,
2005,DEU,SWE,
2006,DEU,SWE,
2007,DEU,SWE,
2008,DEU,SWE,
2009,DEU,SWE,
2011,DEU,SWE,
2012,DEU,SWE,
2013,DEU,SWE,
2014,DEU,SWE,
2015,DEU,SWE,
2016,DEU,SWE,
2017,DEU,SWE,
2018,DEU,SWE,
2019,DEU,SWE,
2021,DEU,SWE,.0532991994638966
2022,DEU,SWE,.0444481222340401
2023,DEU,SWE,.063608341774114
2024,DEU,SWE,.0771765009426421
2025,DEU,SWE,
2026,DEU,SWE,
1958,ITA,SWE,
1959,ITA,SWE,
1960,ITA,SWE,
1961,ITA,SWE,
1962,ITA,SWE,
1963,ITA,SWE,
1965,ITA,SWE,
1966,ITA,SWE,
1967,ITA,SWE,
1968,ITA,SWE,
1969,ITA,SWE,
1971,ITA,SWE,
1972,ITA,SWE,
1973,ITA,SWE,
1974,ITA,SWE,
1975,ITA,SWE,
1977,ITA,SWE,
1978,ITA,SWE,
1979,ITA,SWE,
1980,ITA,SWE,
1983,ITA,SWE,
1984,ITA,SWE,
1985,ITA,SWE,
1987,ITA,SWE,
1988,ITA,SWE,
1989,ITA,SWE,
1990,ITA,SWE,
1991,ITA,SWE,
1992,ITA,SWE,
1993,ITA,SWE,
1997,ITA,SWE,.0899863443911645
2011,ITA,SWE,.0914118354221919
2012,ITA,SWE,.0632390237935965
2013,ITA,SWE,.0683294140665094
2014,ITA,SWE,.0868043556630125
2015,ITA,SWE,.0817134711137087
2016,ITA,SWE,.0741615890156896
2017,ITA,SWE,.0615393149836063
2018,ITA,SWE,.0741476764905618
2019,ITA,SWE,.0746155478160871
2021,ITA,SWE,.0716296277396792
2022,ITA,SWE,.0627785505098236
2023,ITA,SWE,.0819387700498966
2024,ITA,SWE,.0955069292184255
2025,ITA,SWE,
2026,ITA,SWE,
1958,LUX,SWE,
1960,LUX,SWE,
1961,LUX,SWE,
1962,LUX,SWE,
1963,LUX,SWE,
1965,LUX,SWE,
1966,LUX,SWE,
1967,LUX,SWE,
1968,LUX,SWE,
1969,LUX,SWE,
1971,LUX,SWE,
1972,LUX,SWE,
1973,LUX,SWE,
1974,LUX,SWE,
1975,LUX,SWE,
1977,LUX,SWE,
1978,LUX,SWE,
1979,LUX,SWE,
1980,LUX,SWE,
1981,LUX,SWE,
1982,LUX,SWE,
1983,LUX,SWE,
1984,LUX,SWE,
1985,LUX,SWE,
1986,LUX,SWE,
1987,LUX,SWE,
1988,LUX,SWE,
1989,LUX,SWE,
1990,LUX,SWE,
1991,LUX,SWE,
1992,LUX,SWE,
1993,LUX,SWE,
2024,LUX,SWE,.1536305460584331
2025,LUX,SWE,
2026,LUX,SWE,
1958,NLD,SWE,
1959,NLD,SWE,
1960,NLD,SWE,
1961,NLD,SWE,
1962,NLD,SWE,
1963,NLD,SWE,
1965,NLD,SWE,
1966,NLD,SWE,
1967,NLD,SWE,
1968,NLD,SWE,
1969,NLD,SWE,
1971,NLD,SWE,
1972,NLD,SWE,
1973,NLD,SWE,
1974,NLD,SWE,
1975,NLD,SWE,
1977,NLD,SWE,
1978,NLD,SWE,
1979,NLD,SWE,
1980,NLD,SWE,
1981,NLD,SWE,
1982,NLD,SWE,
1983,NLD,SWE,
1984,NLD,SWE,
1986,NLD,SWE,
1987,NLD,SWE,
1988,NLD,SWE,
1989,NLD,SWE,
1990,NLD,SWE,
1992,NLD,SWE,
1993,NLD,SWE,
1994,NLD,SWE,
1996,NLD,SWE,
1997,NLD,SWE,
1998,NLD,SWE,
1999,NLD,SWE,
2000,NLD,SWE,
2001,NLD,SWE,
2003,NLD,SWE,
2004,NLD,SWE,
2005,NLD,SWE,
2006,NLD,SWE,
2007,NLD,SWE,
2008,NLD,SWE,.0737015711401907
2009,NLD,SWE,.0792834176300832
2011,NLD,SWE,.0827215481279457
2012,NLD,SWE,.0545487364993502
2013,NLD,SWE,.0596391267722633
2014,NLD,SWE,.0781140683687671
2015,NLD,SWE,.0730231838194622
2016,NLD,SWE,.0654713017214437
2017,NLD,SWE,.0528490276893598
2018,NLD,SWE,.0654573891963153
2019,NLD,SWE,.0659252605218406
2021,NLD,SWE,.0629393404454336
2022,NLD,SWE,.0540882632155769
2023,NLD,SWE,.0732484827556509
2024,NLD,SWE,.0868166419241798
2025,NLD,SWE,
1958,SWE,FRA,
1959,SWE,FRA,
1960,SWE,FRA,
1961,SWE,FRA,
1962,SWE,FRA,
1963,SWE,FRA,
1965,SWE,FRA,
1966,SWE,FRA,
1967,SWE,FRA,
1968,SWE,FRA,
1969,SWE,FRA,
1971,SWE,FRA,
1972,SWE,FRA,
1973,SWE,FRA,
1975,SWE,FRA,
1977,SWE,FRA,
1978,SWE,FRA,
1979,SWE,FRA,
1980,SWE,FRA,
1981,SWE,FRA,
1983,SWE,FRA,
1984,SWE,FRA,
1985,SWE,FRA,
1986,SWE,FRA,
1987,SWE,FRA,
1988,SWE,FRA,
1989,SWE,FRA,
1990,SWE,FRA,
1991,SWE,FRA,
1992,SWE,FRA,
1993,SWE,FRA,
1994,SWE,FRA,
1995,SWE,FRA,-.107157058210653
1996,SWE,FRA,-.0980336069035324
1997,SWE,FRA,-.1156587927010539
1998,SWE,FRA,-.0940275491654229
1999,SWE,FRA,-.0935359051384663
2000,SWE,FRA,-.131530628071186
2001,SWE,FRA,-.098504284134297
2002,SWE,FRA,-.1117634859594016
2003,SWE,FRA,-.1083930246876373
2004,SWE,FRA,-.1127019985326871
2005,SWE,FRA,-.1185452243893025
2006,SWE,FRA,-.1075779394848522
2007,SWE,FRA,-.1095400095207902
2008,SWE,FRA,-.1232532786577823
2009,SWE,FRA,-.1176714321678896
2010,SWE,FRA,-.1050251660572391
2011,SWE,FRA,-.1142333016700267
2012,SWE,FRA,-.142406113298621
2013,SWE,FRA,-.1373157230257086
2014,SWE,FRA,-.1188407814292053
2015,SWE,FRA,-.1239316659785099
2016,SWE,FRA,-.1314835480765286
2017,SWE,FRA,-.1441058221086116
2018,SWE,FRA,-.1314974606016563
2019,SWE,FRA,-.1310295892761308
2021,SWE,FRA,-.1340155093525384
2022,SWE,FRA,-.1428665865823952
2023,SWE,FRA,-.1237063670423207
2024,SWE,FRA,-.1101382078737926
2025,SWE,FRA,
2026,SWE,FRA,
1958,SWE,CHE,
1959,SWE,CHE,
1960,SWE,CHE,
1961,SWE,CHE,
1962,SWE,CHE,
1963,SWE,CHE,
1965,SWE,CHE,
1966,SWE,CHE,
1967,SWE,CHE,
1968,SWE,CHE,
1969,SWE,CHE,
1971,SWE,CHE,
1972,SWE,CHE,
1973,SWE,CHE,
1974,SWE,CHE,
1975,SWE,CHE,
1977,SWE,CHE,
1978,SWE,CHE,
1979,SWE,CHE,
1980,SWE,CHE,
1981,SWE,CHE,
1982,SWE,CHE,
1983,SWE,CHE,
1984,SWE,CHE,
1985,SWE,CHE,
1986,SWE,CHE,
1987,SWE,CHE,
1988,SWE,CHE,
1989,SWE,CHE,
1990,SWE,CHE,
1991,SWE,CHE,
1992,SWE,CHE,
1993,SWE,CHE,
1994,SWE,CHE,
1996,SWE,CHE,
1997,SWE,CHE,
1998,SWE,CHE,
2000,SWE,CHE,
2002,SWE,CHE,
2005,SWE,CHE,
2006,SWE,CHE,
2011,SWE,CHE,-.0349196710760677
2014,SWE,CHE,-.0395271508352464
2019,SWE,CHE,-.0517159586821725
2021,SWE,CHE,-.0547018787585795
2022,SWE,CHE,-.0635529559884361
2023,SWE,CHE,-.0443927364483619
2024,SWE,CHE,-.0308245772798319
2025,SWE,CHE,
1958,SWE,ITA,
1959,SWE,ITA,
1960,SWE,ITA,
1961,SWE,ITA,
1962,SWE,ITA,
1963,SWE,ITA,
1965,SWE,ITA,
1966,SWE,ITA,
1967,SWE,ITA,
1968,SWE,ITA,
1969,SWE,ITA,
1971,SWE,ITA,
1972,SWE,ITA,
1973,SWE,ITA,
1974,SWE,ITA,
1975,SWE,ITA,
1977,SWE,ITA,
1978,SWE,ITA,
1979,SWE,ITA,
1980,SWE,ITA,
1983,SWE,ITA,
1984,SWE,ITA,
1985,SWE,ITA,
1987,SWE,ITA,
1988,SWE,ITA,
1989,SWE,ITA,
1990,SWE,ITA,
1991,SWE,ITA,
1992,SWE,ITA,
1993,SWE,ITA,
1997,SWE,ITA,.0560734689167607
2011,SWE,ITA,.0574989599477886
2012,SWE,ITA,.0293261483191933
2013,SWE,ITA,.0344165385921061
2014,SWE,ITA,.0528914801886097
2015,SWE,ITA,.0478005956393058
2016,SWE,ITA,.0402487135412863
2017,SWE,ITA,.0276264395092029
2018,SWE,ITA,.0402348010161588
2019,SWE,ITA,.0407026723416838
2021,SWE,ITA,.0377167522652765
2022,SWE,ITA,.02886567503542
2023,SWE,ITA,.0480258945754942
2024,SWE,ITA,.0615940537440228
2025,SWE,ITA,
2026,SWE,ITA,
1958,SWE,BEL,
1959,SWE,BEL,
1960,SWE,BEL,
1961,SWE,BEL,
1962,SWE,BEL,
1963,SWE,BEL,
1965,SWE,BEL,
1966,SWE,BEL,
1967,SWE,BEL,
1968,SWE,BEL,
1969,SWE,BEL,
1971,SWE,BEL,
1972,SWE,BEL,
1973,SWE,BEL,
1974,SWE,BEL,
1975,SWE,BEL,
1977,SWE,BEL,
1978,SWE,BEL,
1979,SWE,BEL,
1980,SWE,BEL,
1981,SWE,BEL,
1982,SWE,BEL,
1983,SWE,BEL,
1984,SWE,BEL,
1985,SWE,BEL,
1986,SWE,BEL,
1987,SWE,BEL,
1988,SWE,BEL,
1989,SWE,BEL,
1990,SWE,BEL,
1991,SWE,BEL,
1992,SWE,BEL,
1993,SWE,BEL,
1995,SWE,BEL,
1996,SWE,BEL,
1998,SWE,BEL,
1999,SWE,BEL,
2000,SWE,BEL,
2002,SWE,BEL,
2003,SWE,BEL,
2004,SWE,BEL,
2010,SWE,BEL,-.0255590613163258
2013,SWE,BEL,-.0578496182847955
2015,SWE,BEL,-.0444655612375951
2016,SWE,BEL,-.0520174433356153
2017,SWE,BEL,-.0646397173676984
2021,SWE,BEL,-.0545494046116256
2022,SWE,BEL,-.0634004818414821
2023,SWE,BEL,-.0442402623014082
2026,SWE,BEL,
1958,SWE,AUT,
1959,SWE,AUT,
1960,SWE,AUT,
1961,SWE,AUT,
1962,SWE,AUT,
1963,SWE,AUT,
1965,SWE,AUT,
1966,SWE,AUT,
1967,SWE,AUT,
1968,SWE,AUT,
1971,SWE,AUT,
1972,SWE,AUT,
1977,SWE,AUT,
1978,SWE,AUT,
1979,SWE,AUT,
1980,SWE,AUT,
1981,SWE,AUT,
1982,SWE,AUT,
1983,SWE,AUT,
1984,SWE,AUT,
1985,SWE,AUT,
1986,SWE,AUT,
1987,SWE,AUT,
1988,SWE,AUT,
1989,SWE,AUT,
1990,SWE,AUT,
1991,SWE,AUT,
1992,SWE,AUT,
1993,SWE,AUT,
1994,SWE,AUT,
1995,SWE,AUT,
1996,SWE,AUT,
1997,SWE,AUT,
1999,SWE,AUT,
2000,SWE,AUT,
2002,SWE,AUT,
2003,SWE,AUT,
2004,SWE,AUT,
2011,SWE,AUT,-.0354239460344012
2014,SWE,AUT,-.0400314257935787
2015,SWE,AUT,-.0451223103428837
2016,SWE,AUT,-.052674192440902
2017,SWE,AUT,-.0652964664729853
2018,SWE,AUT,-.0526881049660301
2023,SWE,AUT,-.0448970114066951
2024,SWE,AUT,-.0313288522381666
2025,SWE,AUT,
2026,SWE,AUT,
1958,SWE,DEU,
1959,SWE,DEU,
1960,SWE,DEU,
1961,SWE,DEU,
1962,SWE,DEU,
1963,SWE,DEU,
1965,SWE,DEU,
1966,SWE,DEU,
1967,SWE,DEU,
1968,SWE,DEU,
1969,SWE,DEU,
1971,SWE,DEU,
1972,SWE,DEU,
1973,SWE,DEU,
1974,SWE,DEU,
1975,SWE,DEU,
1977,SWE,DEU,
1978,SWE,DEU,
1979,SWE,DEU,
1980,SWE,DEU,
1981,SWE,DEU,
1982,SWE,DEU,
1983,SWE,DEU,
1984,SWE,DEU,
1985,SWE,DEU,
1986,SWE,DEU,
1987,SWE,DEU,
1988,SWE,DEU,
1989,SWE,DEU,
1990,SWE,DEU,
1991,SWE,DEU,
1992,SWE,DEU,
1993,SWE,DEU,
1994,SWE,DEU,
1995,SWE,DEU,-.1759921918934739
1997,SWE,DEU,-.1844939263838744
1998,SWE,DEU,-.1628626828482443
1999,SWE,DEU,-.1623710388212873
2000,SWE,DEU,-.2003657617540064
2001,SWE,DEU,-.1673394178171178
2002,SWE,DEU,-.1805986196422233
2003,SWE,DEU,-.1772281583704562
2004,SWE,DEU,-.1815371322155082
2005,SWE,DEU,-.1873803580721232
2006,SWE,DEU,-.1764130731676735
2007,SWE,DEU,-.1783751432036109
2008,SWE,DEU,-.1920884123406029
2009,SWE,DEU,-.1865065658507105
2010,SWE,DEU,-.1738602997400591
2011,SWE,DEU,-.183068435352848
2012,SWE,DEU,-.2112412469814419
2013,SWE,DEU,-.2061508567085295
2014,SWE,DEU,-.1876759151120264
2015,SWE,DEU,-.1927667996613308
2016,SWE,DEU,-.2003186817593491
2017,SWE,DEU,-.2129409557914327
2018,SWE,DEU,-.2003325942844779
2019,SWE,DEU,-.1998647229589523
2021,SWE,DEU,-.2028506430353596
2022,SWE,DEU,-.2117017202652157
2023,SWE,DEU,-.1925415007251419
2024,SWE,DEU,-.1789733415566133
2025,SWE,DEU,
2026,SWE,DEU,
1958,SWE,DNK,
1959,SWE,DNK,
1960,SWE,DNK,
1961,SWE,DNK,
1962,SWE,DNK,
1963,SWE,DNK,
1965,SWE,DNK,
1966,SWE,DNK,
1978,SWE,DNK,
1979,SWE,DNK,
1980,SWE,DNK,
1981,SWE,DNK,
1982,SWE,DNK,
1983,SWE,DNK,
1984,SWE,DNK,
1985,SWE,DNK,
1986,SWE,DNK,
1987,SWE,DNK,
1988,SWE,DNK,
1989,SWE,DNK,
1990,SWE,DNK,
1991,SWE,DNK,
1992,SWE,DNK,
1993,SWE,DNK,
1995,SWE,DNK,.0320783364394806
1997,SWE,DNK,.0235766019490801
1999,SWE,DNK,.0456994895116675
2000,SWE,DNK,.0077047665789489
2001,SWE,DNK,.0407311105158368
2002,SWE,DNK,.0274719086907318
2005,SWE,DNK,.0206901702608311
2006,SWE,DNK,.0316574551652811
2008,SWE,DNK,.0159821159923517
2009,SWE,DNK,.0215639624822436
2010,SWE,DNK,.0342102285928947
2011,SWE,DNK,.0250020929801076
2012,SWE,DNK,-.0031707186484878
2013,SWE,DNK,.0019196716244247
2014,SWE,DNK,.0203946132209281
2017,SWE,DNK,-.0048704274584779
2018,SWE,DNK,.007737934048477
2019,SWE,DNK,.0082058053740017
2025,SWE,DNK,
2026,SWE,DNK,
1958,SWE,NLD,
1959,SWE,NLD,
1960,SWE,NLD,
1961,SWE,NLD,
1962,SWE,NLD,
1963,SWE,NLD,
1965,SWE,NLD,
1966,SWE,NLD,
1967,SWE,NLD,
1968,SWE,NLD,
1969,SWE,NLD,
1971,SWE,NLD,
1972,SWE,NLD,
1973,SWE,NLD,
1974,SWE,NLD,
1975,SWE,NLD,
1977,SWE,NLD,
1978,SWE,NLD,
1979,SWE,NLD,
1980,SWE,NLD,
1981,SWE,NLD,
1982,SWE,NLD,
1983,SWE,NLD,
1984,SWE,NLD,
1986,SWE,NLD,
1987,SWE,NLD,
1988,SWE,NLD,
1989,SWE,NLD,
1990,SWE,NLD,
1992,SWE,NLD,
1993,SWE,NLD,
1994,SWE,NLD,
1996,SWE,NLD,-.0162227248135144
1997,SWE,NLD,-.0338479106110355
1998,SWE,NLD,-.0122166670754039
1999,SWE,NLD,-.0117250230484477
2000,SWE,NLD,-.0497197459811673
2001,SWE,NLD,-.0166934020442787
2003,SWE,NLD,-.0265821425976182
2004,SWE,NLD,-.0308911164426687
2013,SWE,NLD,-.0555048409356901
2014,SWE,NLD,-.0370298993391868
2016,SWE,NLD,-.04967266598651
2017,SWE,NLD,-.0622949400185929
2018,SWE,NLD,-.049686578511638
2019,SWE,NLD,-.0492187071861127
2021,SWE,NLD,-.0522046272625197
2022,SWE,NLD,-.0610557044923766
2025,SWE,NLD,
1958,SWE,LUX,
1960,SWE,LUX,
1961,SWE,LUX,
1962,SWE,LUX,
1963,SWE,LUX,
1965,SWE,LUX,
1966,SWE,LUX,
1967,SWE,LUX,
1968,SWE,LUX,
1969,SWE,LUX,
1971,SWE,LUX,
1972,SWE,LUX,
1973,SWE,LUX,
1974,SWE,LUX,
1975,SWE,LUX,
1977,SWE,LUX,
1978,SWE,LUX,
1979,SWE,LUX,
1980,SWE,LUX,
1981,SWE,LUX,
1982,SWE,LUX,
1983,SWE,LUX,
1984,SWE,LUX,
1985,SWE,LUX,
1986,SWE,LUX,
1987,SWE,LUX,
1988,SWE,LUX,
1989,SWE,LUX,
1990,SWE,LUX,
1991,SWE,LUX,
1992,SWE,LUX,
1993,SWE,LUX,
2024,SWE,LUX,-.0567024798558325
2025,SWE,LUX,
1958,CHE,SWE,
1959,CHE,SWE,
1960,CHE,SWE,
1961,CHE,SWE,
1962,CHE,SWE,
1963,CHE,SWE,
1965,CHE,SWE,
1966,CHE,SWE,
1967,CHE,SWE,
1968,CHE,SWE,
1969,CHE,SWE,
1971,CHE,SWE,
1972,CHE,SWE,
1973,CHE,SWE,
1974,CHE,SWE,
1975,CHE,SWE,
1977,CHE,SWE,
1978,CHE,SWE,
1979,CHE,SWE,
1980,CHE,SWE,
1981,CHE,SWE,
1982,CHE,SWE,
1983,CHE,SWE,
1984,CHE,SWE,
1985,CHE,SWE,
1986,CHE,SWE,
1987,CHE,SWE,
1988,CHE,SWE,
1989,CHE,SWE,
1990,CHE,SWE,
1991,CHE,SWE,
1992,CHE,SWE,
1993,CHE,SWE,
1994,CHE,SWE,
1996,CHE,SWE,.1030580321209474
1997,CHE,SWE,.0854328463234266
1998,CHE,SWE,.1070640898590578
2000,CHE,SWE,.0695610109532959
2002,CHE,SWE,.0893281530650784
2004,CHE,SWE,.0883896404917934
2005,CHE,SWE,.082546414635178
2006,CHE,SWE,.0935136995396275
2007,CHE,SWE,.0915516295036904
2008,CHE,SWE,.0778383603666986
2009,CHE,SWE,.0834202068565903
2011,CHE,SWE,.0868583373544539
2012,CHE,SWE,.0586855257258586
2013,CHE,SWE,.0637759159987716
2014,CHE,SWE,.0822508575952749
2015,CHE,SWE,.0771599730459716
2016,CHE,SWE,.0696080909479519
2017,CHE,SWE,.0569858169158688
2018,CHE,SWE,.0695941784228237
2019,CHE,SWE,.0700620497483492
2021,CHE,SWE,.0670761296719424
2022,CHE,SWE,.0582250524420853
2023,CHE,SWE,.077385271982159
2024,CHE,SWE,.0909534311506872
2025,CHE,SWE,
2026,CHE,SWE,
1959,AUT,MCO,
1960,AUT,MCO,
1961,AUT,MCO,
1962,AUT,MCO,
1963,AUT,MCO,
1964,AUT,MCO,
1965,AUT,MCO,
1966,AUT,MCO,
1967,AUT,MCO,
1968,AUT,MCO,
1971,AUT,MCO,
1972,AUT,MCO,
1976,AUT,MCO,
1977,AUT,MCO,
1978,AUT,MCO,
1979,AUT,MCO,
1959,BEL,MCO,
1960,BEL,MCO,
1961,BEL,MCO,
1962,BEL,MCO,
1963,BEL,MCO,
1964,BEL,MCO,
1965,BEL,MCO,
1966,BEL,MCO,
1967,BEL,MCO,
1968,BEL,MCO,
1969,BEL,MCO,
1970,BEL,MCO,
1971,BEL,MCO,
1972,BEL,MCO,
1973,BEL,MCO,
1974,BEL,MCO,
1975,BEL,MCO,
1976,BEL,MCO,
1977,BEL,MCO,
1978,BEL,MCO,
1979,BEL,MCO,
1959,DNK,MCO,
1960,DNK,MCO,
1961,DNK,MCO,
1962,DNK,MCO,
1963,DNK,MCO,
1964,DNK,MCO,
1965,DNK,MCO,
1966,DNK,MCO,
1978,DNK,MCO,
1979,DNK,MCO,
1959,FRA,MCO,
1960,FRA,MCO,
1961,FRA,MCO,
1962,FRA,MCO,
1963,FRA,MCO,
1964,FRA,MCO,
1965,FRA,MCO,
1966,FRA,MCO,
1967,FRA,MCO,
1968,FRA,MCO,
1969,FRA,MCO,
1970,FRA,MCO,
1971,FRA,MCO,
1972,FRA,MCO,
1973,FRA,MCO,
1975,FRA,MCO,
1976,FRA,MCO,
1977,FRA,MCO,
1978,FRA,MCO,
1979,FRA,MCO,
1959,DEU,MCO,
1960,DEU,MCO,
1961,DEU,MCO,
1962,DEU,MCO,
1963,DEU,MCO,
1964,DEU,MCO,
1965,DEU,MCO,
1966,DEU,MCO,
1967,DEU,MCO,
1968,DEU,MCO,
1969,DEU,MCO,
1970,DEU,MCO,
1971,DEU,MCO,
1972,DEU,MCO,
1973,DEU,MCO,
1974,DEU,MCO,
1975,DEU,MCO,
1976,DEU,MCO,
1977,DEU,MCO,
1978,DEU,MCO,
1979,DEU,MCO,
1959,ITA,MCO,
1960,ITA,MCO,
1961,ITA,MCO,
1962,ITA,MCO,
1963,ITA,MCO,
1964,ITA,MCO,
1965,ITA,MCO,
1966,ITA,MCO,
1967,ITA,MCO,
1968,ITA,MCO,
1969,ITA,MCO,
1970,ITA,MCO,
1971,ITA,MCO,
1972,ITA,MCO,
1973,ITA,MCO,
1974,ITA,MCO,
1975,ITA,MCO,
1976,ITA,MCO,
1977,ITA,MCO,
1978,ITA,MCO,
1979,ITA,MCO,
1959,MCO,NLD,
1960,MCO,NLD,
1961,MCO,NLD,
1962,MCO,NLD,
1963,MCO,NLD,
1964,MCO,NLD,
1965,MCO,NLD,
1966,MCO,NLD,
1967,MCO,NLD,
1968,MCO,NLD,
1969,MCO,NLD,
1970,MCO,NLD,
1971,MCO,NLD,
1972,MCO,NLD,
1973,MCO,NLD,
1974,MCO,NLD,
1975,MCO,NLD,
1976,MCO,NLD,
1977,MCO,NLD,
1978,MCO,NLD,
1979,MCO,NLD,
2004,MCO,NLD,
1959,MCO,GBR,
1960,MCO,GBR,
1961,MCO,GBR,
1962,MCO,GBR,
1963,MCO,GBR,
1964,MCO,GBR,
1965,MCO,GBR,
1966,MCO,GBR,
1967,MCO,GBR,
1968,MCO,GBR,
1969,MCO,GBR,
1970,MCO,GBR,
1971,MCO,GBR,
1972,MCO,GBR,
1973,MCO,GBR,
1974,MCO,GBR,
1975,MCO,GBR,
1976,MCO,GBR,
1977,MCO,GBR,
1978,MCO,GBR,
1979,MCO,GBR,
2004,MCO,GBR,
2005,MCO,GBR,
2006,MCO,GBR,
1959,MCO,FRA,
1960,MCO,FRA,
1961,MCO,FRA,
1962,MCO,FRA,
1963,MCO,FRA,
1964,MCO,FRA,
1965,MCO,FRA,
1966,MCO,FRA,
1967,MCO,FRA,
1968,MCO,FRA,
1969,MCO,FRA,
1970,MCO,FRA,
1971,MCO,FRA,
1972,MCO,FRA,
1973,MCO,FRA,
1975,MCO,FRA,
1976,MCO,FRA,
1977,MCO,FRA,
1978,MCO,FRA,
1979,MCO,FRA,
2004,MCO,FRA,
2005,MCO,FRA,
2006,MCO,FRA,
1959,MCO,CHE,
1960,MCO,CHE,
1961,MCO,CHE,
1962,MCO,CHE,
1963,MCO,CHE,
1964,MCO,CHE,
1965,MCO,CHE,
1966,MCO,CHE,
1967,MCO,CHE,
1968,MCO,CHE,
1969,MCO,CHE,
1970,MCO,CHE,
1971,MCO,CHE,
1972,MCO,CHE,
1973,MCO,CHE,
1974,MCO,CHE,
1975,MCO,CHE,
1976,MCO,CHE,
1977,MCO,CHE,
1978,MCO,CHE,
1979,MCO,CHE,
2005,MCO,CHE,
2006,MCO,CHE,
1959,MCO,DNK,
1960,MCO,DNK,
1961,MCO,DNK,
1962,MCO,DNK,
1963,MCO,DNK,
1964,MCO,DNK,
1965,MCO,DNK,
1966,MCO,DNK,
1978,MCO,DNK,
1979,MCO,DNK,
2005,MCO,DNK,
2006,MCO,DNK,
1959,MCO,ITA,
1960,MCO,ITA,
1961,MCO,ITA,
1962,MCO,ITA,
1963,MCO,ITA,
1964,MCO,ITA,
1965,MCO,ITA,
1966,MCO,ITA,
1967,MCO,ITA,
1968,MCO,ITA,
1969,MCO,ITA,
1970,MCO,ITA,
1971,MCO,ITA,
1972,MCO,ITA,
1973,MCO,ITA,
1974,MCO,ITA,
1975,MCO,ITA,
1976,MCO,ITA,
1977,MCO,ITA,
1978,MCO,ITA,
1979,MCO,ITA,
1959,MCO,BEL,
1960,MCO,BEL,
1961,MCO,BEL,
1962,MCO,BEL,
1963,MCO,BEL,
1964,MCO,BEL,
1965,MCO,BEL,
1966,MCO,BEL,
1967,MCO,BEL,
1968,MCO,BEL,
1969,MCO,BEL,
1970,MCO,BEL,
1971,MCO,BEL,
1972,MCO,BEL,
1973,MCO,BEL,
1974,MCO,BEL,
1975,MCO,BEL,
1976,MCO,BEL,
1977,MCO,BEL,
1978,MCO,BEL,
1979,MCO,BEL,
2004,MCO,BEL,
1959,MCO,DEU,
1960,MCO,DEU,
1961,MCO,DEU,
1962,MCO,DEU,
1963,MCO,DEU,
1964,MCO,DEU,
1965,MCO,DEU,
1966,MCO,DEU,
1967,MCO,DEU,
1968,MCO,DEU,
1969,MCO,DEU,
1970,MCO,DEU,
1971,MCO,DEU,
1972,MCO,DEU,
1973,MCO,DEU,
1974,MCO,DEU,
1975,MCO,DEU,
1976,MCO,DEU,
1977,MCO,DEU,
1978,MCO,DEU,
1979,MCO,DEU,
2004,MCO,DEU,
2005,MCO,DEU,
2006,MCO,DEU,
1959,MCO,SWE,
1960,MCO,SWE,
1961,MCO,SWE,
1962,MCO,SWE,
1963,MCO,SWE,
1965,MCO,SWE,
1966,MCO,SWE,
1967,MCO,SWE,
1968,MCO,SWE,
1969,MCO,SWE,
1971,MCO,SWE,
1972,MCO,SWE,
1973,MCO,SWE,
1974,MCO,SWE,
1975,MCO,SWE,
1977,MCO,SWE,
1978,MCO,SWE,
1979,MCO,SWE,
2004,MCO,SWE,
2005,MCO,SWE,
2006,MCO,SWE,
1959,MCO,AUT,
1960,MCO,AUT,
1961,MCO,AUT,
1962,MCO,AUT,
1963,MCO,AUT,
1964,MCO,AUT,
1965,MCO,AUT,
1966,MCO,AUT,
1967,MCO,AUT,
1968,MCO,AUT,
1971,MCO,AUT,
1972,MCO,AUT,
1976,MCO,AUT,
1977,MCO,AUT,
1978,MCO,AUT,
1979,MCO,AUT,
2004,MCO,AUT,
1959,NLD,MCO,
1960,NLD,MCO,
1961,NLD,MCO,
1962,NLD,MCO,
1963,NLD,MCO,
1964,NLD,MCO,
1965,NLD,MCO,
1966,NLD,MCO,
1967,NLD,MCO,
1968,NLD,MCO,
1969,NLD,MCO,
1970,NLD,MCO,
1971,NLD,MCO,
1972,NLD,MCO,
1973,NLD,MCO,
1974,NLD,MCO,
1975,NLD,MCO,
1976,NLD,MCO,
1977,NLD,MCO,
1978,NLD,MCO,
1979,NLD,MCO,
1959,SWE,GBR,
1960,SWE,GBR,
1961,SWE,GBR,
1962,SWE,GBR,
1963,SWE,GBR,
1965,SWE,GBR,
1966,SWE,GBR,
1967,SWE,GBR,
1968,SWE,GBR,
1969,SWE,GBR,
1971,SWE,GBR,
1972,SWE,GBR,
1973,SWE,GBR,
1974,SWE,GBR,
1975,SWE,GBR,
1977,SWE,GBR,
1978,SWE,GBR,
1979,SWE,GBR,
1980,SWE,GBR,
1981,SWE,GBR,
1982,SWE,GBR,
1983,SWE,GBR,
1984,SWE,GBR,
1985,SWE,GBR,
1986,SWE,GBR,
1987,SWE,GBR,
1988,SWE,GBR,
1989,SWE,GBR,
1990,SWE,GBR,
1991,SWE,GBR,
1992,SWE,GBR,
1993,SWE,GBR,
1994,SWE,GBR,
1995,SWE,GBR,-.132259627770326
1996,SWE,GBR,-.1231361764632055
1997,SWE,GBR,-.1407613622607264
1998,SWE,GBR,-.1191301187250959
1999,SWE,GBR,-.1186384746981395
2000,SWE,GBR,-.1566331976308586
2001,SWE,GBR,-.1236068536939705
2002,SWE,GBR,-.1368660555190751
2003,SWE,GBR,-.1334955942473099
2004,SWE,GBR,-.1378045680923606
2005,SWE,GBR,-.1436477939489758
2006,SWE,GBR,-.1326805090445259
2007,SWE,GBR,-.1346425790804631
2008,SWE,GBR,-.1483558482174549
2009,SWE,GBR,-.1427740017275628
2010,SWE,GBR,-.1301277356169122
2011,SWE,GBR,-.1393358712296998
2012,SWE,GBR,-.1675086828582946
2013,SWE,GBR,-.1624182925853819
2014,SWE,GBR,-.1439433509888788
2015,SWE,GBR,-.1490342355381828
2016,SWE,GBR,-.1565861176362016
2017,SWE,GBR,-.1692083916682844
2018,SWE,GBR,-.1566000301613298
2019,SWE,GBR,-.1561321588358044
2021,SWE,GBR,-.1591180789122118
2022,SWE,GBR,-.1679691561420678
2023,SWE,GBR,-.148808936601994
2024,SWE,GBR,-.1352407774334657
2025,SWE,GBR,
2026,SWE,GBR,
1959,SWE,MCO,
1960,SWE,MCO,
1961,SWE,MCO,
1962,SWE,MCO,
1963,SWE,MCO,
1965,SWE,MCO,
1966,SWE,MCO,
1967,SWE,MCO,
1968,SWE,MCO,
1969,SWE,MCO,
1971,SWE,MCO,
1972,SWE,MCO,
1973,SWE,MCO,
1974,SWE,MCO,
1975,SWE,MCO,
1977,SWE,MCO,
1978,SWE,MCO,
1979,SWE,MCO,
1959,CHE,MCO,
1960,CHE,MCO,
1961,CHE,MCO,
1962,CHE,MCO,
1963,CHE,MCO,
1964,CHE,MCO,
1965,CHE,MCO,
1966,CHE,MCO,
1967,CHE,MCO,
1968,CHE,MCO,
1969,CHE,MCO,
1970,CHE,MCO,
1971,CHE,MCO,
1972,CHE,MCO,
1973,CHE,MCO,
1974,CHE,MCO,
1975,CHE,MCO,
1976,CHE,MCO,
1977,CHE,MCO,
1978,CHE,MCO,
1979,CHE,MCO,
1959,GBR,SWE,
1960,GBR,SWE,
1961,GBR,SWE,
1962,GBR,SWE,
1963,GBR,SWE,
1965,GBR,SWE,
1966,GBR,SWE,
1967,GBR,SWE,
1968,GBR,SWE,
1969,GBR,SWE,
1971,GBR,SWE,
1972,GBR,SWE,
1973,GBR,SWE,
1974,GBR,SWE,
1975,GBR,SWE,
1977,GBR,SWE,
1978,GBR,SWE,
1979,GBR,SWE,
1980,GBR,SWE,
1981,GBR,SWE,
1982,GBR,SWE,
1983,GBR,SWE,
1984,GBR,SWE,
1985,GBR,SWE,
1986,GBR,SWE,
1987,GBR,SWE,
1988,GBR,SWE,
1989,GBR,SWE,
1990,GBR,SWE,
1991,GBR,SWE,
1992,GBR,SWE,
1993,GBR,SWE,
1994,GBR,SWE,
1995,GBR,SWE,
1996,GBR,SWE,
1997,GBR,SWE,
1998,GBR,SWE,
1999,GBR,SWE,
2000,GBR,SWE,
2001,GBR,SWE,
2002,GBR,SWE,
2003,GBR,SWE,
2004,GBR,SWE,
2005,GBR,SWE,
2006,GBR,SWE,
2007,GBR,SWE,
2008,GBR,SWE,
2009,GBR,SWE,
2011,GBR,SWE,
2012,GBR,SWE,
2013,GBR,SWE,
2014,GBR,SWE,
2015,GBR,SWE,
2016,GBR,SWE,
2017,GBR,SWE,
2018,GBR,SWE,
2019,GBR,SWE,
2021,GBR,SWE,
2022,GBR,SWE,
2023,GBR,SWE,
2024,GBR,SWE,
2025,GBR,SWE,
2026,GBR,SWE,
1959,GBR,MCO,
1960,GBR,MCO,
1961,GBR,MCO,
1962,GBR,MCO,
1963,GBR,MCO,
1964,GBR,MCO,
1965,GBR,MCO,
1966,GBR,MCO,
1967,GBR,MCO,
1968,GBR,MCO,
1969,GBR,MCO,
1970,GBR,MCO,
1971,GBR,MCO,
1972,GBR,MCO,
1973,GBR,MCO,
1974,GBR,MCO,
1975,GBR,MCO,
1976,GBR,MCO,
1977,GBR,MCO,
1978,GBR,MCO,
1979,GBR,MCO,
1960,AUT,NOR,
1961,AUT,NOR,
1962,AUT,NOR,
1963,AUT,NOR,
1964,AUT,NOR,
1965,AUT,NOR,
1966,AUT,NOR,
1967,AUT,NOR,
1968,AUT,NOR,
1971,AUT,NOR,
1972,AUT,NOR,
1976,AUT,NOR,
1977,AUT,NOR,
1978,AUT,NOR,
1979,AUT,NOR,
1980,AUT,NOR,
1981,AUT,NOR,
1982,AUT,NOR,
1983,AUT,NOR,
1984,AUT,NOR,
1985,AUT,NOR,
1986,AUT,NOR,
1987,AUT,NOR,
1988,AUT,NOR,
1989,AUT,NOR,
1990,AUT,NOR,
1991,AUT,NOR,
1992,AUT,NOR,
1993,AUT,NOR,
1994,AUT,NOR,
1995,AUT,NOR,
1996,AUT,NOR,
1997,AUT,NOR,
1999,AUT,NOR,
2000,AUT,NOR,
2003,AUT,NOR,
2004,AUT,NOR,
2005,AUT,NOR,
2012,AUT,NOR,-.0167945968065622
2013,AUT,NOR,-.011704206533649
2014,AUT,NOR,.0067707350628537
2015,AUT,NOR,.00167985051355
2017,AUT,NOR,-.0184943056165525
2018,AUT,NOR,-.0058859441095971
2019,AUT,NOR,-.0054180727840722
2021,AUT,NOR,-.0084039928604792
2022,AUT,NOR,-.0172550700903356
2023,AUT,NOR,.0019051494497382
2024,AUT,NOR,.0154733086182672
2025,AUT,NOR,
2026,AUT,NOR,
1960,BEL,NOR,
1961,BEL,NOR,
1962,BEL,NOR,
1963,BEL,NOR,
1964,BEL,NOR,
1965,BEL,NOR,
1966,BEL,NOR,
1967,BEL,NOR,
1968,BEL,NOR,
1969,BEL,NOR,
1971,BEL,NOR,
1972,BEL,NOR,
1973,BEL,NOR,
1974,BEL,NOR,
1975,BEL,NOR,
1976,BEL,NOR,
1977,BEL,NOR,
1978,BEL,NOR,
1979,BEL,NOR,
1980,BEL,NOR,
1981,BEL,NOR,
1982,BEL,NOR,
1983,BEL,NOR,
1984,BEL,NOR,
1985,BEL,NOR,
1986,BEL,NOR,
1987,BEL,NOR,
1988,BEL,NOR,
1989,BEL,NOR,
1990,BEL,NOR,
1991,BEL,NOR,
1992,BEL,NOR,
1993,BEL,NOR,
1995,BEL,NOR,
1996,BEL,NOR,
1998,BEL,NOR,
1999,BEL,NOR,
2000,BEL,NOR,
2003,BEL,NOR,
2004,BEL,NOR,
2005,BEL,NOR,
2006,BEL,NOR,
2008,BEL,NOR,
2009,BEL,NOR,
2010,BEL,NOR,.0085576217481764
2012,BEL,NOR,-.0288233254932066
2013,BEL,NOR,-.0237329352202936
2014,BEL,NOR,-.0052579936237909
2015,BEL,NOR,-.0103488781730949
2017,BEL,NOR,-.0305230343031969
2018,BEL,NOR,-.0179146727962423
2019,BEL,NOR,-.0174468014707164
2021,BEL,NOR,-.0204327215471236
2022,BEL,NOR,-.0292837987769802
2023,BEL,NOR,-.0101235792369065
2024,BEL,NOR,.0034445799316226
2025,BEL,NOR,
2026,BEL,NOR,
1960,DNK,NOR,
1961,DNK,NOR,
1962,DNK,NOR,
1963,DNK,NOR,
1964,DNK,NOR,
1965,DNK,NOR,
1966,DNK,NOR,
1978,DNK,NOR,
1979,DNK,NOR,
1980,DNK,NOR,
1981,DNK,NOR,
1982,DNK,NOR,
1983,DNK,NOR,
1984,DNK,NOR,
1985,DNK,NOR,
1986,DNK,NOR,
1987,DNK,NOR,
1988,DNK,NOR,
1989,DNK,NOR,
1990,DNK,NOR,
1991,DNK,NOR,
1992,DNK,NOR,
1993,DNK,NOR,
1995,DNK,NOR,.0255449934195627
1997,DNK,NOR,.0170432589291628
1999,DNK,NOR,.0391661464917503
2000,DNK,NOR,.0011714235590308
2001,DNK,NOR,.0341977674959195
2004,DNK,NOR,.0200000530975289
2005,DNK,NOR,.014156827240914
2006,DNK,NOR,.0251241121453636
2008,DNK,NOR,.009448772972434
2009,DNK,NOR,.0150306194623268
2010,DNK,NOR,.0276768855729778
2012,DNK,NOR,-.0097040616684047
2013,DNK,NOR,-.0046136713954916
2014,DNK,NOR,.013861270201011
2015,DNK,NOR,.0087703856517067
2017,DNK,NOR,-.0114037704783953
2018,DNK,NOR,.0012045910285597
2019,DNK,NOR,.0016724623540847
2021,DNK,NOR,-.0013134577223222
2022,DNK,NOR,-.0101645349521785
2023,DNK,NOR,.0089956845878962
2024,DNK,NOR,.0225638437564241
2025,DNK,NOR,
2026,DNK,NOR,
1960,FRA,NOR,
1961,FRA,NOR,
1962,FRA,NOR,
1963,FRA,NOR,
1964,FRA,NOR,
1965,FRA,NOR,
1966,FRA,NOR,
1967,FRA,NOR,
1968,FRA,NOR,
1969,FRA,NOR,
1971,FRA,NOR,
1972,FRA,NOR,
1973,FRA,NOR,
1975,FRA,NOR,
1976,FRA,NOR,
1977,FRA,NOR,
1978,FRA,NOR,
1979,FRA,NOR,
1980,FRA,NOR,
1981,FRA,NOR,
1983,FRA,NOR,
1984,FRA,NOR,
1985,FRA,NOR,
1986,FRA,NOR,
1987,FRA,NOR,
1988,FRA,NOR,
1989,FRA,NOR,
1990,FRA,NOR,
1991,FRA,NOR,
1992,FRA,NOR,
1993,FRA,NOR,
1994,FRA,NOR,
1995,FRA,NOR,
1996,FRA,NOR,
1997,FRA,NOR,
1998,FRA,NOR,
1999,FRA,NOR,
2000,FRA,NOR,
2001,FRA,NOR,
2003,FRA,NOR,
2004,FRA,NOR,
2005,FRA,NOR,
2006,FRA,NOR,
2008,FRA,NOR,
2009,FRA,NOR,
2010,FRA,NOR,
2012,FRA,NOR,
2013,FRA,NOR,
2014,FRA,NOR,
2015,FRA,NOR,
2017,FRA,NOR,
2018,FRA,NOR,
2019,FRA,NOR,
2021,FRA,NOR,
2022,FRA,NOR,
2023,FRA,NOR,
2024,FRA,NOR,
2025,FRA,NOR,
2026,FRA,NOR,
1960,DEU,NOR,
1961,DEU,NOR,
1962,DEU,NOR,
1963,DEU,NOR,
1964,DEU,NOR,
1965,DEU,NOR,
1966,DEU,NOR,
1967,DEU,NOR,
1968,DEU,NOR,
1969,DEU,NOR,
1971,DEU,NOR,
1972,DEU,NOR,
1973,DEU,NOR,
1974,DEU,NOR,
1975,DEU,NOR,
1976,DEU,NOR,
1977,DEU,NOR,
1978,DEU,NOR,
1979,DEU,NOR,
1980,DEU,NOR,
1981,DEU,NOR,
1982,DEU,NOR,
1983,DEU,NOR,
1984,DEU,NOR,
1985,DEU,NOR,
1986,DEU,NOR,
1987,DEU,NOR,
1988,DEU,NOR,
1989,DEU,NOR,
1990,DEU,NOR,
1991,DEU,NOR,
1992,DEU,NOR,
1993,DEU,NOR,
1994,DEU,NOR,
1995,DEU,NOR,
1997,DEU,NOR,
1998,DEU,NOR,
1999,DEU,NOR,
2000,DEU,NOR,
2001,DEU,NOR,
2003,DEU,NOR,
2004,DEU,NOR,
2005,DEU,NOR,
2006,DEU,NOR,
2008,DEU,NOR,
2009,DEU,NOR,
2010,DEU,NOR,
2012,DEU,NOR,
2013,DEU,NOR,
2014,DEU,NOR,
2015,DEU,NOR,
2017,DEU,NOR,
2018,DEU,NOR,
2019,DEU,NOR,
2021,DEU,NOR,-.0328027190788032
2022,DEU,NOR,-.0416537963086598
2023,DEU,NOR,-.0224935767685857
2024,DEU,NOR,-.0089254176000569
2025,DEU,NOR,
2026,DEU,NOR,
1960,ITA,NOR,
1961,ITA,NOR,
1962,ITA,NOR,
1963,ITA,NOR,
1964,ITA,NOR,
1965,ITA,NOR,
1966,ITA,NOR,
1967,ITA,NOR,
1968,ITA,NOR,
1969,ITA,NOR,
1971,ITA,NOR,
1972,ITA,NOR,
1973,ITA,NOR,
1974,ITA,NOR,
1975,ITA,NOR,
1976,ITA,NOR,
1977,ITA,NOR,
1978,ITA,NOR,
1979,ITA,NOR,
1980,ITA,NOR,
1983,ITA,NOR,
1984,ITA,NOR,
1985,ITA,NOR,
1987,ITA,NOR,
1988,ITA,NOR,
1989,ITA,NOR,
1990,ITA,NOR,
1991,ITA,NOR,
1992,ITA,NOR,
1993,ITA,NOR,
1997,ITA,NOR,.0038844258484649
2012,ITA,NOR,-.022862894749103
2013,ITA,NOR,-.0177725044761904
2014,ITA,NOR,.0007024371203129
2015,ITA,NOR,-.0043884474289909
2017,ITA,NOR,-.0245626035590935
2018,ITA,NOR,-.0119542420521379
2019,ITA,NOR,-.0114863707266129
2021,ITA,NOR,-.0144722908030196
2022,ITA,NOR,-.0233233680328767
2023,ITA,NOR,-.0041631484928029
2024,ITA,NOR,.0094050106757259
2025,ITA,NOR,
2026,ITA,NOR,
1960,LUX,MCO,
1961,LUX,MCO,
1962,LUX,MCO,
1963,LUX,MCO,
1964,LUX,MCO,
1965,LUX,MCO,
1966,LUX,MCO,
1967,LUX,MCO,
1968,LUX,MCO,
1969,LUX,MCO,
1970,LUX,MCO,
1971,LUX,MCO,
1972,LUX,MCO,
1973,LUX,MCO,
1974,LUX,MCO,
1975,LUX,MCO,
1976,LUX,MCO,
1977,LUX,MCO,
1978,LUX,MCO,
1979,LUX,MCO,
1960,LUX,NOR,
1961,LUX,NOR,
1962,LUX,NOR,
1963,LUX,NOR,
1964,LUX,NOR,
1965,LUX,NOR,
1966,LUX,NOR,
1967,LUX,NOR,
1968,LUX,NOR,
1969,LUX,NOR,
1971,LUX,NOR,
1972,LUX,NOR,
1973,LUX,NOR,
1974,LUX,NOR,
1975,LUX,NOR,
1976,LUX,NOR,
1977,LUX,NOR,
1978,LUX,NOR,
1979,LUX,NOR,
1980,LUX,NOR,
1981,LUX,NOR,
1982,LUX,NOR,
1983,LUX,NOR,
1984,LUX,NOR,
1985,LUX,NOR,
1986,LUX,NOR,
1987,LUX,NOR,
1988,LUX,NOR,
1989,LUX,NOR,
1990,LUX,NOR,
1991,LUX,NOR,
1992,LUX,NOR,
1993,LUX,NOR,
2024,LUX,NOR,.0675286275157341
2025,LUX,NOR,
2026,LUX,NOR,
1960,MCO,NOR,
1961,MCO,NOR,
1962,MCO,NOR,
1963,MCO,NOR,
1964,MCO,NOR,
1965,MCO,NOR,
1966,MCO,NOR,
1967,MCO,NOR,
1968,MCO,NOR,
1969,MCO,NOR,
1971,MCO,NOR,
1972,MCO,NOR,
1973,MCO,NOR,
1974,MCO,NOR,
1975,MCO,NOR,
1976,MCO,NOR,
1977,MCO,NOR,
1978,MCO,NOR,
1979,MCO,NOR,
2004,MCO,NOR,
2005,MCO,NOR,
2006,MCO,NOR,
1960,MCO,LUX,
1961,MCO,LUX,
1962,MCO,LUX,
1963,MCO,LUX,
1964,MCO,LUX,
1965,MCO,LUX,
1966,MCO,LUX,
1967,MCO,LUX,
1968,MCO,LUX,
1969,MCO,LUX,
1970,MCO,LUX,
1971,MCO,LUX,
1972,MCO,LUX,
1973,MCO,LUX,
1974,MCO,LUX,
1975,MCO,LUX,
1976,MCO,LUX,
1977,MCO,LUX,
1978,MCO,LUX,
1979,MCO,LUX,
1960,NLD,NOR,
1961,NLD,NOR,
1962,NLD,NOR,
1963,NLD,NOR,
1964,NLD,NOR,
1965,NLD,NOR,
1966,NLD,NOR,
1967,NLD,NOR,
1968,NLD,NOR,
1969,NLD,NOR,
1971,NLD,NOR,
1972,NLD,NOR,
1973,NLD,NOR,
1974,NLD,NOR,
1975,NLD,NOR,
1976,NLD,NOR,
1977,NLD,NOR,
1978,NLD,NOR,
1979,NLD,NOR,
1980,NLD,NOR,
1981,NLD,NOR,
1982,NLD,NOR,
1983,NLD,NOR,
1984,NLD,NOR,
1986,NLD,NOR,
1987,NLD,NOR,
1988,NLD,NOR,
1989,NLD,NOR,
1990,NLD,NOR,
1992,NLD,NOR,
1993,NLD,NOR,
1994,NLD,NOR,
1996,NLD,NOR,
1997,NLD,NOR,
1998,NLD,NOR,
1999,NLD,NOR,
2000,NLD,NOR,
2001,NLD,NOR,
2003,NLD,NOR,
2004,NLD,NOR,
2005,NLD,NOR,
2006,NLD,NOR,
2008,NLD,NOR,-.0124003474025102
2009,NLD,NOR,-.0068185009126175
2010,NLD,NOR,.0058277651980334
2012,NLD,NOR,-.0315531820433489
2013,NLD,NOR,-.0264627917704365
2014,NLD,NOR,-.0079878501739328
2015,NLD,NOR,-.0130787347232376
2017,NLD,NOR,-.0332528908533392
2018,NLD,NOR,-.0206445293463843
2019,NLD,NOR,-.0201766580208589
2021,NLD,NOR,-.0231625780972666
2022,NLD,NOR,-.0320136553271228
2023,NLD,NOR,-.0128534357870493
2024,NLD,NOR,.0007147233814798
2025,NLD,NOR,
1960,NOR,FRA,
1961,NOR,FRA,
1962,NOR,FRA,
1963,NOR,FRA,
1964,NOR,FRA,
1965,NOR,FRA,
1966,NOR,FRA,
1967,NOR,FRA,
1968,NOR,FRA,
1969,NOR,FRA,
1971,NOR,FRA,
1972,NOR,FRA,
1973,NOR,FRA,
1975,NOR,FRA,
1976,NOR,FRA,
1977,NOR,FRA,
1978,NOR,FRA,
1979,NOR,FRA,
1980,NOR,FRA,
1981,NOR,FRA,
1983,NOR,FRA,
1984,NOR,FRA,
1985,NOR,FRA,
1986,NOR,FRA,
1987,NOR,FRA,
1988,NOR,FRA,
1989,NOR,FRA,
1990,NOR,FRA,
1991,NOR,FRA,
1992,NOR,FRA,
1993,NOR,FRA,
1994,NOR,FRA,
1995,NOR,FRA,-.0957156225718829
1996,NOR,FRA,-.0865921712647628
1997,NOR,FRA,-.1042173570622845
1998,NOR,FRA,-.0825861135266532
1999,NOR,FRA,-.082094469499697
2000,NOR,FRA,-.1200891924324161
2001,NOR,FRA,-.0870628484955274
2003,NOR,FRA,-.0969515890488673
2004,NOR,FRA,-.1012605628939173
2005,NOR,FRA,-.1071037887505329
2006,NOR,FRA,-.0961365038460832
2007,NOR,FRA,-.0980985738820206
2008,NOR,FRA,-.111811843019012
2009,NOR,FRA,-.10622999652912
2010,NOR,FRA,-.0935837304184689
2011,NOR,FRA,-.1027918660312573
2012,NOR,FRA,-.1309646776598516
2013,NOR,FRA,-.1258742873869385
2014,NOR,FRA,-.1073993457904365
2015,NOR,FRA,-.1124902303397399
2016,NOR,FRA,-.1200421124377591
2017,NOR,FRA,-.132664386469842
2018,NOR,FRA,-.1200560249628871
2019,NOR,FRA,-.1195881536373619
2021,NOR,FRA,-.1225740737137683
2022,NOR,FRA,-.1314251509436251
2023,NOR,FRA,-.1122649314035512
2024,NOR,FRA,-.0986967722350222
2025,NOR,FRA,
2026,NOR,FRA,
1960,NOR,GBR,
1961,NOR,GBR,
1962,NOR,GBR,
1963,NOR,GBR,
1964,NOR,GBR,
1965,NOR,GBR,
1966,NOR,GBR,
1967,NOR,GBR,
1968,NOR,GBR,
1969,NOR,GBR,
1971,NOR,GBR,
1972,NOR,GBR,
1973,NOR,GBR,
1974,NOR,GBR,
1975,NOR,GBR,
1976,NOR,GBR,
1977,NOR,GBR,
1978,NOR,GBR,
1979,NOR,GBR,
1980,NOR,GBR,
1981,NOR,GBR,
1982,NOR,GBR,
1983,NOR,GBR,
1984,NOR,GBR,
1985,NOR,GBR,
1986,NOR,GBR,
1987,NOR,GBR,
1988,NOR,GBR,
1989,NOR,GBR,
1990,NOR,GBR,
1991,NOR,GBR,
1992,NOR,GBR,
1993,NOR,GBR,
1994,NOR,GBR,
1995,NOR,GBR,-.1208181921315566
1996,NOR,GBR,-.1116947408244359
1997,NOR,GBR,-.1293199266219573
1998,NOR,GBR,-.107688683086327
1999,NOR,GBR,-.1071970390593703
2000,NOR,GBR,-.1451917619920889
2001,NOR,GBR,-.1121654180552007
2003,NOR,GBR,-.1220541586085402
2004,NOR,GBR,-.1263631324535911
2005,NOR,GBR,-.1322063583102062
2006,NOR,GBR,-.1212390734057562
2007,NOR,GBR,-.1232011434416934
2008,NOR,GBR,-.1369144125786855
2009,NOR,GBR,-.1313325660887931
2010,NOR,GBR,-.1186862999781425
2011,NOR,GBR,-.1278944355909299
2012,NOR,GBR,-.1560672472195247
2013,NOR,GBR,-.1509768569466122
2014,NOR,GBR,-.1325019153501087
2015,NOR,GBR,-.1375927998994127
2016,NOR,GBR,-.145144681997432
2017,NOR,GBR,-.157766956029515
2018,NOR,GBR,-.14515859452256
2019,NOR,GBR,-.1446907231970349
2021,NOR,GBR,-.1476766432734421
2022,NOR,GBR,-.1565277205032986
2023,NOR,GBR,-.1373675009632242
2024,NOR,GBR,-.1237993417946957
2025,NOR,GBR,
2026,NOR,GBR,
1960,NOR,MCO,
1961,NOR,MCO,
1962,NOR,MCO,
1963,NOR,MCO,
1964,NOR,MCO,
1965,NOR,MCO,
1966,NOR,MCO,
1967,NOR,MCO,
1968,NOR,MCO,
1969,NOR,MCO,
1971,NOR,MCO,
1972,NOR,MCO,
1973,NOR,MCO,
1974,NOR,MCO,
1975,NOR,MCO,
1976,NOR,MCO,
1977,NOR,MCO,
1978,NOR,MCO,
1979,NOR,MCO,
1960,NOR,DEU,
1961,NOR,DEU,
1962,NOR,DEU,
1963,NOR,DEU,
1964,NOR,DEU,
1965,NOR,DEU,
1966,NOR,DEU,
1967,NOR,DEU,
1968,NOR,DEU,
1969,NOR,DEU,
1971,NOR,DEU,
1972,NOR,DEU,
1973,NOR,DEU,
1974,NOR,DEU,
1975,NOR,DEU,
1976,NOR,DEU,
1977,NOR,DEU,
1978,NOR,DEU,
1979,NOR,DEU,
1980,NOR,DEU,
1981,NOR,DEU,
1982,NOR,DEU,
1983,NOR,DEU,
1984,NOR,DEU,
1985,NOR,DEU,
1986,NOR,DEU,
1987,NOR,DEU,
1988,NOR,DEU,
1989,NOR,DEU,
1990,NOR,DEU,
1991,NOR,DEU,
1992,NOR,DEU,
1993,NOR,DEU,
1994,NOR,DEU,
1995,NOR,DEU,-.1645507562547047
1997,NOR,DEU,-.1730524907451053
1998,NOR,DEU,-.1514212472094743
1999,NOR,DEU,-.1509296031825177
2000,NOR,DEU,-.188924326115237
2001,NOR,DEU,-.1558979821783483
2003,NOR,DEU,-.1657867227316881
2004,NOR,DEU,-.1700956965767382
2005,NOR,DEU,-.1759389224333541
2006,NOR,DEU,-.1649716375289039
2007,NOR,DEU,-.1669337075648412
2008,NOR,DEU,-.1806469767018332
2009,NOR,DEU,-.1750651302119405
2010,NOR,DEU,-.1624188641012905
2011,NOR,DEU,-.171626999714078
2012,NOR,DEU,-.1997998113426723
2013,NOR,DEU,-.1947094210697597
2014,NOR,DEU,-.1762344794732572
2015,NOR,DEU,-.1813253640225609
2016,NOR,DEU,-.1888772461205801
2017,NOR,DEU,-.2014995201526629
2018,NOR,DEU,-.1888911586457082
2019,NOR,DEU,-.1884232873201825
2021,NOR,DEU,-.1914092073965897
2022,NOR,DEU,-.2002602846264466
2023,NOR,DEU,-.1811000650863725
2024,NOR,DEU,-.1675319059178431
2025,NOR,DEU,
2026,NOR,DEU,
1960,NOR,BEL,
1961,NOR,BEL,
1962,NOR,BEL,
1963,NOR,BEL,
1964,NOR,BEL,
1965,NOR,BEL,
1966,NOR,BEL,
1967,NOR,BEL,
1968,NOR,BEL,
1969,NOR,BEL,
1971,NOR,BEL,
1972,NOR,BEL,
1973,NOR,BEL,
1974,NOR,BEL,
1975,NOR,BEL,
1976,NOR,BEL,
1977,NOR,BEL,
1978,NOR,BEL,
1979,NOR,BEL,
1980,NOR,BEL,
1981,NOR,BEL,
1982,NOR,BEL,
1983,NOR,BEL,
1984,NOR,BEL,
1985,NOR,BEL,
1986,NOR,BEL,
1987,NOR,BEL,
1988,NOR,BEL,
1989,NOR,BEL,
1990,NOR,BEL,
1991,NOR,BEL,
1992,NOR,BEL,
1993,NOR,BEL,
1995,NOR,BEL,-.0162495178309705
1996,NOR,BEL,-.0071260665238496
1998,NOR,BEL,-.0031200087857399
1999,NOR,BEL,-.0026283647587835
2000,NOR,BEL,-.0406230876915027
2003,NOR,BEL,-.0174854843079538
2004,NOR,BEL,-.0217944581530046
2010,NOR,BEL,-.0141176256775563
2013,NOR,BEL,-.0464081826460257
2015,NOR,BEL,-.0330241255988263
2016,NOR,BEL,-.040576007696846
2017,NOR,BEL,-.0531982817289288
2021,NOR,BEL,-.043107968972856
2022,NOR,BEL,-.051959046202712
2023,NOR,BEL,-.0327988266626385
2026,NOR,BEL,
1960,NOR,AUT,
1961,NOR,AUT,
1962,NOR,AUT,
1963,NOR,AUT,
1964,NOR,AUT,
1965,NOR,AUT,
1966,NOR,AUT,
1967,NOR,AUT,
1968,NOR,AUT,
1971,NOR,AUT,
1972,NOR,AUT,
1976,NOR,AUT,
1977,NOR,AUT,
1978,NOR,AUT,
1979,NOR,AUT,
1980,NOR,AUT,
1981,NOR,AUT,
1982,NOR,AUT,
1983,NOR,AUT,
1984,NOR,AUT,
1985,NOR,AUT,
1986,NOR,AUT,
1987,NOR,AUT,
1988,NOR,AUT,
1989,NOR,AUT,
1990,NOR,AUT,
1991,NOR,AUT,
1992,NOR,AUT,
1993,NOR,AUT,
1994,NOR,AUT,
1995,NOR,AUT,-.0169062669362576
1996,NOR,AUT,-.0077828156291367
1997,NOR,AUT,-.0254080014266578
1999,NOR,AUT,-.0032851138640707
2000,NOR,AUT,-.0412798367967901
2003,NOR,AUT,-.0181422334132412
2004,NOR,AUT,-.0224512072582915
2011,NOR,AUT,-.0239825103956312
2014,NOR,AUT,-.0285899901548106
2015,NOR,AUT,-.0336808747041137
2016,NOR,AUT,-.0412327568021329
2017,NOR,AUT,-.0538550308342162
2018,NOR,AUT,-.0412466693272607
2023,NOR,AUT,-.0334555757679252
2024,NOR,AUT,-.0198874165993966
2025,NOR,AUT,
2026,NOR,AUT,
1960,NOR,CHE,
1961,NOR,CHE,
1962,NOR,CHE,
1963,NOR,CHE,
1964,NOR,CHE,
1965,NOR,CHE,
1966,NOR,CHE,
1967,NOR,CHE,
1968,NOR,CHE,
1969,NOR,CHE,
1971,NOR,CHE,
1972,NOR,CHE,
1973,NOR,CHE,
1974,NOR,CHE,
1975,NOR,CHE,
1976,NOR,CHE,
1977,NOR,CHE,
1978,NOR,CHE,
1979,NOR,CHE,
1980,NOR,CHE,
1981,NOR,CHE,
1982,NOR,CHE,
1983,NOR,CHE,
1984,NOR,CHE,
1985,NOR,CHE,
1986,NOR,CHE,
1987,NOR,CHE,
1988,NOR,CHE,
1989,NOR,CHE,
1990,NOR,CHE,
1991,NOR,CHE,
1992,NOR,CHE,
1993,NOR,CHE,
1994,NOR,CHE,
1996,NOR,CHE,-.0072785406708038
1997,NOR,CHE,-.0249037264683249
1998,NOR,CHE,-.0032724829326946
2000,NOR,CHE,-.0407755618384574
2005,NOR,CHE,-.0277901581565732
2006,NOR,CHE,-.016822873252124
2011,NOR,CHE,-.0234782354372982
2014,NOR,CHE,-.0280857151964768
2019,NOR,CHE,-.0402745230434025
2021,NOR,CHE,-.04326044311981
2022,NOR,CHE,-.0521115203496663
2023,NOR,CHE,-.0329513008095922
2024,NOR,CHE,-.0193831416410627
2025,NOR,CHE,
1960,NOR,ITA,
1961,NOR,ITA,
1962,NOR,ITA,
1963,NOR,ITA,
1964,NOR,ITA,
1965,NOR,ITA,
1966,NOR,ITA,
1967,NOR,ITA,
1968,NOR,ITA,
1969,NOR,ITA,
1971,NOR,ITA,
1972,NOR,ITA,
1973,NOR,ITA,
1974,NOR,ITA,
1975,NOR,ITA,
1976,NOR,ITA,
1977,NOR,ITA,
1978,NOR,ITA,
1979,NOR,ITA,
1980,NOR,ITA,
1983,NOR,ITA,
1984,NOR,ITA,
1985,NOR,ITA,
1987,NOR,ITA,
1988,NOR,ITA,
1989,NOR,ITA,
1990,NOR,ITA,
1991,NOR,ITA,
1992,NOR,ITA,
1993,NOR,ITA,
1997,NOR,ITA,.0675149045555312
2011,NOR,ITA,.0689403955865581
2012,NOR,ITA,.0407675839579632
2013,NOR,ITA,.0458579742308762
2014,NOR,ITA,.0643329158273793
2015,NOR,ITA,.0592420312780748
2016,NOR,ITA,.0516901491800563
2017,NOR,ITA,.0390678751479728
2018,NOR,ITA,.0516762366549278
2019,NOR,ITA,.0521441079804527
2021,NOR,ITA,.0491581879040461
2022,NOR,ITA,.0403071106741901
2023,NOR,ITA,.0594673302142632
2024,NOR,ITA,.073035489382792
2025,NOR,ITA,
2026,NOR,ITA,
1960,NOR,SWE,
1961,NOR,SWE,
1962,NOR,SWE,
1963,NOR,SWE,
1965,NOR,SWE,
1966,NOR,SWE,
1967,NOR,SWE,
1968,NOR,SWE,
1969,NOR,SWE,
1971,NOR,SWE,
1972,NOR,SWE,
1973,NOR,SWE,
1974,NOR,SWE,
1975,NOR,SWE,
1977,NOR,SWE,
1978,NOR,SWE,
1979,NOR,SWE,
1980,NOR,SWE,
1981,NOR,SWE,
1982,NOR,SWE,
1983,NOR,SWE,
1984,NOR,SWE,
1985,NOR,SWE,
1986,NOR,SWE,
1987,NOR,SWE,
1988,NOR,SWE,
1989,NOR,SWE,
1990,NOR,SWE,
1991,NOR,SWE,
1992,NOR,SWE,
1993,NOR,SWE,
1994,NOR,SWE,
1995,NOR,SWE,.11981286875938
1996,NOR,SWE,.1289363200665008
1997,NOR,SWE,.11131113426898
1998,NOR,SWE,.1329423778046102
1999,NOR,SWE,.1334340218315664
2000,NOR,SWE,.0954392988988476
2001,NOR,SWE,.1284656428357361
2003,NOR,SWE,.1185769022823973
2004,NOR,SWE,.1142679284373451
2005,NOR,SWE,.1084247025807303
2006,NOR,SWE,.1193919874851808
2007,NOR,SWE,.1174299174492422
2008,NOR,SWE,.103716648312251
2009,NOR,SWE,.109298494802144
2011,NOR,SWE,.1127366253000067
2012,NOR,SWE,.0845638136714111
2013,NOR,SWE,.0896542039443243
2014,NOR,SWE,.108129145540828
2015,NOR,SWE,.1030382609915236
2016,NOR,SWE,.0954863788935046
2017,NOR,SWE,.0828641048614219
2018,NOR,SWE,.0954724663683764
2019,NOR,SWE,.0959403376939025
2021,NOR,SWE,.0929544176174949
2022,NOR,SWE,.0841033403876388
2023,NOR,SWE,.1032635599277123
2024,NOR,SWE,.1168317190962405
2025,NOR,SWE,
2026,NOR,SWE,
1960,NOR,DNK,
1961,NOR,DNK,
1962,NOR,DNK,
1963,NOR,DNK,
1964,NOR,DNK,
1965,NOR,DNK,
1966,NOR,DNK,
1978,NOR,DNK,
1979,NOR,DNK,
1980,NOR,DNK,
1981,NOR,DNK,
1982,NOR,DNK,
1983,NOR,DNK,
1984,NOR,DNK,
1985,NOR,DNK,
1986,NOR,DNK,
1987,NOR,DNK,
1988,NOR,DNK,
1989,NOR,DNK,
1990,NOR,DNK,
1991,NOR,DNK,
1992,NOR,DNK,
1993,NOR,DNK,
1995,NOR,DNK,.0435197720782493
1997,NOR,DNK,.0350180375878499
1999,NOR,DNK,.0571409251504365
2000,NOR,DNK,.019146202217718
2001,NOR,DNK,.052172546154606
2005,NOR,DNK,.0321316058996002
2006,NOR,DNK,.0430988908040503
2008,NOR,DNK,.0274235516311203
2009,NOR,DNK,.0330053981210139
2010,NOR,DNK,.0456516642316643
2011,NOR,DNK,.0364435286188767
2012,NOR,DNK,.0082707169902823
2013,NOR,DNK,.0133611072631945
2014,NOR,DNK,.0318360488596976
2017,NOR,DNK,.0065710081802911
2018,NOR,DNK,.0191793696872462
2019,NOR,DNK,.0196472410127718
2025,NOR,DNK,
2026,NOR,DNK,
1960,NOR,NLD,
1961,NOR,NLD,
1962,NOR,NLD,
1963,NOR,NLD,
1964,NOR,NLD,
1965,NOR,NLD,
1966,NOR,NLD,
1967,NOR,NLD,
1968,NOR,NLD,
1969,NOR,NLD,
1971,NOR,NLD,
1972,NOR,NLD,
1973,NOR,NLD,
1974,NOR,NLD,
1975,NOR,NLD,
1976,NOR,NLD,
1977,NOR,NLD,
1978,NOR,NLD,
1979,NOR,NLD,
1980,NOR,NLD,
1981,NOR,NLD,
1982,NOR,NLD,
1983,NOR,NLD,
1984,NOR,NLD,
1986,NOR,NLD,
1987,NOR,NLD,
1988,NOR,NLD,
1989,NOR,NLD,
1990,NOR,NLD,
1992,NOR,NLD,
1993,NOR,NLD,
1994,NOR,NLD,
1996,NOR,NLD,-.0047812891747443
1997,NOR,NLD,-.0224064749722653
1998,NOR,NLD,-.0007752314366347
1999,NOR,NLD,-.000283587409678
2000,NOR,NLD,-.0382783103423974
2001,NOR,NLD,-.0052519664055087
2003,NOR,NLD,-.0151407069588482
2004,NOR,NLD,-.0194496808038989
2013,NOR,NLD,-.0440634052969203
2014,NOR,NLD,-.0255884637004176
2016,NOR,NLD,-.0382312303477401
2017,NOR,NLD,-.0508535043798231
2018,NOR,NLD,-.0382451428728685
2019,NOR,NLD,-.0377772715473427
2021,NOR,NLD,-.0407631916237501
2022,NOR,NLD,-.0496142688536069
2025,NOR,NLD,
1960,NOR,LUX,
1961,NOR,LUX,
1962,NOR,LUX,
1963,NOR,LUX,
1964,NOR,LUX,
1965,NOR,LUX,
1966,NOR,LUX,
1967,NOR,LUX,
1968,NOR,LUX,
1969,NOR,LUX,
1971,NOR,LUX,
1972,NOR,LUX,
1973,NOR,LUX,
1974,NOR,LUX,
1975,NOR,LUX,
1976,NOR,LUX,
1977,NOR,LUX,
1978,NOR,LUX,
1979,NOR,LUX,
1980,NOR,LUX,
1981,NOR,LUX,
1982,NOR,LUX,
1983,NOR,LUX,
1984,NOR,LUX,
1985,NOR,LUX,
1986,NOR,LUX,
1987,NOR,LUX,
1988,NOR,LUX,
1989,NOR,LUX,
1990,NOR,LUX,
1991,NOR,LUX,
1992,NOR,LUX,
1993,NOR,LUX,
2024,NOR,LUX,-.0452610442170632
2025,NOR,LUX,
1960,SWE,NOR,
1961,SWE,NOR,
1962,SWE,NOR,
1963,SWE,NOR,
1965,SWE,NOR,
1966,SWE,NOR,
1967,SWE,NOR,
1968,SWE,NOR,
1969,SWE,NOR,
1971,SWE,NOR,
1972,SWE,NOR,
1973,SWE,NOR,
1974,SWE,NOR,
1975,SWE,NOR,
1977,SWE,NOR,
1978,SWE,NOR,
1979,SWE,NOR,
1980,SWE,NOR,
1981,SWE,NOR,
1982,SWE,NOR,
1983,SWE,NOR,
1984,SWE,NOR,
1985,SWE,NOR,
1986,SWE,NOR,
1987,SWE,NOR,
1988,SWE,NOR,
1989,SWE,NOR,
1990,SWE,NOR,
1991,SWE,NOR,
1992,SWE,NOR,
1993,SWE,NOR,
1994,SWE,NOR,
1995,SWE,NOR,.0222695145779106
1996,SWE,NOR,.0313929658850312
1997,SWE,NOR,.0137677800875099
1998,SWE,NOR,.0353990236231411
1999,SWE,NOR,.0358906676500969
2000,SWE,NOR,-.002104055282622
2001,SWE,NOR,.0309222886542669
2003,SWE,NOR,.0210335481009285
2004,SWE,NOR,.0167245742558764
2005,SWE,NOR,.0108813483992612
2006,SWE,NOR,.0218486333037111
2008,SWE,NOR,.0061732941307822
2009,SWE,NOR,.0117551406206746
2010,SWE,NOR,.0244014067313245
2012,SWE,NOR,-.0129795405100577
2013,SWE,NOR,-.0078891502371439
2014,SWE,NOR,.0105857913593584
2015,SWE,NOR,.0054949068100543
2017,SWE,NOR,-.014679249320048
2018,SWE,NOR,-.0020708878130935
2019,SWE,NOR,-.0016030164875677
2021,SWE,NOR,-.0045889365639749
2022,SWE,NOR,-.0134400137938315
2023,SWE,NOR,.0057202057462433
2024,SWE,NOR,.0192883649147708
2025,SWE,NOR,
2026,SWE,NOR,
1960,CHE,NOR,
1961,CHE,NOR,
1962,CHE,NOR,
1963,CHE,NOR,
1964,CHE,NOR,
1965,CHE,NOR,
1966,CHE,NOR,
1967,CHE,NOR,
1968,CHE,NOR,
1969,CHE,NOR,
1971,CHE,NOR,
1972,CHE,NOR,
1973,CHE,NOR,
1974,CHE,NOR,
1975,CHE,NOR,
1976,CHE,NOR,
1977,CHE,NOR,
1978,CHE,NOR,
1979,CHE,NOR,
1980,CHE,NOR,
1981,CHE,NOR,
1982,CHE,NOR,
1983,CHE,NOR,
1984,CHE,NOR,
1985,CHE,NOR,
1986,CHE,NOR,
1987,CHE,NOR,
1988,CHE,NOR,
1989,CHE,NOR,
1990,CHE,NOR,
1991,CHE,NOR,
1992,CHE,NOR,
1993,CHE,NOR,
1994,CHE,NOR,
1996,CHE,NOR,
1997,CHE,NOR,
1998,CHE,NOR,
2000,CHE,NOR,
2004,CHE,NOR,
2005,CHE,NOR,
2006,CHE,NOR,
2008,CHE,NOR,
2009,CHE,NOR,
2010,CHE,NOR,
2012,CHE,NOR,-.027416392816841
2013,CHE,NOR,-.022326002543928
2014,CHE,NOR,-.0038510609474254
2015,CHE,NOR,-.0089419454967281
2017,CHE,NOR,-.029116101626831
2018,CHE,NOR,-.0165077401198763
2019,CHE,NOR,-.0160398687943506
2021,CHE,NOR,-.0190257888707578
2022,CHE,NOR,-.0278768661006147
2023,CHE,NOR,-.0087166465605406
2024,CHE,NOR,.0048515126079878
2025,CHE,NOR,
2026,CHE,NOR,
1960,GBR,NOR,
1961,GBR,NOR,
1962,GBR,NOR,
1963,GBR,NOR,
1964,GBR,NOR,
1965,GBR,NOR,
1966,GBR,NOR,
1967,GBR,NOR,
1968,GBR,NOR,
1969,GBR,NOR,
1971,GBR,NOR,
1972,GBR,NOR,
1973,GBR,NOR,
1974,GBR,NOR,
1975,GBR,NOR,
1976,GBR,NOR,
1977,GBR,NOR,
1978,GBR,NOR,
1979,GBR,NOR,
1980,GBR,NOR,
1981,GBR,NOR,
1982,GBR,NOR,
1983,GBR,NOR,
1984,GBR,NOR,
1985,GBR,NOR,
1986,GBR,NOR,
1987,GBR,NOR,
1988,GBR,NOR,
1989,GBR,NOR,
1990,GBR,NOR,
1991,GBR,NOR,
1992,GBR,NOR,
1993,GBR,NOR,
1994,GBR,NOR,
1995,GBR,NOR,
1996,GBR,NOR,
1997,GBR,NOR,
1998,GBR,NOR,
1999,GBR,NOR,
2000,GBR,NOR,
2001,GBR,NOR,
2003,GBR,NOR,
2004,GBR,NOR,
2005,GBR,NOR,
2006,GBR,NOR,
2008,GBR,NOR,
2009,GBR,NOR,
2010,GBR,NOR,
2012,GBR,NOR,
2013,GBR,NOR,
2014,GBR,NOR,
2015,GBR,NOR,
2017,GBR,NOR,
2018,GBR,NOR,
2019,GBR,NOR,
2021,GBR,NOR,
2022,GBR,NOR,
2023,GBR,NOR,
2024,GBR,NOR,
2025,GBR,NOR,
2026,GBR,NOR,
1961,AUT,YUG,
1962,AUT,YUG,
1963,AUT,YUG,
1964,AUT,YUG,
1965,AUT,YUG,
1966,AUT,YUG,
1967,AUT,YUG,
1968,AUT,YUG,
1971,AUT,YUG,
1972,AUT,YUG,
1976,AUT,YUG,
1981,AUT,YUG,
1982,AUT,YUG,
1983,AUT,YUG,
1984,AUT,YUG,
1986,AUT,YUG,
1987,AUT,YUG,
1988,AUT,YUG,
1989,AUT,YUG,
1990,AUT,YUG,
1991,AUT,YUG,
1992,AUT,YUG,
1961,AUT,ESP,
1962,AUT,ESP,
1963,AUT,ESP,
1964,AUT,ESP,
1965,AUT,ESP,
1966,AUT,ESP,
1967,AUT,ESP,
1968,AUT,ESP,
1971,AUT,ESP,
1972,AUT,ESP,
1976,AUT,ESP,
1977,AUT,ESP,
1978,AUT,ESP,
1979,AUT,ESP,
1980,AUT,ESP,
1981,AUT,ESP,
1982,AUT,ESP,
1983,AUT,ESP,
1984,AUT,ESP,
1985,AUT,ESP,
1986,AUT,ESP,
1987,AUT,ESP,
1988,AUT,ESP,
1989,AUT,ESP,
1990,AUT,ESP,
1991,AUT,ESP,
1992,AUT,ESP,
1993,AUT,ESP,
1994,AUT,ESP,
1995,AUT,ESP,-.1052751144680278
1996,AUT,ESP,-.0961516631609073
1997,AUT,ESP,-.1137768489584286
1999,AUT,ESP,-.091653961395842
2000,AUT,ESP,-.1296486843285605
2002,AUT,ESP,-.1098815422167764
2003,AUT,ESP,-.1065110809450121
2004,AUT,ESP,-.1108200547900618
2005,AUT,ESP,-.1166632806466774
2007,AUT,ESP,-.1076580657781651
2011,AUT,ESP,-.1123513579274015
2012,AUT,ESP,-.1405241695559959
2013,AUT,ESP,-.1354337792830839
2014,AUT,ESP,-.1169588376865807
2015,AUT,ESP,-.1220497222358847
2016,AUT,ESP,-.1296016043339034
2017,AUT,ESP,-.1422238783659868
2018,AUT,ESP,-.1296155168590316
2019,AUT,ESP,-.1291476455335064
2021,AUT,ESP,-.1321335656099133
2022,AUT,ESP,-.1409846428397696
2023,AUT,ESP,-.1218244232996961
2024,AUT,ESP,-.1082562641311675
2025,AUT,ESP,
1961,AUT,FIN,
1962,AUT,FIN,
1963,AUT,FIN,
1964,AUT,FIN,
1965,AUT,FIN,
1966,AUT,FIN,
1967,AUT,FIN,
1968,AUT,FIN,
1971,AUT,FIN,
1972,AUT,FIN,
1976,AUT,FIN,
1977,AUT,FIN,
1978,AUT,FIN,
1979,AUT,FIN,
1980,AUT,FIN,
1981,AUT,FIN,
1982,AUT,FIN,
1983,AUT,FIN,
1984,AUT,FIN,
1985,AUT,FIN,
1986,AUT,FIN,
1987,AUT,FIN,
1988,AUT,FIN,
1989,AUT,FIN,
1990,AUT,FIN,
1991,AUT,FIN,
1992,AUT,FIN,
1993,AUT,FIN,
1994,AUT,FIN,
1996,AUT,FIN,
2000,AUT,FIN,
2002,AUT,FIN,
2007,AUT,FIN,
2011,AUT,FIN,-.0551148386731515
2013,AUT,FIN,-.0781972600288327
2014,AUT,FIN,-.0597223184323303
2018,AUT,FIN,-.0723789976047811
2021,AUT,FIN,-.0748970463556631
2022,AUT,FIN,-.0837481235855194
2023,AUT,FIN,-.0645879040454462
2024,AUT,FIN,-.0510197448769172
2025,AUT,FIN,
2026,AUT,FIN,
1961,BEL,YUG,
1962,BEL,YUG,
1963,BEL,YUG,
1964,BEL,YUG,
1965,BEL,YUG,
1966,BEL,YUG,
1967,BEL,YUG,
1968,BEL,YUG,
1969,BEL,YUG,
1970,BEL,YUG,
1971,BEL,YUG,
1972,BEL,YUG,
1973,BEL,YUG,
1974,BEL,YUG,
1975,BEL,YUG,
1976,BEL,YUG,
1981,BEL,YUG,
1982,BEL,YUG,
1983,BEL,YUG,
1984,BEL,YUG,
1986,BEL,YUG,
1987,BEL,YUG,
1988,BEL,YUG,
1989,BEL,YUG,
1990,BEL,YUG,
1991,BEL,YUG,
1992,BEL,YUG,
1961,BEL,ESP,
1962,BEL,ESP,
1963,BEL,ESP,
1964,BEL,ESP,
1965,BEL,ESP,
1966,BEL,ESP,
1967,BEL,ESP,
1968,BEL,ESP,
1969,BEL,ESP,
1970,BEL,ESP,
1971,BEL,ESP,
1972,BEL,ESP,
1973,BEL,ESP,
1974,BEL,ESP,
1975,BEL,ESP,
1976,BEL,ESP,
1977,BEL,ESP,
1978,BEL,ESP,
1979,BEL,ESP,
1980,BEL,ESP,
1981,BEL,ESP,
1982,BEL,ESP,
1983,BEL,ESP,
1984,BEL,ESP,
1985,BEL,ESP,
1986,BEL,ESP,
1987,BEL,ESP,
1988,BEL,ESP,
1989,BEL,ESP,
1990,BEL,ESP,
1991,BEL,ESP,
1992,BEL,ESP,
1993,BEL,ESP,
1995,BEL,ESP,-.1173038431546732
1996,BEL,ESP,-.1081803918475524
1998,BEL,ESP,-.1041743341094423
1999,BEL,ESP,-.1036826900824863
2000,BEL,ESP,-.1416774130152052
2002,BEL,ESP,-.1219102709034212
2003,BEL,ESP,-.1185398096316561
2004,BEL,ESP,-.122848783476707
2005,BEL,ESP,-.1286920093333217
2006,BEL,ESP,-.1177247244288722
2007,BEL,ESP,-.1196867944648096
2008,BEL,ESP,-.1334000636018016
2009,BEL,ESP,-.1278182171119095
2010,BEL,ESP,-.1151719510012585
2011,BEL,ESP,-.1243800866140459
2012,BEL,ESP,-.1525528982426407
2013,BEL,ESP,-.1474625079697283
2014,BEL,ESP,-.1289875663732251
2015,BEL,ESP,-.1340784509225292
2016,BEL,ESP,-.141630333020548
2017,BEL,ESP,-.1542526070526312
2018,BEL,ESP,-.141644245545676
2019,BEL,ESP,-.1411763742201511
2021,BEL,ESP,-.1441622942965581
2022,BEL,ESP,-.153013371526414
2023,BEL,ESP,-.1338531519863406
2024,BEL,ESP,-.1202849928178117
2025,BEL,ESP,
1961,BEL,FIN,
1962,BEL,FIN,
1963,BEL,FIN,
1964,BEL,FIN,
1965,BEL,FIN,
1966,BEL,FIN,
1967,BEL,FIN,
1968,BEL,FIN,
1969,BEL,FIN,
1971,BEL,FIN,
1972,BEL,FIN,
1973,BEL,FIN,
1974,BEL,FIN,
1975,BEL,FIN,
1976,BEL,FIN,
1977,BEL,FIN,
1978,BEL,FIN,
1979,BEL,FIN,
1980,BEL,FIN,
1981,BEL,FIN,
1982,BEL,FIN,
1983,BEL,FIN,
1984,BEL,FIN,
1985,BEL,FIN,
1986,BEL,FIN,
1987,BEL,FIN,
1988,BEL,FIN,
1989,BEL,FIN,
1990,BEL,FIN,
1991,BEL,FIN,
1992,BEL,FIN,
1993,BEL,FIN,
1996,BEL,FIN,-.0509438725933016
1998,BEL,FIN,-.0469378148551926
2000,BEL,FIN,-.0844408937609548
2002,BEL,FIN,-.0646737516491705
2006,BEL,FIN,-.0604882051746216
2007,BEL,FIN,-.0624502752105594
2008,BEL,FIN,-.0761635443475512
2009,BEL,FIN,-.0705816978576589
2011,BEL,FIN,-.067143567359796
2013,BEL,FIN,-.0902259887154781
2014,BEL,FIN,-.0717510471189743
2018,BEL,FIN,-.0844077262914264
2021,BEL,FIN,-.0869257750423078
2022,BEL,FIN,-.0957768522721638
2023,BEL,FIN,-.0766166327320896
2024,BEL,FIN,-.0630484735635615
2025,BEL,FIN,
2026,BEL,FIN,
1961,DNK,YUG,
1962,DNK,YUG,
1963,DNK,YUG,
1964,DNK,YUG,
1965,DNK,YUG,
1966,DNK,YUG,
1981,DNK,YUG,
1982,DNK,YUG,
1983,DNK,YUG,
1984,DNK,YUG,
1986,DNK,YUG,
1987,DNK,YUG,
1988,DNK,YUG,
1989,DNK,YUG,
1990,DNK,YUG,
1991,DNK,YUG,
1992,DNK,YUG,
1961,DNK,ESP,
1962,DNK,ESP,
1963,DNK,ESP,
1964,DNK,ESP,
1965,DNK,ESP,
1966,DNK,ESP,
1978,DNK,ESP,
1979,DNK,ESP,
1980,DNK,ESP,
1981,DNK,ESP,
1982,DNK,ESP,
1983,DNK,ESP,
1984,DNK,ESP,
1985,DNK,ESP,
1986,DNK,ESP,
1987,DNK,ESP,
1988,DNK,ESP,
1989,DNK,ESP,
1990,DNK,ESP,
1991,DNK,ESP,
1992,DNK,ESP,
1993,DNK,ESP,
1995,DNK,ESP,-.0981845793298709
1997,DNK,ESP,-.1066863138202717
1999,DNK,ESP,-.0845634262576844
2000,DNK,ESP,-.1225581491904035
2001,DNK,ESP,-.089531805253515
2002,DNK,ESP,-.1027910070786197
2004,DNK,ESP,-.1037295196519047
2005,DNK,ESP,-.10957274550852
2006,DNK,ESP,-.0986054606040702
2007,DNK,ESP,-.1005675306400078
2008,DNK,ESP,-.1142807997769998
2009,DNK,ESP,-.1086989532871074
2010,DNK,ESP,-.0960526871764569
2011,DNK,ESP,-.1052608227892447
2012,DNK,ESP,-.133433634417839
2013,DNK,ESP,-.1283432441449266
2014,DNK,ESP,-.1098683025484233
2015,DNK,ESP,-.1149591870977275
2016,DNK,ESP,-.1225110691957466
2017,DNK,ESP,-.1351333432278292
2018,DNK,ESP,-.1225249817208747
2019,DNK,ESP,-.1220571103953495
2021,DNK,ESP,-.1250430304717566
2022,DNK,ESP,-.1338941077016127
2023,DNK,ESP,-.114733888161539
2024,DNK,ESP,-.1011657289930104
2025,DNK,ESP,
1961,DNK,FIN,
1962,DNK,FIN,
1963,DNK,FIN,
1964,DNK,FIN,
1965,DNK,FIN,
1966,DNK,FIN,
1978,DNK,FIN,
1979,DNK,FIN,
1980,DNK,FIN,
1981,DNK,FIN,
1982,DNK,FIN,
1983,DNK,FIN,
1984,DNK,FIN,
1985,DNK,FIN,
1986,DNK,FIN,
1987,DNK,FIN,
1988,DNK,FIN,
1989,DNK,FIN,
1990,DNK,FIN,
1991,DNK,FIN,
1992,DNK,FIN,
1993,DNK,FIN,
2000,DNK,FIN,-.0653216299361529
2002,DNK,FIN,-.0455544878243691
2006,DNK,FIN,-.0413689413498198
2007,DNK,FIN,-.0433310113857575
2008,DNK,FIN,-.0570442805227496
2009,DNK,FIN,-.0514624340328574
2011,DNK,FIN,-.0480243035349943
2013,DNK,FIN,-.0711067248906765
2014,DNK,FIN,-.0526317832941733
2018,DNK,FIN,-.0652884624666242
2021,DNK,FIN,-.067806511217506
2022,DNK,FIN,-.0766575884473628
2023,DNK,FIN,-.0574973689072885
2024,DNK,FIN,-.0439292097387601
2025,DNK,FIN,
2026,DNK,FIN,
1961,FIN,LUX,
1962,FIN,LUX,
1963,FIN,LUX,
1964,FIN,LUX,
1965,FIN,LUX,
1966,FIN,LUX,
1967,FIN,LUX,
1968,FIN,LUX,
1969,FIN,LUX,
1971,FIN,LUX,
1972,FIN,LUX,
1973,FIN,LUX,
1974,FIN,LUX,
1975,FIN,LUX,
1976,FIN,LUX,
1977,FIN,LUX,
1978,FIN,LUX,
1979,FIN,LUX,
1980,FIN,LUX,
1981,FIN,LUX,
1982,FIN,LUX,
1983,FIN,LUX,
1984,FIN,LUX,
1985,FIN,LUX,
1986,FIN,LUX,
1987,FIN,LUX,
1988,FIN,LUX,
1989,FIN,LUX,
1990,FIN,LUX,
1991,FIN,LUX,
1992,FIN,LUX,
1993,FIN,LUX,
2024,FIN,LUX,-.0502955896488426
2025,FIN,LUX,
1961,FIN,GBR,
1962,FIN,GBR,
1963,FIN,GBR,
1964,FIN,GBR,
1965,FIN,GBR,
1966,FIN,GBR,
1967,FIN,GBR,
1968,FIN,GBR,
1969,FIN,GBR,
1971,FIN,GBR,
1972,FIN,GBR,
1973,FIN,GBR,
1974,FIN,GBR,
1975,FIN,GBR,
1976,FIN,GBR,
1977,FIN,GBR,
1978,FIN,GBR,
1979,FIN,GBR,
1980,FIN,GBR,
1981,FIN,GBR,
1982,FIN,GBR,
1983,FIN,GBR,
1984,FIN,GBR,
1985,FIN,GBR,
1986,FIN,GBR,
1987,FIN,GBR,
1988,FIN,GBR,
1989,FIN,GBR,
1990,FIN,GBR,
1991,FIN,GBR,
1992,FIN,GBR,
1993,FIN,GBR,
1994,FIN,GBR,
1996,FIN,GBR,-.1167292862562149
1998,FIN,GBR,-.1127232285181057
2000,FIN,GBR,-.1502263074238679
2002,FIN,GBR,-.1304591653120848
2004,FIN,GBR,-.1313976778853699
2005,FIN,GBR,-.1372409037419853
2006,FIN,GBR,-.1262736188375355
2007,FIN,GBR,-.1282356888734729
2008,FIN,GBR,-.1419489580104643
2009,FIN,GBR,-.1363671115205722
2010,FIN,GBR,-.1237208454099215
2011,FIN,GBR,-.1329289810227094
2012,FIN,GBR,-.1611017926513039
2013,FIN,GBR,-.1560114023783912
2014,FIN,GBR,-.1375364607818879
2015,FIN,GBR,-.1426273453311922
2016,FIN,GBR,-.1501792274292107
2017,FIN,GBR,-.1628015014612942
2018,FIN,GBR,-.1501931399543394
2019,FIN,GBR,-.1497252686288142
2021,FIN,GBR,-.1527111887052215
2022,FIN,GBR,-.1615622659350774
2023,FIN,GBR,-.1424020463950035
2024,FIN,GBR,-.1288338872264751
2025,FIN,GBR,
2026,FIN,GBR,
1961,FIN,CHE,
1962,FIN,CHE,
1963,FIN,CHE,
1964,FIN,CHE,
1965,FIN,CHE,
1966,FIN,CHE,
1967,FIN,CHE,
1968,FIN,CHE,
1969,FIN,CHE,
1971,FIN,CHE,
1972,FIN,CHE,
1973,FIN,CHE,
1974,FIN,CHE,
1975,FIN,CHE,
1976,FIN,CHE,
1977,FIN,CHE,
1978,FIN,CHE,
1979,FIN,CHE,
1980,FIN,CHE,
1981,FIN,CHE,
1982,FIN,CHE,
1983,FIN,CHE,
1984,FIN,CHE,
1985,FIN,CHE,
1986,FIN,CHE,
1987,FIN,CHE,
1988,FIN,CHE,
1989,FIN,CHE,
1990,FIN,CHE,
1991,FIN,CHE,
1992,FIN,CHE,
1993,FIN,CHE,
1994,FIN,CHE,
1996,FIN,CHE,-.0123130861025828
1998,FIN,CHE,-.0083070283644734
2000,FIN,CHE,-.0458101072702365
2002,FIN,CHE,-.0260429651584523
2005,FIN,CHE,-.0328247035883532
2006,FIN,CHE,-.0218574186839033
2011,FIN,CHE,-.0285127808690774
2014,FIN,CHE,-.033120260628256
2019,FIN,CHE,-.0453090684751818
2021,FIN,CHE,-.0482949885515888
2022,FIN,CHE,-.0571460657814455
2023,FIN,CHE,-.0379858462413715
2024,FIN,CHE,-.0244176870728431
2025,FIN,CHE,
1961,FIN,FRA,
1962,FIN,FRA,
1963,FIN,FRA,
1964,FIN,FRA,
1965,FIN,FRA,
1966,FIN,FRA,
1967,FIN,FRA,
1968,FIN,FRA,
1969,FIN,FRA,
1971,FIN,FRA,
1972,FIN,FRA,
1973,FIN,FRA,
1975,FIN,FRA,
1976,FIN,FRA,
1977,FIN,FRA,
1978,FIN,FRA,
1979,FIN,FRA,
1980,FIN,FRA,
1981,FIN,FRA,
1983,FIN,FRA,
1984,FIN,FRA,
1985,FIN,FRA,
1986,FIN,FRA,
1987,FIN,FRA,
1988,FIN,FRA,
1989,FIN,FRA,
1990,FIN,FRA,
1991,FIN,FRA,
1992,FIN,FRA,
1993,FIN,FRA,
1994,FIN,FRA,
1996,FIN,FRA,-.091626716696542
1998,FIN,FRA,-.0876206589584325
2000,FIN,FRA,-.1251237378641953
2002,FIN,FRA,-.1053565957524105
2004,FIN,FRA,-.1062951083256968
2005,FIN,FRA,-.1121383341823121
2006,FIN,FRA,-.101171049277862
2007,FIN,FRA,-.1031331193137996
2008,FIN,FRA,-.1168463884507913
2009,FIN,FRA,-.1112645419608993
2010,FIN,FRA,-.0986182758502488
2011,FIN,FRA,-.1078264114630361
2012,FIN,FRA,-.1359992230916308
2013,FIN,FRA,-.1309088328187182
2014,FIN,FRA,-.1124338912222151
2015,FIN,FRA,-.1175247757715187
2016,FIN,FRA,-.1250766578695384
2017,FIN,FRA,-.1376989319016215
2018,FIN,FRA,-.1250905703946663
2019,FIN,FRA,-.1246226990691409
2021,FIN,FRA,-.1276086191455482
2022,FIN,FRA,-.1364596963754049
2023,FIN,FRA,-.1172994768353306
2024,FIN,FRA,-.1037313176668019
2025,FIN,FRA,
2026,FIN,FRA,
1961,FIN,DNK,
1962,FIN,DNK,
1963,FIN,DNK,
1964,FIN,DNK,
1965,FIN,DNK,
1966,FIN,DNK,
1978,FIN,DNK,
1979,FIN,DNK,
1980,FIN,DNK,
1981,FIN,DNK,
1982,FIN,DNK,
1983,FIN,DNK,
1984,FIN,DNK,
1985,FIN,DNK,
1986,FIN,DNK,
1987,FIN,DNK,
1988,FIN,DNK,
1989,FIN,DNK,
1990,FIN,DNK,
1991,FIN,DNK,
1992,FIN,DNK,
1993,FIN,DNK,
2000,FIN,DNK,.0141116567859381
2002,FIN,DNK,.0338787988977224
2005,FIN,DNK,.0270970604678216
2006,FIN,DNK,.0380643453722713
2008,FIN,DNK,.0223890061993415
2009,FIN,DNK,.0279708526892343
2010,FIN,DNK,.0406171187998851
2011,FIN,DNK,.0314089831870974
2012,FIN,DNK,.0032361715585026
2013,FIN,DNK,.0083265618314152
2014,FIN,DNK,.0268015034279183
2017,FIN,DNK,.0015364627485122
2018,FIN,DNK,.014144824255467
2019,FIN,DNK,.0146126955809927
2025,FIN,DNK,
2026,FIN,DNK,
1961,FIN,ITA,
1962,FIN,ITA,
1963,FIN,ITA,
1964,FIN,ITA,
1965,FIN,ITA,
1966,FIN,ITA,
1967,FIN,ITA,
1968,FIN,ITA,
1969,FIN,ITA,
1971,FIN,ITA,
1972,FIN,ITA,
1973,FIN,ITA,
1974,FIN,ITA,
1975,FIN,ITA,
1976,FIN,ITA,
1977,FIN,ITA,
1978,FIN,ITA,
1979,FIN,ITA,
1980,FIN,ITA,
1983,FIN,ITA,
1984,FIN,ITA,
1985,FIN,ITA,
1987,FIN,ITA,
1988,FIN,ITA,
1989,FIN,ITA,
1990,FIN,ITA,
1991,FIN,ITA,
1992,FIN,ITA,
1993,FIN,ITA,
2011,FIN,ITA,.0639058501547788
2012,FIN,ITA,.0357330385261842
2013,FIN,ITA,.0408234287990971
2014,FIN,ITA,.0592983703956003
2015,FIN,ITA,.0542074858462961
2016,FIN,ITA,.0466556037482767
2017,FIN,ITA,.0340333297161928
2018,FIN,ITA,.0466416912231489
2019,FIN,ITA,.0471095625486742
2021,FIN,ITA,.044123642472267
2022,FIN,ITA,.0352725652424098
2023,FIN,ITA,.0544327847824847
2024,FIN,ITA,.0680009439510137
2025,FIN,ITA,
2026,FIN,ITA,
1961,FIN,NOR,
1962,FIN,NOR,
1963,FIN,NOR,
1964,FIN,NOR,
1965,FIN,NOR,
1966,FIN,NOR,
1967,FIN,NOR,
1968,FIN,NOR,
1969,FIN,NOR,
1971,FIN,NOR,
1972,FIN,NOR,
1973,FIN,NOR,
1974,FIN,NOR,
1975,FIN,NOR,
1976,FIN,NOR,
1977,FIN,NOR,
1978,FIN,NOR,
1979,FIN,NOR,
1980,FIN,NOR,
1981,FIN,NOR,
1982,FIN,NOR,
1983,FIN,NOR,
1984,FIN,NOR,
1985,FIN,NOR,
1986,FIN,NOR,
1987,FIN,NOR,
1988,FIN,NOR,
1989,FIN,NOR,
1990,FIN,NOR,
1991,FIN,NOR,
1992,FIN,NOR,
1993,FIN,NOR,
1994,FIN,NOR,
1996,FIN,NOR,.0377998560920213
1998,FIN,NOR,.041805913830131
2000,FIN,NOR,.0043028349243686
2004,FIN,NOR,.0231314644628667
2005,FIN,NOR,.0172882386062522
2006,FIN,NOR,.0282555235107013
2008,FIN,NOR,.0125801843377719
2009,FIN,NOR,.0181620308276646
2010,FIN,NOR,.0308082969383155
2012,FIN,NOR,-.0065726503030672
2013,FIN,NOR,-.0014822600301542
2014,FIN,NOR,.0169926815663493
2015,FIN,NOR,.0119017970170448
2017,FIN,NOR,-.0082723591130574
2018,FIN,NOR,.004336002393897
2019,FIN,NOR,.0048038737194226
2021,FIN,NOR,.0018179536430154
2022,FIN,NOR,-.0070331235868412
2023,FIN,NOR,.0121270959532327
2024,FIN,NOR,.0256952551217623
2025,FIN,NOR,
2026,FIN,NOR,
1961,FIN,YUG,
1962,FIN,YUG,
1963,FIN,YUG,
1964,FIN,YUG,
1965,FIN,YUG,
1966,FIN,YUG,
1967,FIN,YUG,
1968,FIN,YUG,
1969,FIN,YUG,
1971,FIN,YUG,
1972,FIN,YUG,
1973,FIN,YUG,
1974,FIN,YUG,
1975,FIN,YUG,
1976,FIN,YUG,
1981,FIN,YUG,
1982,FIN,YUG,
1983,FIN,YUG,
1984,FIN,YUG,
1986,FIN,YUG,
1987,FIN,YUG,
1988,FIN,YUG,
1989,FIN,YUG,
1990,FIN,YUG,
1991,FIN,YUG,
1992,FIN,YUG,
1961,FIN,ESP,
1962,FIN,ESP,
1963,FIN,ESP,
1964,FIN,ESP,
1965,FIN,ESP,
1966,FIN,ESP,
1967,FIN,ESP,
1968,FIN,ESP,
1969,FIN,ESP,
1971,FIN,ESP,
1972,FIN,ESP,
1973,FIN,ESP,
1974,FIN,ESP,
1975,FIN,ESP,
1976,FIN,ESP,
1977,FIN,ESP,
1978,FIN,ESP,
1979,FIN,ESP,
1980,FIN,ESP,
1981,FIN,ESP,
1982,FIN,ESP,
1983,FIN,ESP,
1984,FIN,ESP,
1985,FIN,ESP,
1986,FIN,ESP,
1987,FIN,ESP,
1988,FIN,ESP,
1989,FIN,ESP,
1990,FIN,ESP,
1991,FIN,ESP,
1992,FIN,ESP,
1993,FIN,ESP,
1994,FIN,ESP,
1996,FIN,ESP,-.085929716657413
1998,FIN,ESP,-.0819236589193033
2000,FIN,ESP,-.1194267378250659
2002,FIN,ESP,-.0996595957132818
2004,FIN,ESP,-.1005981082865673
2005,FIN,ESP,-.1064413341431825
2006,FIN,ESP,-.0954740492387331
2007,FIN,ESP,-.0974361192746704
2008,FIN,ESP,-.111149388411662
2009,FIN,ESP,-.10556754192177
2010,FIN,ESP,-.0929212758111192
2011,FIN,ESP,-.1021294114239071
2012,FIN,ESP,-.1303022230525017
2013,FIN,ESP,-.1252118327795887
2014,FIN,ESP,-.1067368911830857
2015,FIN,ESP,-.1118277757323897
2016,FIN,ESP,-.1193796578304089
2017,FIN,ESP,-.132001931862492
2018,FIN,ESP,-.1193935703555364
2019,FIN,ESP,-.1189256990300117
2021,FIN,ESP,-.1219116191064186
2022,FIN,ESP,-.1307626963362752
2023,FIN,ESP,-.1116024767962011
2024,FIN,ESP,-.0980343176276724
2025,FIN,ESP,
1961,FIN,MCO,
1962,FIN,MCO,
1963,FIN,MCO,
1964,FIN,MCO,
1965,FIN,MCO,
1966,FIN,MCO,
1967,FIN,MCO,
1968,FIN,MCO,
1969,FIN,MCO,
1971,FIN,MCO,
1972,FIN,MCO,
1973,FIN,MCO,
1974,FIN,MCO,
1975,FIN,MCO,
1976,FIN,MCO,
1977,FIN,MCO,
1978,FIN,MCO,
1979,FIN,MCO,
1961,FIN,NLD,
1962,FIN,NLD,
1963,FIN,NLD,
1964,FIN,NLD,
1965,FIN,NLD,
1966,FIN,NLD,
1967,FIN,NLD,
1968,FIN,NLD,
1969,FIN,NLD,
1971,FIN,NLD,
1972,FIN,NLD,
1973,FIN,NLD,
1974,FIN,NLD,
1975,FIN,NLD,
1976,FIN,NLD,
1977,FIN,NLD,
1978,FIN,NLD,
1979,FIN,NLD,
1980,FIN,NLD,
1981,FIN,NLD,
1982,FIN,NLD,
1983,FIN,NLD,
1984,FIN,NLD,
1986,FIN,NLD,
1987,FIN,NLD,
1988,FIN,NLD,
1989,FIN,NLD,
1990,FIN,NLD,
1992,FIN,NLD,
1993,FIN,NLD,
1994,FIN,NLD,
1996,FIN,NLD,-.0098158346065233
1998,FIN,NLD,-.0058097768684142
2000,FIN,NLD,-.0433128557741769
2004,FIN,NLD,-.0244842262356786
2013,FIN,NLD,-.0490979507286995
2014,FIN,NLD,-.0306230091321962
2016,FIN,NLD,-.0432657757795198
2017,FIN,NLD,-.0558880498116029
2018,FIN,NLD,-.0432796883046477
2019,FIN,NLD,-.0428118169791231
2021,FIN,NLD,-.0457977370555291
2022,FIN,NLD,-.0546488142853861
2025,FIN,NLD,
1961,FIN,DEU,
1962,FIN,DEU,
1963,FIN,DEU,
1964,FIN,DEU,
1965,FIN,DEU,
1966,FIN,DEU,
1967,FIN,DEU,
1968,FIN,DEU,
1969,FIN,DEU,
1971,FIN,DEU,
1972,FIN,DEU,
1973,FIN,DEU,
1974,FIN,DEU,
1975,FIN,DEU,
1976,FIN,DEU,
1977,FIN,DEU,
1978,FIN,DEU,
1979,FIN,DEU,
1980,FIN,DEU,
1981,FIN,DEU,
1982,FIN,DEU,
1983,FIN,DEU,
1984,FIN,DEU,
1985,FIN,DEU,
1986,FIN,DEU,
1987,FIN,DEU,
1988,FIN,DEU,
1989,FIN,DEU,
1990,FIN,DEU,
1991,FIN,DEU,
1992,FIN,DEU,
1993,FIN,DEU,
1994,FIN,DEU,
1998,FIN,DEU,-.1564557926412541
2000,FIN,DEU,-.1939588715470163
2002,FIN,DEU,-.1741917294352324
2004,FIN,DEU,-.1751302420085175
2005,FIN,DEU,-.180973467865133
2006,FIN,DEU,-.1700061829606831
2007,FIN,DEU,-.1719682529966206
2008,FIN,DEU,-.1856815221336123
2009,FIN,DEU,-.1800996756437203
2010,FIN,DEU,-.1674534095330698
2011,FIN,DEU,-.176661545145857
2012,FIN,DEU,-.2048343567744518
2013,FIN,DEU,-.1997439665015392
2014,FIN,DEU,-.1812690249050364
2015,FIN,DEU,-.1863599094543399
2016,FIN,DEU,-.1939117915523592
2017,FIN,DEU,-.2065340655844421
2018,FIN,DEU,-.1939257040774873
2019,FIN,DEU,-.1934578327519615
2021,FIN,DEU,-.1964437528283695
2022,FIN,DEU,-.2052948300582257
2023,FIN,DEU,-.1861346105181519
2024,FIN,DEU,-.1725664513496226
2025,FIN,DEU,
2026,FIN,DEU,
1961,FIN,SWE,
1962,FIN,SWE,
1963,FIN,SWE,
1965,FIN,SWE,
1966,FIN,SWE,
1967,FIN,SWE,
1968,FIN,SWE,
1969,FIN,SWE,
1971,FIN,SWE,
1972,FIN,SWE,
1973,FIN,SWE,
1974,FIN,SWE,
1975,FIN,SWE,
1977,FIN,SWE,
1978,FIN,SWE,
1979,FIN,SWE,
1980,FIN,SWE,
1981,FIN,SWE,
1982,FIN,SWE,
1983,FIN,SWE,
1984,FIN,SWE,
1985,FIN,SWE,
1986,FIN,SWE,
1987,FIN,SWE,
1988,FIN,SWE,
1989,FIN,SWE,
1990,FIN,SWE,
1991,FIN,SWE,
1992,FIN,SWE,
1993,FIN,SWE,
1994,FIN,SWE,
1996,FIN,SWE,.1239017746347201
1998,FIN,SWE,.1279078323728309
2000,FIN,SWE,.0904047534670677
2002,FIN,SWE,.1101718955788523
2004,FIN,SWE,.1092333830055666
2005,FIN,SWE,.1033901571489513
2006,FIN,SWE,.1143574420534009
2007,FIN,SWE,.1123953720174627
2008,FIN,SWE,.0986821028804721
2009,FIN,SWE,.1042639493703635
2011,FIN,SWE,.1077020798682269
2012,FIN,SWE,.0795292682396325
2013,FIN,SWE,.0846196585125453
2014,FIN,SWE,.103094600109049
2015,FIN,SWE,.0980037155597447
2016,FIN,SWE,.0904518334617251
2017,FIN,SWE,.077829559429642
2018,FIN,SWE,.0904379209365967
2019,FIN,SWE,.0909057922621224
2021,FIN,SWE,.087919872185715
2022,FIN,SWE,.0790687949558592
2023,FIN,SWE,.098229014495933
2024,FIN,SWE,.1117971736644612
2025,FIN,SWE,
2026,FIN,SWE,
1961,FIN,AUT,
1962,FIN,AUT,
1963,FIN,AUT,
1964,FIN,AUT,
1965,FIN,AUT,
1966,FIN,AUT,
1967,FIN,AUT,
1968,FIN,AUT,
1971,FIN,AUT,
1972,FIN,AUT,
1976,FIN,AUT,
1977,FIN,AUT,
1978,FIN,AUT,
1979,FIN,AUT,
1980,FIN,AUT,
1981,FIN,AUT,
1982,FIN,AUT,
1983,FIN,AUT,
1984,FIN,AUT,
1985,FIN,AUT,
1986,FIN,AUT,
1987,FIN,AUT,
1988,FIN,AUT,
1989,FIN,AUT,
1990,FIN,AUT,
1991,FIN,AUT,
1992,FIN,AUT,
1993,FIN,AUT,
1994,FIN,AUT,
1996,FIN,AUT,-.012817361060916
2000,FIN,AUT,-.0463143822285689
2002,FIN,AUT,-.0265472401167855
2004,FIN,AUT,-.0274857526900706
2011,FIN,AUT,-.0290170558274102
2014,FIN,AUT,-.0336245355865893
2015,FIN,AUT,-.0387154201358934
2016,FIN,AUT,-.0462673022339121
2017,FIN,AUT,-.0588895762659951
2018,FIN,AUT,-.0462812147590408
2023,FIN,AUT,-.0384901211997045
2024,FIN,AUT,-.0249219620311756
2025,FIN,AUT,
2026,FIN,AUT,
1961,FIN,BEL,
1962,FIN,BEL,
1963,FIN,BEL,
1964,FIN,BEL,
1965,FIN,BEL,
1966,FIN,BEL,
1967,FIN,BEL,
1968,FIN,BEL,
1969,FIN,BEL,
1971,FIN,BEL,
1972,FIN,BEL,
1973,FIN,BEL,
1974,FIN,BEL,
1975,FIN,BEL,
1976,FIN,BEL,
1977,FIN,BEL,
1978,FIN,BEL,
1979,FIN,BEL,
1980,FIN,BEL,
1981,FIN,BEL,
1982,FIN,BEL,
1983,FIN,BEL,
1984,FIN,BEL,
1985,FIN,BEL,
1986,FIN,BEL,
1987,FIN,BEL,
1988,FIN,BEL,
1989,FIN,BEL,
1990,FIN,BEL,
1991,FIN,BEL,
1992,FIN,BEL,
1993,FIN,BEL,
1996,FIN,BEL,-.0121606119556292
1998,FIN,BEL,-.0081545542175195
2000,FIN,BEL,-.0456576331232827
2002,FIN,BEL,-.0258904910114984
2004,FIN,BEL,-.0268290035847839
2010,FIN,BEL,-.0191521711093359
2013,FIN,BEL,-.051442728077805
2015,FIN,BEL,-.0380586710306062
2016,FIN,BEL,-.0456105531286249
2017,FIN,BEL,-.0582328271607083
2021,FIN,BEL,-.0481425144046352
2022,FIN,BEL,-.0569935916344917
2023,FIN,BEL,-.0378333720944176
2026,FIN,BEL,
1961,FRA,YUG,
1962,FRA,YUG,
1963,FRA,YUG,
1964,FRA,YUG,
1965,FRA,YUG,
1966,FRA,YUG,
1967,FRA,YUG,
1968,FRA,YUG,
1969,FRA,YUG,
1970,FRA,YUG,
1971,FRA,YUG,
1972,FRA,YUG,
1973,FRA,YUG,
1975,FRA,YUG,
1976,FRA,YUG,
1981,FRA,YUG,
1983,FRA,YUG,
1984,FRA,YUG,
1986,FRA,YUG,
1987,FRA,YUG,
1988,FRA,YUG,
1989,FRA,YUG,
1990,FRA,YUG,
1991,FRA,YUG,
1992,FRA,YUG,
1961,FRA,ESP,
1962,FRA,ESP,
1963,FRA,ESP,
1964,FRA,ESP,
1965,FRA,ESP,
1966,FRA,ESP,
1967,FRA,ESP,
1968,FRA,ESP,
1969,FRA,ESP,
1970,FRA,ESP,
1971,FRA,ESP,
1972,FRA,ESP,
1973,FRA,ESP,
1975,FRA,ESP,
1976,FRA,ESP,
1977,FRA,ESP,
1978,FRA,ESP,
1979,FRA,ESP,
1980,FRA,ESP,
1981,FRA,ESP,
1983,FRA,ESP,
1984,FRA,ESP,
1985,FRA,ESP,
1986,FRA,ESP,
1987,FRA,ESP,
1988,FRA,ESP,
1989,FRA,ESP,
1990,FRA,ESP,
1991,FRA,ESP,
1992,FRA,ESP,
1993,FRA,ESP,
1994,FRA,ESP,
1995,FRA,ESP,-.0757973349781088
1996,FRA,ESP,-.0666738836709883
1997,FRA,ESP,-.0842990694685093
1998,FRA,ESP,-.062667825932879
1999,FRA,ESP,-.0621761819059221
2000,FRA,ESP,-.1001709048386416
2001,FRA,ESP,-.0671445609017528
2002,FRA,ESP,-.0804037627268579
2003,FRA,ESP,-.0770333014550921
2004,FRA,ESP,-.0813422753001429
2005,FRA,ESP,-.0871855011567581
2006,FRA,ESP,-.0762182162523082
2007,FRA,ESP,-.0781802862882462
2008,FRA,ESP,-.0918935554252378
2009,FRA,ESP,-.0863117089353455
2010,FRA,ESP,-.0736654428246943
2011,FRA,ESP,-.0828735784374817
2012,FRA,ESP,-.1110463900660771
2013,FRA,ESP,-.1059559997931641
2014,FRA,ESP,-.0874810581966609
2015,FRA,ESP,-.0925719427459651
2016,FRA,ESP,-.1001238248439841
2017,FRA,ESP,-.1127460988760677
2018,FRA,ESP,-.1001377373691122
2019,FRA,ESP,-.0996698660435866
2021,FRA,ESP,-.1026557861199948
2022,FRA,ESP,-.1115068633498514
2023,FRA,ESP,-.0923466438097772
2024,FRA,ESP,-.0787784846412479
2025,FRA,ESP,
1961,FRA,FIN,
1962,FRA,FIN,
1963,FRA,FIN,
1964,FRA,FIN,
1965,FRA,FIN,
1966,FRA,FIN,
1967,FRA,FIN,
1968,FRA,FIN,
1969,FRA,FIN,
1971,FRA,FIN,
1972,FRA,FIN,
1973,FRA,FIN,
1975,FRA,FIN,
1976,FRA,FIN,
1977,FRA,FIN,
1978,FRA,FIN,
1979,FRA,FIN,
1980,FRA,FIN,
1981,FRA,FIN,
1983,FRA,FIN,
1984,FRA,FIN,
1985,FRA,FIN,
1986,FRA,FIN,
1987,FRA,FIN,
1988,FRA,FIN,
1989,FRA,FIN,
1990,FRA,FIN,
1991,FRA,FIN,
1992,FRA,FIN,
1993,FRA,FIN,
1994,FRA,FIN,
1996,FRA,FIN,
1998,FRA,FIN,
2000,FRA,FIN,
2002,FRA,FIN,
2006,FRA,FIN,
2007,FRA,FIN,
2008,FRA,FIN,
2009,FRA,FIN,
2011,FRA,FIN,
2013,FRA,FIN,-.0487194805389141
2014,FRA,FIN,-.0302445389424116
2018,FRA,FIN,-.042901218114862
2021,FRA,FIN,-.0454192668657437
2022,FRA,FIN,-.0542703440956006
2023,FRA,FIN,-.0351101245555263
2024,FRA,FIN,-.0215419653869978
2025,FRA,FIN,
2026,FRA,FIN,
1961,DEU,YUG,
1962,DEU,YUG,
1963,DEU,YUG,
1964,DEU,YUG,
1965,DEU,YUG,
1966,DEU,YUG,
1967,DEU,YUG,
1968,DEU,YUG,
1969,DEU,YUG,
1970,DEU,YUG,
1971,DEU,YUG,
1972,DEU,YUG,
1973,DEU,YUG,
1974,DEU,YUG,
1975,DEU,YUG,
1976,DEU,YUG,
1981,DEU,YUG,
1982,DEU,YUG,
1983,DEU,YUG,
1984,DEU,YUG,
1986,DEU,YUG,
1987,DEU,YUG,
1988,DEU,YUG,
1989,DEU,YUG,
1990,DEU,YUG,
1991,DEU,YUG,
1992,DEU,YUG,
1961,DEU,ESP,
1962,DEU,ESP,
1963,DEU,ESP,
1964,DEU,ESP,
1965,DEU,ESP,
1966,DEU,ESP,
1967,DEU,ESP,
1968,DEU,ESP,
1969,DEU,ESP,
1970,DEU,ESP,
1971,DEU,ESP,
1972,DEU,ESP,
1973,DEU,ESP,
1974,DEU,ESP,
1975,DEU,ESP,
1976,DEU,ESP,
1977,DEU,ESP,
1978,DEU,ESP,
1979,DEU,ESP,
1980,DEU,ESP,
1981,DEU,ESP,
1982,DEU,ESP,
1983,DEU,ESP,
1984,DEU,ESP,
1985,DEU,ESP,
1986,DEU,ESP,
1987,DEU,ESP,
1988,DEU,ESP,
1989,DEU,ESP,
1990,DEU,ESP,
1991,DEU,ESP,
1992,DEU,ESP,
1993,DEU,ESP,
1994,DEU,ESP,
1995,DEU,ESP,-.1296738406863517
1997,DEU,ESP,-.1381755751767529
1998,DEU,ESP,-.1165443316411218
1999,DEU,ESP,-.1160526876141654
2000,DEU,ESP,-.1540474105468845
2001,DEU,ESP,-.1210210666099966
2002,DEU,ESP,-.134280268435101
2003,DEU,ESP,-.1309098071633363
2004,DEU,ESP,-.1352187810083864
2005,DEU,ESP,-.1410620068650017
2006,DEU,ESP,-.1300947219605521
2007,DEU,ESP,-.132056791996489
2008,DEU,ESP,-.1457700611334806
2009,DEU,ESP,-.1401882146435886
2010,DEU,ESP,-.1275419485329381
2011,DEU,ESP,-.1367500841457259
2012,DEU,ESP,-.1649228957743202
2013,DEU,ESP,-.1598325055014078
2014,DEU,ESP,-.1413575639049048
2015,DEU,ESP,-.1464484484542085
2016,DEU,ESP,-.1540003305522277
2017,DEU,ESP,-.166622604584311
2018,DEU,ESP,-.1540142430773561
2019,DEU,ESP,-.1535463717518304
2021,DEU,ESP,-.1565322918282378
2022,DEU,ESP,-.1653833690580943
2023,DEU,ESP,-.1462231495180205
2024,DEU,ESP,-.1326549903494922
2025,DEU,ESP,
1961,DEU,FIN,
1962,DEU,FIN,
1963,DEU,FIN,
1964,DEU,FIN,
1965,DEU,FIN,
1966,DEU,FIN,
1967,DEU,FIN,
1968,DEU,FIN,
1969,DEU,FIN,
1971,DEU,FIN,
1972,DEU,FIN,
1973,DEU,FIN,
1974,DEU,FIN,
1975,DEU,FIN,
1976,DEU,FIN,
1977,DEU,FIN,
1978,DEU,FIN,
1979,DEU,FIN,
1980,DEU,FIN,
1981,DEU,FIN,
1982,DEU,FIN,
1983,DEU,FIN,
1984,DEU,FIN,
1985,DEU,FIN,
1986,DEU,FIN,
1987,DEU,FIN,
1988,DEU,FIN,
1989,DEU,FIN,
1990,DEU,FIN,
1991,DEU,FIN,
1992,DEU,FIN,
1993,DEU,FIN,
1994,DEU,FIN,
1998,DEU,FIN,
2000,DEU,FIN,
2002,DEU,FIN,
2006,DEU,FIN,
2007,DEU,FIN,
2008,DEU,FIN,
2009,DEU,FIN,
2011,DEU,FIN,
2013,DEU,FIN,
2014,DEU,FIN,
2018,DEU,FIN,
2021,DEU,FIN,-.099295772573987
2022,DEU,FIN,-.1081468498038441
2023,DEU,FIN,-.0889866302637695
2024,DEU,FIN,-.0754184710952414
2025,DEU,FIN,
2026,DEU,FIN,
1961,ITA,YUG,
1962,ITA,YUG,
1963,ITA,YUG,
1964,ITA,YUG,
1965,ITA,YUG,
1966,ITA,YUG,
1967,ITA,YUG,
1968,ITA,YUG,
1969,ITA,YUG,
1970,ITA,YUG,
1971,ITA,YUG,
1972,ITA,YUG,
1973,ITA,YUG,
1974,ITA,YUG,
1975,ITA,YUG,
1976,ITA,YUG,
1983,ITA,YUG,
1984,ITA,YUG,
1987,ITA,YUG,
1988,ITA,YUG,
1989,ITA,YUG,
1990,ITA,YUG,
1991,ITA,YUG,
1992,ITA,YUG,
1961,ITA,ESP,
1962,ITA,ESP,
1963,ITA,ESP,
1964,ITA,ESP,
1965,ITA,ESP,
1966,ITA,ESP,
1967,ITA,ESP,
1968,ITA,ESP,
1969,ITA,ESP,
1970,ITA,ESP,
1971,ITA,ESP,
1972,ITA,ESP,
1973,ITA,ESP,
1974,ITA,ESP,
1975,ITA,ESP,
1976,ITA,ESP,
1977,ITA,ESP,
1978,ITA,ESP,
1979,ITA,ESP,
1980,ITA,ESP,
1983,ITA,ESP,
1984,ITA,ESP,
1985,ITA,ESP,
1987,ITA,ESP,
1988,ITA,ESP,
1989,ITA,ESP,
1990,ITA,ESP,
1991,ITA,ESP,
1992,ITA,ESP,
1993,ITA,ESP,
1997,ITA,ESP,-.1198451469009698
2011,ITA,ESP,-.1184196558699427
2012,ITA,ESP,-.1465924674985375
2013,ITA,ESP,-.1415020772256244
2014,ITA,ESP,-.1230271356291219
2015,ITA,ESP,-.1281180201784257
2016,ITA,ESP,-.135669902276444
2017,ITA,ESP,-.1482921763085281
2018,ITA,ESP,-.1356838148015724
2019,ITA,ESP,-.1352159434760474
2021,ITA,ESP,-.1382018635524545
2022,ITA,ESP,-.1470529407823112
2023,ITA,ESP,-.1278927212422374
2024,ITA,ESP,-.1143245620737083
2025,ITA,ESP,
1961,ITA,FIN,
1962,ITA,FIN,
1963,ITA,FIN,
1964,ITA,FIN,
1965,ITA,FIN,
1966,ITA,FIN,
1967,ITA,FIN,
1968,ITA,FIN,
1969,ITA,FIN,
1971,ITA,FIN,
1972,ITA,FIN,
1973,ITA,FIN,
1974,ITA,FIN,
1975,ITA,FIN,
1976,ITA,FIN,
1977,ITA,FIN,
1978,ITA,FIN,
1979,ITA,FIN,
1980,ITA,FIN,
1983,ITA,FIN,
1984,ITA,FIN,
1985,ITA,FIN,
1987,ITA,FIN,
1988,ITA,FIN,
1989,ITA,FIN,
1990,ITA,FIN,
1991,ITA,FIN,
1992,ITA,FIN,
1993,ITA,FIN,
2011,ITA,FIN,-.061183136615692
2013,ITA,FIN,-.0842655579713742
2014,ITA,FIN,-.0657906163748711
2018,ITA,FIN,-.0784472955473225
2021,ITA,FIN,-.0809653442982041
2022,ITA,FIN,-.0898164215280611
2023,ITA,FIN,-.0706562019879868
2024,ITA,FIN,-.0570880428194582
2025,ITA,FIN,
2026,ITA,FIN,
1961,LUX,YUG,
1962,LUX,YUG,
1963,LUX,YUG,
1964,LUX,YUG,
1965,LUX,YUG,
1966,LUX,YUG,
1967,LUX,YUG,
1968,LUX,YUG,
1969,LUX,YUG,
1970,LUX,YUG,
1971,LUX,YUG,
1972,LUX,YUG,
1973,LUX,YUG,
1974,LUX,YUG,
1975,LUX,YUG,
1976,LUX,YUG,
1981,LUX,YUG,
1982,LUX,YUG,
1983,LUX,YUG,
1984,LUX,YUG,
1986,LUX,YUG,
1987,LUX,YUG,
1988,LUX,YUG,
1989,LUX,YUG,
1990,LUX,YUG,
1991,LUX,YUG,
1992,LUX,YUG,
1961,LUX,ESP,
1962,LUX,ESP,
1963,LUX,ESP,
1964,LUX,ESP,
1965,LUX,ESP,
1966,LUX,ESP,
1967,LUX,ESP,
1968,LUX,ESP,
1969,LUX,ESP,
1970,LUX,ESP,
1971,LUX,ESP,
1972,LUX,ESP,
1973,LUX,ESP,
1974,LUX,ESP,
1975,LUX,ESP,
1976,LUX,ESP,
1977,LUX,ESP,
1978,LUX,ESP,
1979,LUX,ESP,
1980,LUX,ESP,
1981,LUX,ESP,
1982,LUX,ESP,
1983,LUX,ESP,
1984,LUX,ESP,
1985,LUX,ESP,
1986,LUX,ESP,
1987,LUX,ESP,
1988,LUX,ESP,
1989,LUX,ESP,
1990,LUX,ESP,
1991,LUX,ESP,
1992,LUX,ESP,
1993,LUX,ESP,
2024,LUX,ESP,-.0562009452337
2025,LUX,ESP,
1961,LUX,FIN,
1962,LUX,FIN,
1963,LUX,FIN,
1964,LUX,FIN,
1965,LUX,FIN,
1966,LUX,FIN,
1967,LUX,FIN,
1968,LUX,FIN,
1969,LUX,FIN,
1971,LUX,FIN,
1972,LUX,FIN,
1973,LUX,FIN,
1974,LUX,FIN,
1975,LUX,FIN,
1976,LUX,FIN,
1977,LUX,FIN,
1978,LUX,FIN,
1979,LUX,FIN,
1980,LUX,FIN,
1981,LUX,FIN,
1982,LUX,FIN,
1983,LUX,FIN,
1984,LUX,FIN,
1985,LUX,FIN,
1986,LUX,FIN,
1987,LUX,FIN,
1988,LUX,FIN,
1989,LUX,FIN,
1990,LUX,FIN,
1991,LUX,FIN,
1992,LUX,FIN,
1993,LUX,FIN,
2024,LUX,FIN,.0010355740205501
2025,LUX,FIN,
2026,LUX,FIN,
1961,MCO,YUG,
1962,MCO,YUG,
1963,MCO,YUG,
1964,MCO,YUG,
1965,MCO,YUG,
1966,MCO,YUG,
1967,MCO,YUG,
1968,MCO,YUG,
1969,MCO,YUG,
1970,MCO,YUG,
1971,MCO,YUG,
1972,MCO,YUG,
1973,MCO,YUG,
1974,MCO,YUG,
1975,MCO,YUG,
1976,MCO,YUG,
1961,MCO,ESP,
1962,MCO,ESP,
1963,MCO,ESP,
1964,MCO,ESP,
1965,MCO,ESP,
1966,MCO,ESP,
1967,MCO,ESP,
1968,MCO,ESP,
1969,MCO,ESP,
1970,MCO,ESP,
1971,MCO,ESP,
1972,MCO,ESP,
1973,MCO,ESP,
1974,MCO,ESP,
1975,MCO,ESP,
1976,MCO,ESP,
1977,MCO,ESP,
1978,MCO,ESP,
1979,MCO,ESP,
2004,MCO,ESP,
2005,MCO,ESP,
2006,MCO,ESP,
1961,MCO,FIN,
1962,MCO,FIN,
1963,MCO,FIN,
1964,MCO,FIN,
1965,MCO,FIN,
1966,MCO,FIN,
1967,MCO,FIN,
1968,MCO,FIN,
1969,MCO,FIN,
1971,MCO,FIN,
1972,MCO,FIN,
1973,MCO,FIN,
1974,MCO,FIN,
1975,MCO,FIN,
1976,MCO,FIN,
1977,MCO,FIN,
1978,MCO,FIN,
1979,MCO,FIN,
2006,MCO,FIN,
1961,NLD,YUG,
1962,NLD,YUG,
1963,NLD,YUG,
1964,NLD,YUG,
1965,NLD,YUG,
1966,NLD,YUG,
1967,NLD,YUG,
1968,NLD,YUG,
1969,NLD,YUG,
1970,NLD,YUG,
1971,NLD,YUG,
1972,NLD,YUG,
1973,NLD,YUG,
1974,NLD,YUG,
1975,NLD,YUG,
1976,NLD,YUG,
1981,NLD,YUG,
1982,NLD,YUG,
1983,NLD,YUG,
1984,NLD,YUG,
1986,NLD,YUG,
1987,NLD,YUG,
1988,NLD,YUG,
1989,NLD,YUG,
1990,NLD,YUG,
1992,NLD,YUG,
1961,NLD,ESP,
1962,NLD,ESP,
1963,NLD,ESP,
1964,NLD,ESP,
1965,NLD,ESP,
1966,NLD,ESP,
1967,NLD,ESP,
1968,NLD,ESP,
1969,NLD,ESP,
1970,NLD,ESP,
1971,NLD,ESP,
1972,NLD,ESP,
1973,NLD,ESP,
1974,NLD,ESP,
1975,NLD,ESP,
1976,NLD,ESP,
1977,NLD,ESP,
1978,NLD,ESP,
1979,NLD,ESP,
1980,NLD,ESP,
1981,NLD,ESP,
1982,NLD,ESP,
1983,NLD,ESP,
1984,NLD,ESP,
1986,NLD,ESP,
1987,NLD,ESP,
1988,NLD,ESP,
1989,NLD,ESP,
1990,NLD,ESP,
1992,NLD,ESP,
1993,NLD,ESP,
1994,NLD,ESP,
1996,NLD,ESP,-.1109102483976946
1997,NLD,ESP,-.1285354341952158
1998,NLD,ESP,-.1069041906595849
1999,NLD,ESP,-.1064125466326285
2000,NLD,ESP,-.1444072695653475
2001,NLD,ESP,-.1113809256284593
2003,NLD,ESP,-.1212696661817994
2004,NLD,ESP,-.1255786400268494
2005,NLD,ESP,-.1314218658834645
2006,NLD,ESP,-.1204545809790151
2007,NLD,ESP,-.1224166510149517
2008,NLD,ESP,-.1361299201519438
2009,NLD,ESP,-.1305480736620517
2010,NLD,ESP,-.1179018075514013
2011,NLD,ESP,-.1271099431641886
2012,NLD,ESP,-.1552827547927833
2013,NLD,ESP,-.1501923645198707
2014,NLD,ESP,-.1317174229233682
2015,NLD,ESP,-.1368083074726716
2016,NLD,ESP,-.1443601895706907
2017,NLD,ESP,-.1569824636027742
2018,NLD,ESP,-.1443741020958188
2019,NLD,ESP,-.1439062307702935
2021,NLD,ESP,-.1468921508467008
2022,NLD,ESP,-.1557432280765568
2023,NLD,ESP,-.1365830085364835
2024,NLD,ESP,-.1230148493679549
2025,NLD,ESP,
1961,NLD,FIN,
1962,NLD,FIN,
1963,NLD,FIN,
1964,NLD,FIN,
1965,NLD,FIN,
1966,NLD,FIN,
1967,NLD,FIN,
1968,NLD,FIN,
1969,NLD,FIN,
1971,NLD,FIN,
1972,NLD,FIN,
1973,NLD,FIN,
1974,NLD,FIN,
1975,NLD,FIN,
1976,NLD,FIN,
1977,NLD,FIN,
1978,NLD,FIN,
1979,NLD,FIN,
1980,NLD,FIN,
1981,NLD,FIN,
1982,NLD,FIN,
1983,NLD,FIN,
1984,NLD,FIN,
1986,NLD,FIN,
1987,NLD,FIN,
1988,NLD,FIN,
1989,NLD,FIN,
1990,NLD,FIN,
1992,NLD,FIN,
1993,NLD,FIN,
1994,NLD,FIN,
1996,NLD,FIN,
1998,NLD,FIN,
2000,NLD,FIN,
2006,NLD,FIN,
2007,NLD,FIN,
2008,NLD,FIN,-.0788934008976941
2009,NLD,FIN,-.0733115544078015
2011,NLD,FIN,-.0698734239099384
2013,NLD,FIN,-.0929558452656204
2014,NLD,FIN,-.0744809036691176
2018,NLD,FIN,-.0871375828415685
2021,NLD,FIN,-.0896556315924504
2022,NLD,FIN,-.0985067088223068
2023,NLD,FIN,-.0793464892822333
2024,NLD,FIN,-.0657783301137044
2025,NLD,FIN,
1961,NOR,YUG,
1962,NOR,YUG,
1963,NOR,YUG,
1964,NOR,YUG,
1965,NOR,YUG,
1966,NOR,YUG,
1967,NOR,YUG,
1968,NOR,YUG,
1969,NOR,YUG,
1971,NOR,YUG,
1972,NOR,YUG,
1973,NOR,YUG,
1974,NOR,YUG,
1975,NOR,YUG,
1976,NOR,YUG,
1981,NOR,YUG,
1982,NOR,YUG,
1983,NOR,YUG,
1984,NOR,YUG,
1986,NOR,YUG,
1987,NOR,YUG,
1988,NOR,YUG,
1989,NOR,YUG,
1990,NOR,YUG,
1991,NOR,YUG,
1992,NOR,YUG,
1961,NOR,ESP,
1962,NOR,ESP,
1963,NOR,ESP,
1964,NOR,ESP,
1965,NOR,ESP,
1966,NOR,ESP,
1967,NOR,ESP,
1968,NOR,ESP,
1969,NOR,ESP,
1971,NOR,ESP,
1972,NOR,ESP,
1973,NOR,ESP,
1974,NOR,ESP,
1975,NOR,ESP,
1976,NOR,ESP,
1977,NOR,ESP,
1978,NOR,ESP,
1979,NOR,ESP,
1980,NOR,ESP,
1981,NOR,ESP,
1982,NOR,ESP,
1983,NOR,ESP,
1984,NOR,ESP,
1985,NOR,ESP,
1986,NOR,ESP,
1987,NOR,ESP,
1988,NOR,ESP,
1989,NOR,ESP,
1990,NOR,ESP,
1991,NOR,ESP,
1992,NOR,ESP,
1993,NOR,ESP,
1994,NOR,ESP,
1995,NOR,ESP,-.0900186225327545
1996,NOR,ESP,-.0808951712256338
1997,NOR,ESP,-.0985203570231551
1998,NOR,ESP,-.0768891134875244
1999,NOR,ESP,-.0763974694605679
2000,NOR,ESP,-.114392192393287
2001,NOR,ESP,-.0813658484563982
2003,NOR,ESP,-.0912545890097375
2004,NOR,ESP,-.095563562854788
2005,NOR,ESP,-.1014067887114033
2006,NOR,ESP,-.0904395038069539
2007,NOR,ESP,-.0924015738428911
2008,NOR,ESP,-.1061148429798832
2009,NOR,ESP,-.1005329964899903
2010,NOR,ESP,-.0878867303793398
2011,NOR,ESP,-.0970948659921281
2012,NOR,ESP,-.1252676776207227
2013,NOR,ESP,-.1201772873478096
2014,NOR,ESP,-.1017023457513064
2015,NOR,ESP,-.1067932303006109
2016,NOR,ESP,-.1143451123986298
2017,NOR,ESP,-.1269673864307125
2018,NOR,ESP,-.1143590249237575
2019,NOR,ESP,-.1138911535982325
2021,NOR,ESP,-.1168770736746397
2022,NOR,ESP,-.125728150904496
2023,NOR,ESP,-.1065679313644222
2024,NOR,ESP,-.0929997721958932
2025,NOR,ESP,
1961,NOR,FIN,
1962,NOR,FIN,
1963,NOR,FIN,
1964,NOR,FIN,
1965,NOR,FIN,
1966,NOR,FIN,
1967,NOR,FIN,
1968,NOR,FIN,
1969,NOR,FIN,
1971,NOR,FIN,
1972,NOR,FIN,
1973,NOR,FIN,
1974,NOR,FIN,
1975,NOR,FIN,
1976,NOR,FIN,
1977,NOR,FIN,
1978,NOR,FIN,
1979,NOR,FIN,
1980,NOR,FIN,
1981,NOR,FIN,
1982,NOR,FIN,
1983,NOR,FIN,
1984,NOR,FIN,
1985,NOR,FIN,
1986,NOR,FIN,
1987,NOR,FIN,
1988,NOR,FIN,
1989,NOR,FIN,
1990,NOR,FIN,
1991,NOR,FIN,
1992,NOR,FIN,
1993,NOR,FIN,
1994,NOR,FIN,
1996,NOR,FIN,-.0236586519713831
1998,NOR,FIN,-.0196525942332735
2000,NOR,FIN,-.0571556731390362
2006,NOR,FIN,-.0332029845527039
2007,NOR,FIN,-.0351650545886407
2008,NOR,FIN,-.0488783237256323
2009,NOR,FIN,-.0432964772357408
2011,NOR,FIN,-.0398583467378768
2013,NOR,FIN,-.0629407680935594
2014,NOR,FIN,-.0444658264970552
2018,NOR,FIN,-.0571225056695074
2021,NOR,FIN,-.0596405544203888
2022,NOR,FIN,-.0684916316502457
2023,NOR,FIN,-.0493314121101718
2024,NOR,FIN,-.0357632529416428
2025,NOR,FIN,
2026,NOR,FIN,
1961,ESP,LUX,
1962,ESP,LUX,
1963,ESP,LUX,
1964,ESP,LUX,
1965,ESP,LUX,
1966,ESP,LUX,
1967,ESP,LUX,
1968,ESP,LUX,
1969,ESP,LUX,
1970,ESP,LUX,
1971,ESP,LUX,
1972,ESP,LUX,
1973,ESP,LUX,
1974,ESP,LUX,
1975,ESP,LUX,
1976,ESP,LUX,
1977,ESP,LUX,
1978,ESP,LUX,
1979,ESP,LUX,
1980,ESP,LUX,
1981,ESP,LUX,
1982,ESP,LUX,
1983,ESP,LUX,
1984,ESP,LUX,
1985,ESP,LUX,
1986,ESP,LUX,
1987,ESP,LUX,
1988,ESP,LUX,
1989,ESP,LUX,
1990,ESP,LUX,
1991,ESP,LUX,
1992,ESP,LUX,
1993,ESP,LUX,
2024,ESP,LUX,
2025,ESP,LUX,
1961,ESP,GBR,
1962,ESP,GBR,
1963,ESP,GBR,
1964,ESP,GBR,
1965,ESP,GBR,
1966,ESP,GBR,
1967,ESP,GBR,
1968,ESP,GBR,
1969,ESP,GBR,
1970,ESP,GBR,
1971,ESP,GBR,
1972,ESP,GBR,
1973,ESP,GBR,
1974,ESP,GBR,
1975,ESP,GBR,
1976,ESP,GBR,
1977,ESP,GBR,
1978,ESP,GBR,
1979,ESP,GBR,
1980,ESP,GBR,
1981,ESP,GBR,
1982,ESP,GBR,
1983,ESP,GBR,
1984,ESP,GBR,
1985,ESP,GBR,
1986,ESP,GBR,
1987,ESP,GBR,
1988,ESP,GBR,
1989,ESP,GBR,
1990,ESP,GBR,
1991,ESP,GBR,
1992,ESP,GBR,
1993,ESP,GBR,
1994,ESP,GBR,
1995,ESP,GBR,-.0866379319711856
1996,ESP,GBR,-.077514480664065
1997,ESP,GBR,-.0951396664615858
1998,ESP,GBR,-.0735084229259557
1999,ESP,GBR,-.0730167788989984
2000,ESP,GBR,-.1110115018317178
2001,ESP,GBR,-.0779851578948294
2002,ESP,GBR,-.0912443597199338
2003,ESP,GBR,-.087873898448169
2004,ESP,GBR,-.0921828722932196
2005,ESP,GBR,-.0980260981498347
2006,ESP,GBR,-.0870588132453846
2007,ESP,GBR,-.0890208832813223
2008,ESP,GBR,-.1027341524183144
2009,ESP,GBR,-.0971523059284223
2010,ESP,GBR,-.084506039817771
2011,ESP,GBR,-.0937141754305588
2012,ESP,GBR,-.1218869870591533
2013,ESP,GBR,-.1167965967862411
2014,ESP,GBR,-.0983216551897381
2015,ESP,GBR,-.1034125397390416
2016,ESP,GBR,-.1109644218370608
2017,ESP,GBR,-.1235866958691442
2018,ESP,GBR,-.1109783343621883
2019,ESP,GBR,-.1105104630366633
2021,ESP,GBR,-.1134963831130705
2022,ESP,GBR,-.1223474603429274
2023,ESP,GBR,-.1031872408028532
2024,ESP,GBR,-.0896190816343246
2025,ESP,GBR,
1961,ESP,CHE,
1962,ESP,CHE,
1963,ESP,CHE,
1964,ESP,CHE,
1965,ESP,CHE,
1966,ESP,CHE,
1967,ESP,CHE,
1968,ESP,CHE,
1969,ESP,CHE,
1970,ESP,CHE,
1971,ESP,CHE,
1972,ESP,CHE,
1973,ESP,CHE,
1974,ESP,CHE,
1975,ESP,CHE,
1976,ESP,CHE,
1977,ESP,CHE,
1978,ESP,CHE,
1979,ESP,CHE,
1980,ESP,CHE,
1981,ESP,CHE,
1982,ESP,CHE,
1983,ESP,CHE,
1984,ESP,CHE,
1985,ESP,CHE,
1986,ESP,CHE,
1987,ESP,CHE,
1988,ESP,CHE,
1989,ESP,CHE,
1990,ESP,CHE,
1991,ESP,CHE,
1992,ESP,CHE,
1993,ESP,CHE,
1994,ESP,CHE,
1996,ESP,CHE,.0269017194895677
1997,ESP,CHE,.0092765336920463
1998,ESP,CHE,.0309077772276766
2000,ESP,CHE,-.0065953016780859
2002,ESP,CHE,.0131718404336978
2005,ESP,CHE,.0063901020037975
2006,ESP,CHE,.0173573869082473
2011,ESP,CHE,.0107020247230734
2014,ESP,CHE,.0060945449638941
2019,ESP,CHE,-.0060942628830319
2021,ESP,CHE,-.0090801829594388
2022,ESP,CHE,-.017931260189295
2023,ESP,CHE,.0012289593507787
2024,ESP,CHE,.0147971185193075
2025,ESP,CHE,
1961,ESP,FRA,
1962,ESP,FRA,
1963,ESP,FRA,
1964,ESP,FRA,
1965,ESP,FRA,
1966,ESP,FRA,
1967,ESP,FRA,
1968,ESP,FRA,
1969,ESP,FRA,
1970,ESP,FRA,
1971,ESP,FRA,
1972,ESP,FRA,
1973,ESP,FRA,
1975,ESP,FRA,
1976,ESP,FRA,
1977,ESP,FRA,
1978,ESP,FRA,
1979,ESP,FRA,
1980,ESP,FRA,
1981,ESP,FRA,
1983,ESP,FRA,
1984,ESP,FRA,
1985,ESP,FRA,
1986,ESP,FRA,
1987,ESP,FRA,
1988,ESP,FRA,
1989,ESP,FRA,
1990,ESP,FRA,
1991,ESP,FRA,
1992,ESP,FRA,
1993,ESP,FRA,
1994,ESP,FRA,
1995,ESP,FRA,-.0615353624115123
1996,ESP,FRA,-.0524119111043921
1997,ESP,FRA,-.0700370969019131
1998,ESP,FRA,-.0484058533662817
1999,ESP,FRA,-.0479142093393258
2000,ESP,FRA,-.0859089322720449
2001,ESP,FRA,-.0528825883351565
2002,ESP,FRA,-.0661417901602606
2003,ESP,FRA,-.0627713288884958
2004,ESP,FRA,-.0670803027335463
2005,ESP,FRA,-.0729235285901615
2006,ESP,FRA,-.061956243685712
2007,ESP,FRA,-.0639183137216492
2008,ESP,FRA,-.0776315828586408
2009,ESP,FRA,-.0720497363687488
2010,ESP,FRA,-.0594034702580978
2011,ESP,FRA,-.0686116058708848
2012,ESP,FRA,-.0967844174994802
2013,ESP,FRA,-.0916940272265679
2014,ESP,FRA,-.0732190856300647
2015,ESP,FRA,-.0783099701793684
2016,ESP,FRA,-.0858618522773881
2017,ESP,FRA,-.098484126309471
2018,ESP,FRA,-.0858757648025157
2019,ESP,FRA,-.0854078934769906
2021,ESP,FRA,-.0883938135533977
2022,ESP,FRA,-.0972448907832543
2023,ESP,FRA,-.0780846712431809
2024,ESP,FRA,-.0645165120746517
2025,ESP,FRA,
1961,ESP,DNK,
1962,ESP,DNK,
1963,ESP,DNK,
1964,ESP,DNK,
1965,ESP,DNK,
1966,ESP,DNK,
1978,ESP,DNK,
1979,ESP,DNK,
1980,ESP,DNK,
1981,ESP,DNK,
1982,ESP,DNK,
1983,ESP,DNK,
1984,ESP,DNK,
1985,ESP,DNK,
1986,ESP,DNK,
1987,ESP,DNK,
1988,ESP,DNK,
1989,ESP,DNK,
1990,ESP,DNK,
1991,ESP,DNK,
1992,ESP,DNK,
1993,ESP,DNK,
1995,ESP,DNK,
1997,ESP,DNK,
1999,ESP,DNK,
2000,ESP,DNK,
2001,ESP,DNK,
2002,ESP,DNK,
2005,ESP,DNK,
2006,ESP,DNK,
2008,ESP,DNK,.0616038117914926
2009,ESP,DNK,.0671856582813847
2010,ESP,DNK,.0798319243920356
2011,ESP,DNK,.0706237887792475
2012,ESP,DNK,.0424509771506528
2013,ESP,DNK,.0475413674235659
2014,ESP,DNK,.066016309020069
2017,ESP,DNK,.0407512683406625
2018,ESP,DNK,.0533596298476179
2019,ESP,DNK,.0538275011731427
2025,ESP,DNK,
1961,ESP,ITA,
1962,ESP,ITA,
1963,ESP,ITA,
1964,ESP,ITA,
1965,ESP,ITA,
1966,ESP,ITA,
1967,ESP,ITA,
1968,ESP,ITA,
1969,ESP,ITA,
1970,ESP,ITA,
1971,ESP,ITA,
1972,ESP,ITA,
1973,ESP,ITA,
1974,ESP,ITA,
1975,ESP,ITA,
1976,ESP,ITA,
1977,ESP,ITA,
1978,ESP,ITA,
1979,ESP,ITA,
1980,ESP,ITA,
1983,ESP,ITA,
1984,ESP,ITA,
1985,ESP,ITA,
1987,ESP,ITA,
1988,ESP,ITA,
1989,ESP,ITA,
1990,ESP,ITA,
1991,ESP,ITA,
1992,ESP,ITA,
1993,ESP,ITA,
1997,ESP,ITA,.1016951647159021
2011,ESP,ITA,.10312065574693
2012,ESP,ITA,.0749478441183344
2013,ESP,ITA,.080038234391247
2014,ESP,ITA,.0985131759877505
2015,ESP,ITA,.0934222914384464
2016,ESP,ITA,.0858704093404267
2017,ESP,ITA,.0732481353083437
2018,ESP,ITA,.0858564968152992
2019,ESP,ITA,.0863243681408248
2021,ESP,ITA,.0833384480644167
2022,ESP,ITA,.0744873708345605
2023,ESP,ITA,.0936475903746349
2024,ESP,ITA,.1072157495431633
2025,ESP,ITA,
1961,ESP,NOR,
1962,ESP,NOR,
1963,ESP,NOR,
1964,ESP,NOR,
1965,ESP,NOR,
1966,ESP,NOR,
1967,ESP,NOR,
1968,ESP,NOR,
1969,ESP,NOR,
1971,ESP,NOR,
1972,ESP,NOR,
1973,ESP,NOR,
1974,ESP,NOR,
1975,ESP,NOR,
1976,ESP,NOR,
1977,ESP,NOR,
1978,ESP,NOR,
1979,ESP,NOR,
1980,ESP,NOR,
1981,ESP,NOR,
1982,ESP,NOR,
1983,ESP,NOR,
1984,ESP,NOR,
1985,ESP,NOR,
1986,ESP,NOR,
1987,ESP,NOR,
1988,ESP,NOR,
1989,ESP,NOR,
1990,ESP,NOR,
1991,ESP,NOR,
1992,ESP,NOR,
1993,ESP,NOR,
1994,ESP,NOR,
1995,ESP,NOR,
1996,ESP,NOR,
1997,ESP,NOR,
1998,ESP,NOR,
1999,ESP,NOR,
2000,ESP,NOR,
2001,ESP,NOR,
2003,ESP,NOR,
2004,ESP,NOR,
2005,ESP,NOR,
2006,ESP,NOR,
2008,ESP,NOR,.0517949899299231
2009,ESP,NOR,.0573768364198146
2010,ESP,NOR,.0700231025304662
2012,ESP,NOR,.0326421552890835
2013,ESP,NOR,.0377325455619957
2014,ESP,NOR,.0562074871584992
2015,ESP,NOR,.0511166026091947
2017,ESP,NOR,.030942446479093
2018,ESP,NOR,.0435508079860483
2019,ESP,NOR,.0440186793115731
2021,ESP,NOR,.0410327592351661
2022,ESP,NOR,.0321816820053091
2023,ESP,NOR,.0513419015453827
2024,ESP,NOR,.0649100607139126
2025,ESP,NOR,
1961,ESP,YUG,
1962,ESP,YUG,
1963,ESP,YUG,
1964,ESP,YUG,
1965,ESP,YUG,
1966,ESP,YUG,
1967,ESP,YUG,
1968,ESP,YUG,
1969,ESP,YUG,
1970,ESP,YUG,
1971,ESP,YUG,
1972,ESP,YUG,
1973,ESP,YUG,
1974,ESP,YUG,
1975,ESP,YUG,
1976,ESP,YUG,
1981,ESP,YUG,
1982,ESP,YUG,
1983,ESP,YUG,
1984,ESP,YUG,
1986,ESP,YUG,
1987,ESP,YUG,
1988,ESP,YUG,
1989,ESP,YUG,
1990,ESP,YUG,
1991,ESP,YUG,
1992,ESP,YUG,
1961,ESP,MCO,
1962,ESP,MCO,
1963,ESP,MCO,
1964,ESP,MCO,
1965,ESP,MCO,
1966,ESP,MCO,
1967,ESP,MCO,
1968,ESP,MCO,
1969,ESP,MCO,
1970,ESP,MCO,
1971,ESP,MCO,
1972,ESP,MCO,
1973,ESP,MCO,
1974,ESP,MCO,
1975,ESP,MCO,
1976,ESP,MCO,
1977,ESP,MCO,
1978,ESP,MCO,
1979,ESP,MCO,
1961,ESP,FIN,
1962,ESP,FIN,
1963,ESP,FIN,
1964,ESP,FIN,
1965,ESP,FIN,
1966,ESP,FIN,
1967,ESP,FIN,
1968,ESP,FIN,
1969,ESP,FIN,
1971,ESP,FIN,
1972,ESP,FIN,
1973,ESP,FIN,
1974,ESP,FIN,
1975,ESP,FIN,
1976,ESP,FIN,
1977,ESP,FIN,
1978,ESP,FIN,
1979,ESP,FIN,
1980,ESP,FIN,
1981,ESP,FIN,
1982,ESP,FIN,
1983,ESP,FIN,
1984,ESP,FIN,
1985,ESP,FIN,
1986,ESP,FIN,
1987,ESP,FIN,
1988,ESP,FIN,
1989,ESP,FIN,
1990,ESP,FIN,
1991,ESP,FIN,
1992,ESP,FIN,
1993,ESP,FIN,
1994,ESP,FIN,
1996,ESP,FIN,
1998,ESP,FIN,
2000,ESP,FIN,
2002,ESP,FIN,
2006,ESP,FIN,
2007,ESP,FIN,
2008,ESP,FIN,-.0146980635652616
2009,ESP,FIN,-.0091162170753692
2011,ESP,FIN,-.0056780865775059
2013,ESP,FIN,-.0287605079331883
2014,ESP,FIN,-.0102855663366853
2018,ESP,FIN,-.022942245509136
2021,ESP,FIN,-.025460294260018
2022,ESP,FIN,-.0343113714898746
2023,ESP,FIN,-.0151511519498001
2024,ESP,FIN,-.0015829927812721
2025,ESP,FIN,
1961,ESP,NLD,
1962,ESP,NLD,
1963,ESP,NLD,
1964,ESP,NLD,
1965,ESP,NLD,
1966,ESP,NLD,
1967,ESP,NLD,
1968,ESP,NLD,
1969,ESP,NLD,
1970,ESP,NLD,
1971,ESP,NLD,
1972,ESP,NLD,
1973,ESP,NLD,
1974,ESP,NLD,
1975,ESP,NLD,
1976,ESP,NLD,
1977,ESP,NLD,
1978,ESP,NLD,
1979,ESP,NLD,
1980,ESP,NLD,
1981,ESP,NLD,
1982,ESP,NLD,
1983,ESP,NLD,
1984,ESP,NLD,
1986,ESP,NLD,
1987,ESP,NLD,
1988,ESP,NLD,
1989,ESP,NLD,
1990,ESP,NLD,
1992,ESP,NLD,
1993,ESP,NLD,
1994,ESP,NLD,
1996,ESP,NLD,.0293989709856266
1997,ESP,NLD,.011773785188106
1998,ESP,NLD,.0334050287237364
1999,ESP,NLD,.0338966727506928
2000,ESP,NLD,-.0040980501820263
2001,ESP,NLD,.0289282937548623
2003,ESP,NLD,.0190395532015228
2004,ESP,NLD,.0147305793564724
2013,ESP,NLD,-.0098831451365495
2014,ESP,NLD,.0085917964599538
2016,ESP,NLD,-.0040509701873694
2017,ESP,NLD,-.0166732442194523
2018,ESP,NLD,-.0040648827124973
2019,ESP,NLD,-.0035970113869719
2021,ESP,NLD,-.006582931463379
2022,ESP,NLD,-.0154340086932355
2025,ESP,NLD,
1961,ESP,DEU,
1962,ESP,DEU,
1963,ESP,DEU,
1964,ESP,DEU,
1965,ESP,DEU,
1966,ESP,DEU,
1967,ESP,DEU,
1968,ESP,DEU,
1969,ESP,DEU,
1970,ESP,DEU,
1971,ESP,DEU,
1972,ESP,DEU,
1973,ESP,DEU,
1974,ESP,DEU,
1975,ESP,DEU,
1976,ESP,DEU,
1977,ESP,DEU,
1978,ESP,DEU,
1979,ESP,DEU,
1980,ESP,DEU,
1981,ESP,DEU,
1982,ESP,DEU,
1983,ESP,DEU,
1984,ESP,DEU,
1985,ESP,DEU,
1986,ESP,DEU,
1987,ESP,DEU,
1988,ESP,DEU,
1989,ESP,DEU,
1990,ESP,DEU,
1991,ESP,DEU,
1992,ESP,DEU,
1993,ESP,DEU,
1994,ESP,DEU,
1995,ESP,DEU,-.1303704960943331
1997,ESP,DEU,-.1388722305847337
1998,ESP,DEU,-.1172409870491035
1999,ESP,DEU,-.1167493430221463
2000,ESP,DEU,-.1547440659548651
2001,ESP,DEU,-.1217177220179769
2002,ESP,DEU,-.1349769238430823
2003,ESP,DEU,-.1316064625713171
2004,ESP,DEU,-.1359154364163674
2005,ESP,DEU,-.1417586622729829
2006,ESP,DEU,-.1307913773685333
2007,ESP,DEU,-.1327534474044701
2008,ESP,DEU,-.1464667165414615
2009,ESP,DEU,-.1408848700515699
2010,ESP,DEU,-.1282386039409192
2011,ESP,DEU,-.137446739553707
2012,ESP,DEU,-.1656195511823016
2013,ESP,DEU,-.1605291609093885
2014,ESP,DEU,-.1420542193128861
2015,ESP,DEU,-.1471451038621899
2016,ESP,DEU,-.154696985960209
2017,ESP,DEU,-.1673192599922921
2018,ESP,DEU,-.1547108984853364
2019,ESP,DEU,-.1542430271598119
2021,ESP,DEU,-.1572289472362192
2022,ESP,DEU,-.1660800244660756
2023,ESP,DEU,-.1469198049260015
2024,ESP,DEU,-.1333516457574727
2025,ESP,DEU,
1961,ESP,SWE,
1962,ESP,SWE,
1963,ESP,SWE,
1965,ESP,SWE,
1966,ESP,SWE,
1967,ESP,SWE,
1968,ESP,SWE,
1969,ESP,SWE,
1971,ESP,SWE,
1972,ESP,SWE,
1973,ESP,SWE,
1974,ESP,SWE,
1975,ESP,SWE,
1977,ESP,SWE,
1978,ESP,SWE,
1979,ESP,SWE,
1980,ESP,SWE,
1981,ESP,SWE,
1982,ESP,SWE,
1983,ESP,SWE,
1984,ESP,SWE,
1985,ESP,SWE,
1986,ESP,SWE,
1987,ESP,SWE,
1988,ESP,SWE,
1989,ESP,SWE,
1990,ESP,SWE,
1991,ESP,SWE,
1992,ESP,SWE,
1993,ESP,SWE,
1994,ESP,SWE,
1995,ESP,SWE,.1539931289197514
1996,ESP,SWE,.1631165802268712
1997,ESP,SWE,.1454913944293506
1998,ESP,SWE,.1671226379649812
1999,ESP,SWE,.1676142819919372
2000,ESP,SWE,.1296195590592187
2001,ESP,SWE,.162645902996107
2002,ESP,SWE,.1493867011710023
2003,ESP,SWE,.1527571624427675
2004,ESP,SWE,.1484481885977174
2005,ESP,SWE,.142604962741102
2006,ESP,SWE,.1535722476455517
2007,ESP,SWE,.1516101776096143
2008,ESP,SWE,.1378969084726225
2009,ESP,SWE,.1434787549625146
2011,ESP,SWE,.1469168854603776
2012,ESP,SWE,.1187440738317829
2013,ESP,SWE,.1238344641046951
2014,ESP,SWE,.1423094057011995
2015,ESP,SWE,.137218521151895
2016,ESP,SWE,.1296666390538753
2017,ESP,SWE,.1170443650217928
2018,ESP,SWE,.1296527265287482
2019,ESP,SWE,.1301205978542733
2021,ESP,SWE,.1271346777778659
2022,ESP,SWE,.1182836005480087
2023,ESP,SWE,.1374438200880839
2024,ESP,SWE,.1510119792566122
2025,ESP,SWE,
1961,ESP,AUT,
1962,ESP,AUT,
1963,ESP,AUT,
1964,ESP,AUT,
1965,ESP,AUT,
1966,ESP,AUT,
1967,ESP,AUT,
1968,ESP,AUT,
1971,ESP,AUT,
1972,ESP,AUT,
1976,ESP,AUT,
1977,ESP,AUT,
1978,ESP,AUT,
1979,ESP,AUT,
1980,ESP,AUT,
1981,ESP,AUT,
1982,ESP,AUT,
1983,ESP,AUT,
1984,ESP,AUT,
1985,ESP,AUT,
1986,ESP,AUT,
1987,ESP,AUT,
1988,ESP,AUT,
1989,ESP,AUT,
1990,ESP,AUT,
1991,ESP,AUT,
1992,ESP,AUT,
1993,ESP,AUT,
1994,ESP,AUT,
1995,ESP,AUT,
1996,ESP,AUT,
1997,ESP,AUT,
1999,ESP,AUT,
2000,ESP,AUT,
2002,ESP,AUT,
2003,ESP,AUT,
2004,ESP,AUT,
2011,ESP,AUT,
2014,ESP,AUT,
2015,ESP,AUT,
2016,ESP,AUT,
2017,ESP,AUT,
2018,ESP,AUT,
2023,ESP,AUT,
2024,ESP,AUT,
2025,ESP,AUT,
1961,ESP,BEL,
1962,ESP,BEL,
1963,ESP,BEL,
1964,ESP,BEL,
1965,ESP,BEL,
1966,ESP,BEL,
1967,ESP,BEL,
1968,ESP,BEL,
1969,ESP,BEL,
1970,ESP,BEL,
1971,ESP,BEL,
1972,ESP,BEL,
1973,ESP,BEL,
1974,ESP,BEL,
1975,ESP,BEL,
1976,ESP,BEL,
1977,ESP,BEL,
1978,ESP,BEL,
1979,ESP,BEL,
1980,ESP,BEL,
1981,ESP,BEL,
1982,ESP,BEL,
1983,ESP,BEL,
1984,ESP,BEL,
1985,ESP,BEL,
1986,ESP,BEL,
1987,ESP,BEL,
1988,ESP,BEL,
1989,ESP,BEL,
1990,ESP,BEL,
1991,ESP,BEL,
1992,ESP,BEL,
1993,ESP,BEL,
1995,ESP,BEL,.0179307423294008
1996,ESP,BEL,.0270541936365226
1998,ESP,BEL,.0310602513746306
1999,ESP,BEL,.0315518954015875
2000,ESP,BEL,-.0064428275311316
2002,ESP,BEL,.0133243145806526
2003,ESP,BEL,.0166947758524185
2004,ESP,BEL,.0123858020073667
2010,ESP,BEL,.0200626344828154
2013,ESP,BEL,-.0122279224856547
2015,ESP,BEL,.0011561345615447
2016,ESP,BEL,-.0063957475364749
2017,ESP,BEL,-.019018021568558
2021,ESP,BEL,-.0089277088124847
2022,ESP,BEL,-.0177787860423414
2023,ESP,BEL,.001381433497733
1961,SWE,YUG,
1962,SWE,YUG,
1963,SWE,YUG,
1965,SWE,YUG,
1966,SWE,YUG,
1967,SWE,YUG,
1968,SWE,YUG,
1969,SWE,YUG,
1971,SWE,YUG,
1972,SWE,YUG,
1973,SWE,YUG,
1974,SWE,YUG,
1975,SWE,YUG,
1981,SWE,YUG,
1982,SWE,YUG,
1983,SWE,YUG,
1984,SWE,YUG,
1986,SWE,YUG,
1987,SWE,YUG,
1988,SWE,YUG,
1989,SWE,YUG,
1990,SWE,YUG,
1991,SWE,YUG,
1992,SWE,YUG,
1961,SWE,ESP,
1962,SWE,ESP,
1963,SWE,ESP,
1965,SWE,ESP,
1966,SWE,ESP,
1967,SWE,ESP,
1968,SWE,ESP,
1969,SWE,ESP,
1971,SWE,ESP,
1972,SWE,ESP,
1973,SWE,ESP,
1974,SWE,ESP,
1975,SWE,ESP,
1977,SWE,ESP,
1978,SWE,ESP,
1979,SWE,ESP,
1980,SWE,ESP,
1981,SWE,ESP,
1982,SWE,ESP,
1983,SWE,ESP,
1984,SWE,ESP,
1985,SWE,ESP,
1986,SWE,ESP,
1987,SWE,ESP,
1988,SWE,ESP,
1989,SWE,ESP,
1990,SWE,ESP,
1991,SWE,ESP,
1992,SWE,ESP,
1993,SWE,ESP,
1994,SWE,ESP,
1995,SWE,ESP,-.1014600581715239
1996,SWE,ESP,-.0923366068644032
1997,SWE,ESP,-.1099617926619243
1998,SWE,ESP,-.0883305491262935
1999,SWE,ESP,-.0878389050993369
2000,SWE,ESP,-.1258336280320563
2001,SWE,ESP,-.092807284095168
2002,SWE,ESP,-.1060664859202723
2003,SWE,ESP,-.1026960246485078
2004,SWE,ESP,-.1070049984935577
2005,SWE,ESP,-.1128482243501731
2006,SWE,ESP,-.1018809394457233
2007,SWE,ESP,-.1038430094816614
2008,SWE,ESP,-.1175562786186527
2009,SWE,ESP,-.1119744321287603
2010,SWE,ESP,-.0993281660181096
2011,SWE,ESP,-.1085363016308974
2012,SWE,ESP,-.136709113259492
2013,SWE,ESP,-.1316187229865793
2014,SWE,ESP,-.1131437813900766
2015,SWE,ESP,-.1182346659393799
2016,SWE,ESP,-.1257865480373987
2017,SWE,ESP,-.1384088220694823
2018,SWE,ESP,-.1258004605625272
2019,SWE,ESP,-.1253325892370022
2021,SWE,ESP,-.128318509313409
2022,SWE,ESP,-.1371695865432649
2023,SWE,ESP,-.118009367003192
2024,SWE,ESP,-.1044412078346632
2025,SWE,ESP,
1961,SWE,FIN,
1962,SWE,FIN,
1963,SWE,FIN,
1965,SWE,FIN,
1966,SWE,FIN,
1967,SWE,FIN,
1968,SWE,FIN,
1969,SWE,FIN,
1971,SWE,FIN,
1972,SWE,FIN,
1973,SWE,FIN,
1974,SWE,FIN,
1975,SWE,FIN,
1977,SWE,FIN,
1978,SWE,FIN,
1979,SWE,FIN,
1980,SWE,FIN,
1981,SWE,FIN,
1982,SWE,FIN,
1983,SWE,FIN,
1984,SWE,FIN,
1985,SWE,FIN,
1986,SWE,FIN,
1987,SWE,FIN,
1988,SWE,FIN,
1989,SWE,FIN,
1990,SWE,FIN,
1991,SWE,FIN,
1992,SWE,FIN,
1993,SWE,FIN,
1994,SWE,FIN,
1996,SWE,FIN,-.0351000876101529
1998,SWE,FIN,-.031094029872043
2000,SWE,FIN,-.0685971087778057
2002,SWE,FIN,-.0488299666660215
2006,SWE,FIN,-.0446444201914722
2007,SWE,FIN,-.04660649022741
2008,SWE,FIN,-.0603197593644019
2009,SWE,FIN,-.05473791287451
2011,SWE,FIN,-.0512997823766466
2013,SWE,FIN,-.0743822037323292
2014,SWE,FIN,-.0559072621358252
2018,SWE,FIN,-.0685639413082773
2021,SWE,FIN,-.0710819900591581
2022,SWE,FIN,-.0799330672890157
2023,SWE,FIN,-.0607728477489407
2024,SWE,FIN,-.0472046885804126
2025,SWE,FIN,
2026,SWE,FIN,
1961,CHE,YUG,
1962,CHE,YUG,
1963,CHE,YUG,
1964,CHE,YUG,
1965,CHE,YUG,
1966,CHE,YUG,
1967,CHE,YUG,
1968,CHE,YUG,
1969,CHE,YUG,
1970,CHE,YUG,
1971,CHE,YUG,
1972,CHE,YUG,
1973,CHE,YUG,
1974,CHE,YUG,
1975,CHE,YUG,
1976,CHE,YUG,
1981,CHE,YUG,
1982,CHE,YUG,
1983,CHE,YUG,
1984,CHE,YUG,
1986,CHE,YUG,
1987,CHE,YUG,
1988,CHE,YUG,
1989,CHE,YUG,
1990,CHE,YUG,
1991,CHE,YUG,
1992,CHE,YUG,
1961,CHE,ESP,
1962,CHE,ESP,
1963,CHE,ESP,
1964,CHE,ESP,
1965,CHE,ESP,
1966,CHE,ESP,
1967,CHE,ESP,
1968,CHE,ESP,
1969,CHE,ESP,
1970,CHE,ESP,
1971,CHE,ESP,
1972,CHE,ESP,
1973,CHE,ESP,
1974,CHE,ESP,
1975,CHE,ESP,
1976,CHE,ESP,
1977,CHE,ESP,
1978,CHE,ESP,
1979,CHE,ESP,
1980,CHE,ESP,
1981,CHE,ESP,
1982,CHE,ESP,
1983,CHE,ESP,
1984,CHE,ESP,
1985,CHE,ESP,
1986,CHE,ESP,
1987,CHE,ESP,
1988,CHE,ESP,
1989,CHE,ESP,
1990,CHE,ESP,
1991,CHE,ESP,
1992,CHE,ESP,
1993,CHE,ESP,
1994,CHE,ESP,
1996,CHE,ESP,-.1067734591711863
1997,CHE,ESP,-.1243986449687073
1998,CHE,ESP,-.1027674014330768
2000,CHE,ESP,-.1402704803388395
2002,CHE,ESP,-.1205033382270552
2004,CHE,ESP,-.1214418508003404
2005,CHE,ESP,-.1272850766569563
2006,CHE,ESP,-.1163177917525066
2007,CHE,ESP,-.1182798617884441
2008,CHE,ESP,-.1319931309254362
2009,CHE,ESP,-.1264112844355431
2010,CHE,ESP,-.1137650183248925
2011,CHE,ESP,-.1229731539376805
2012,CHE,ESP,-.1511459655662752
2013,CHE,ESP,-.146055575293362
2014,CHE,ESP,-.1275806336968588
2015,CHE,ESP,-.1326715182461636
2016,CHE,ESP,-.1402234003441822
2017,CHE,ESP,-.1528456743762653
2018,CHE,ESP,-.1402373128693103
2019,CHE,ESP,-.1397694415437851
2021,CHE,ESP,-.1427553616201923
2022,CHE,ESP,-.1516064388500484
2023,CHE,ESP,-.1324462193099747
2024,CHE,ESP,-.1188780601414462
2025,CHE,ESP,
1961,CHE,FIN,
1962,CHE,FIN,
1963,CHE,FIN,
1964,CHE,FIN,
1965,CHE,FIN,
1966,CHE,FIN,
1967,CHE,FIN,
1968,CHE,FIN,
1969,CHE,FIN,
1971,CHE,FIN,
1972,CHE,FIN,
1973,CHE,FIN,
1974,CHE,FIN,
1975,CHE,FIN,
1976,CHE,FIN,
1977,CHE,FIN,
1978,CHE,FIN,
1979,CHE,FIN,
1980,CHE,FIN,
1981,CHE,FIN,
1982,CHE,FIN,
1983,CHE,FIN,
1984,CHE,FIN,
1985,CHE,FIN,
1986,CHE,FIN,
1987,CHE,FIN,
1988,CHE,FIN,
1989,CHE,FIN,
1990,CHE,FIN,
1991,CHE,FIN,
1992,CHE,FIN,
1993,CHE,FIN,
1994,CHE,FIN,
1996,CHE,FIN,
1998,CHE,FIN,
2000,CHE,FIN,
2002,CHE,FIN,
2006,CHE,FIN,
2007,CHE,FIN,
2008,CHE,FIN,
2009,CHE,FIN,
2011,CHE,FIN,-.0657366346834302
2013,CHE,FIN,-.0888190560391125
2014,CHE,FIN,-.0703441144426096
2018,CHE,FIN,-.0830007936150602
2021,CHE,FIN,-.0855188423659416
2022,CHE,FIN,-.0943699195957984
2023,CHE,FIN,-.0752097000557248
2024,CHE,FIN,-.0616415408871955
2025,CHE,FIN,
2026,CHE,FIN,
1961,GBR,YUG,
1962,GBR,YUG,
1963,GBR,YUG,
1964,GBR,YUG,
1965,GBR,YUG,
1966,GBR,YUG,
1967,GBR,YUG,
1968,GBR,YUG,
1969,GBR,YUG,
1970,GBR,YUG,
1971,GBR,YUG,
1972,GBR,YUG,
1973,GBR,YUG,
1974,GBR,YUG,
1975,GBR,YUG,
1976,GBR,YUG,
1981,GBR,YUG,
1982,GBR,YUG,
1983,GBR,YUG,
1984,GBR,YUG,
1986,GBR,YUG,
1987,GBR,YUG,
1988,GBR,YUG,
1989,GBR,YUG,
1990,GBR,YUG,
1991,GBR,YUG,
1992,GBR,YUG,
1961,GBR,ESP,
1962,GBR,ESP,
1963,GBR,ESP,
1964,GBR,ESP,
1965,GBR,ESP,
1966,GBR,ESP,
1967,GBR,ESP,
1968,GBR,ESP,
1969,GBR,ESP,
1970,GBR,ESP,
1971,GBR,ESP,
1972,GBR,ESP,
1973,GBR,ESP,
1974,GBR,ESP,
1975,GBR,ESP,
1976,GBR,ESP,
1977,GBR,ESP,
1978,GBR,ESP,
1979,GBR,ESP,
1980,GBR,ESP,
1981,GBR,ESP,
1982,GBR,ESP,
1983,GBR,ESP,
1984,GBR,ESP,
1985,GBR,ESP,
1986,GBR,ESP,
1987,GBR,ESP,
1988,GBR,ESP,
1989,GBR,ESP,
1990,GBR,ESP,
1991,GBR,ESP,
1992,GBR,ESP,
1993,GBR,ESP,
1994,GBR,ESP,
1995,GBR,ESP,-.0889637004751866
1996,GBR,ESP,-.0798402491680663
1997,GBR,ESP,-.0974654349655875
1998,GBR,ESP,-.0758341914299566
1999,GBR,ESP,-.0753425474029998
2000,GBR,ESP,-.1133372703357196
2001,GBR,ESP,-.0803109263988307
2002,GBR,ESP,-.0935701282239351
2003,GBR,ESP,-.0901996669521705
2004,GBR,ESP,-.094508640797221
2005,GBR,ESP,-.1003518666538361
2006,GBR,ESP,-.0893845817493863
2007,GBR,ESP,-.0913466517853233
2008,GBR,ESP,-.1050599209223153
2009,GBR,ESP,-.0994780744324233
2010,GBR,ESP,-.0868318083217728
2011,GBR,ESP,-.0960399439345598
2012,GBR,ESP,-.1242127555631553
2013,GBR,ESP,-.1191223652902422
2014,GBR,ESP,-.1006474236937396
2015,GBR,ESP,-.105738308243043
2016,GBR,ESP,-.1132901903410621
2017,GBR,ESP,-.125912464373145
2018,GBR,ESP,-.1133041028661898
2019,GBR,ESP,-.1128362315406645
2021,GBR,ESP,-.1158221516170722
2022,GBR,ESP,-.1246732288469281
2023,GBR,ESP,-.105513009306855
2024,GBR,ESP,-.091944850138326
2025,GBR,ESP,
1961,GBR,FIN,
1962,GBR,FIN,
1963,GBR,FIN,
1964,GBR,FIN,
1965,GBR,FIN,
1966,GBR,FIN,
1967,GBR,FIN,
1968,GBR,FIN,
1969,GBR,FIN,
1971,GBR,FIN,
1972,GBR,FIN,
1973,GBR,FIN,
1974,GBR,FIN,
1975,GBR,FIN,
1976,GBR,FIN,
1977,GBR,FIN,
1978,GBR,FIN,
1979,GBR,FIN,
1980,GBR,FIN,
1981,GBR,FIN,
1982,GBR,FIN,
1983,GBR,FIN,
1984,GBR,FIN,
1985,GBR,FIN,
1986,GBR,FIN,
1987,GBR,FIN,
1988,GBR,FIN,
1989,GBR,FIN,
1990,GBR,FIN,
1991,GBR,FIN,
1992,GBR,FIN,
1993,GBR,FIN,
1994,GBR,FIN,
1996,GBR,FIN,
1998,GBR,FIN,
2000,GBR,FIN,
2002,GBR,FIN,
2006,GBR,FIN,
2007,GBR,FIN,
2008,GBR,FIN,
2009,GBR,FIN,
2011,GBR,FIN,
2013,GBR,FIN,
2014,GBR,FIN,
2018,GBR,FIN,
2021,GBR,FIN,
2022,GBR,FIN,
2023,GBR,FIN,
2024,GBR,FIN,
2025,GBR,FIN,
2026,GBR,FIN,
1961,YUG,LUX,
1962,YUG,LUX,
1963,YUG,LUX,
1964,YUG,LUX,
1965,YUG,LUX,
1966,YUG,LUX,
1967,YUG,LUX,
1968,YUG,LUX,
1969,YUG,LUX,
1970,YUG,LUX,
1971,YUG,LUX,
1972,YUG,LUX,
1973,YUG,LUX,
1974,YUG,LUX,
1975,YUG,LUX,
1976,YUG,LUX,
1981,YUG,LUX,
1982,YUG,LUX,
1983,YUG,LUX,
1984,YUG,LUX,
1986,YUG,LUX,
1987,YUG,LUX,
1988,YUG,LUX,
1989,YUG,LUX,
1990,YUG,LUX,
1991,YUG,LUX,
1992,YUG,LUX,
1961,YUG,GBR,
1962,YUG,GBR,
1963,YUG,GBR,
1964,YUG,GBR,
1965,YUG,GBR,
1966,YUG,GBR,
1967,YUG,GBR,
1968,YUG,GBR,
1969,YUG,GBR,
1970,YUG,GBR,
1971,YUG,GBR,
1972,YUG,GBR,
1973,YUG,GBR,
1974,YUG,GBR,
1975,YUG,GBR,
1976,YUG,GBR,
1981,YUG,GBR,
1982,YUG,GBR,
1983,YUG,GBR,
1984,YUG,GBR,
1986,YUG,GBR,
1987,YUG,GBR,
1988,YUG,GBR,
1989,YUG,GBR,
1990,YUG,GBR,
1991,YUG,GBR,
1992,YUG,GBR,
1961,YUG,CHE,
1962,YUG,CHE,
1963,YUG,CHE,
1964,YUG,CHE,
1965,YUG,CHE,
1966,YUG,CHE,
1967,YUG,CHE,
1968,YUG,CHE,
1969,YUG,CHE,
1970,YUG,CHE,
1971,YUG,CHE,
1972,YUG,CHE,
1973,YUG,CHE,
1974,YUG,CHE,
1975,YUG,CHE,
1976,YUG,CHE,
1981,YUG,CHE,
1982,YUG,CHE,
1983,YUG,CHE,
1984,YUG,CHE,
1986,YUG,CHE,
1987,YUG,CHE,
1988,YUG,CHE,
1989,YUG,CHE,
1990,YUG,CHE,
1991,YUG,CHE,
1992,YUG,CHE,
1961,YUG,FRA,
1962,YUG,FRA,
1963,YUG,FRA,
1964,YUG,FRA,
1965,YUG,FRA,
1966,YUG,FRA,
1967,YUG,FRA,
1968,YUG,FRA,
1969,YUG,FRA,
1970,YUG,FRA,
1971,YUG,FRA,
1972,YUG,FRA,
1973,YUG,FRA,
1975,YUG,FRA,
1976,YUG,FRA,
1981,YUG,FRA,
1983,YUG,FRA,
1984,YUG,FRA,
1986,YUG,FRA,
1987,YUG,FRA,
1988,YUG,FRA,
1989,YUG,FRA,
1990,YUG,FRA,
1991,YUG,FRA,
1992,YUG,FRA,
1961,YUG,DNK,
1962,YUG,DNK,
1963,YUG,DNK,
1964,YUG,DNK,
1965,YUG,DNK,
1966,YUG,DNK,
1981,YUG,DNK,
1982,YUG,DNK,
1983,YUG,DNK,
1984,YUG,DNK,
1986,YUG,DNK,
1987,YUG,DNK,
1988,YUG,DNK,
1989,YUG,DNK,
1990,YUG,DNK,
1991,YUG,DNK,
1992,YUG,DNK,
1961,YUG,ITA,
1962,YUG,ITA,
1963,YUG,ITA,
1964,YUG,ITA,
1965,YUG,ITA,
1966,YUG,ITA,
1967,YUG,ITA,
1968,YUG,ITA,
1969,YUG,ITA,
1970,YUG,ITA,
1971,YUG,ITA,
1972,YUG,ITA,
1973,YUG,ITA,
1974,YUG,ITA,
1975,YUG,ITA,
1976,YUG,ITA,
1983,YUG,ITA,
1984,YUG,ITA,
1987,YUG,ITA,
1988,YUG,ITA,
1989,YUG,ITA,
1990,YUG,ITA,
1991,YUG,ITA,
1992,YUG,ITA,
1961,YUG,NOR,
1962,YUG,NOR,
1963,YUG,NOR,
1964,YUG,NOR,
1965,YUG,NOR,
1966,YUG,NOR,
1967,YUG,NOR,
1968,YUG,NOR,
1969,YUG,NOR,
1971,YUG,NOR,
1972,YUG,NOR,
1973,YUG,NOR,
1974,YUG,NOR,
1975,YUG,NOR,
1976,YUG,NOR,
1981,YUG,NOR,
1982,YUG,NOR,
1983,YUG,NOR,
1984,YUG,NOR,
1986,YUG,NOR,
1987,YUG,NOR,
1988,YUG,NOR,
1989,YUG,NOR,
1990,YUG,NOR,
1991,YUG,NOR,
1992,YUG,NOR,
1961,YUG,ESP,
1962,YUG,ESP,
1963,YUG,ESP,
1964,YUG,ESP,
1965,YUG,ESP,
1966,YUG,ESP,
1967,YUG,ESP,
1968,YUG,ESP,
1969,YUG,ESP,
1970,YUG,ESP,
1971,YUG,ESP,
1972,YUG,ESP,
1973,YUG,ESP,
1974,YUG,ESP,
1975,YUG,ESP,
1976,YUG,ESP,
1981,YUG,ESP,
1982,YUG,ESP,
1983,YUG,ESP,
1984,YUG,ESP,
1986,YUG,ESP,
1987,YUG,ESP,
1988,YUG,ESP,
1989,YUG,ESP,
1990,YUG,ESP,
1991,YUG,ESP,
1992,YUG,ESP,
1961,YUG,MCO,
1962,YUG,MCO,
1963,YUG,MCO,
1964,YUG,MCO,
1965,YUG,MCO,
1966,YUG,MCO,
1967,YUG,MCO,
1968,YUG,MCO,
1969,YUG,MCO,
1970,YUG,MCO,
1971,YUG,MCO,
1972,YUG,MCO,
1973,YUG,MCO,
1974,YUG,MCO,
1975,YUG,MCO,
1976,YUG,MCO,
1961,YUG,FIN,
1962,YUG,FIN,
1963,YUG,FIN,
1964,YUG,FIN,
1965,YUG,FIN,
1966,YUG,FIN,
1967,YUG,FIN,
1968,YUG,FIN,
1969,YUG,FIN,
1971,YUG,FIN,
1972,YUG,FIN,
1973,YUG,FIN,
1974,YUG,FIN,
1975,YUG,FIN,
1976,YUG,FIN,
1981,YUG,FIN,
1982,YUG,FIN,
1983,YUG,FIN,
1984,YUG,FIN,
1986,YUG,FIN,
1987,YUG,FIN,
1988,YUG,FIN,
1989,YUG,FIN,
1990,YUG,FIN,
1991,YUG,FIN,
1992,YUG,FIN,
1961,YUG,NLD,
1962,YUG,NLD,
1963,YUG,NLD,
1964,YUG,NLD,
1965,YUG,NLD,
1966,YUG,NLD,
1967,YUG,NLD,
1968,YUG,NLD,
1969,YUG,NLD,
1970,YUG,NLD,
1971,YUG,NLD,
1972,YUG,NLD,
1973,YUG,NLD,
1974,YUG,NLD,
1975,YUG,NLD,
1976,YUG,NLD,
1981,YUG,NLD,
1982,YUG,NLD,
1983,YUG,NLD,
1984,YUG,NLD,
1986,YUG,NLD,
1987,YUG,NLD,
1988,YUG,NLD,
1989,YUG,NLD,
1990,YUG,NLD,
1992,YUG,NLD,
1961,YUG,DEU,
1962,YUG,DEU,
1963,YUG,DEU,
1964,YUG,DEU,
1965,YUG,DEU,
1966,YUG,DEU,
1967,YUG,DEU,
1968,YUG,DEU,
1969,YUG,DEU,
1970,YUG,DEU,
1971,YUG,DEU,
1972,YUG,DEU,
1973,YUG,DEU,
1974,YUG,DEU,
1975,YUG,DEU,
1976,YUG,DEU,
1981,YUG,DEU,
1982,YUG,DEU,
1983,YUG,DEU,
1984,YUG,DEU,
1986,YUG,DEU,
1987,YUG,DEU,
1988,YUG,DEU,
1989,YUG,DEU,
1990,YUG,DEU,
1991,YUG,DEU,
1992,YUG,DEU,
1961,YUG,SWE,
1962,YUG,SWE,
1963,YUG,SWE,
1965,YUG,SWE,
1966,YUG,SWE,
1967,YUG,SWE,
1968,YUG,SWE,
1969,YUG,SWE,
1971,YUG,SWE,
1972,YUG,SWE,
1973,YUG,SWE,
1974,YUG,SWE,
1975,YUG,SWE,
1981,YUG,SWE,
1982,YUG,SWE,
1983,YUG,SWE,
1984,YUG,SWE,
1986,YUG,SWE,
1987,YUG,SWE,
1988,YUG,SWE,
1989,YUG,SWE,
1990,YUG,SWE,
1991,YUG,SWE,
1992,YUG,SWE,
1961,YUG,AUT,
1962,YUG,AUT,
1963,YUG,AUT,
1964,YUG,AUT,
1965,YUG,AUT,
1966,YUG,AUT,
1967,YUG,AUT,
1968,YUG,AUT,
1971,YUG,AUT,
1972,YUG,AUT,
1976,YUG,AUT,
1981,YUG,AUT,
1982,YUG,AUT,
1983,YUG,AUT,
1984,YUG,AUT,
1986,YUG,AUT,
1987,YUG,AUT,
1988,YUG,AUT,
1989,YUG,AUT,
1990,YUG,AUT,
1991,YUG,AUT,
1992,YUG,AUT,
1961,YUG,BEL,
1962,YUG,BEL,
1963,YUG,BEL,
1964,YUG,BEL,
1965,YUG,BEL,
1966,YUG,BEL,
1967,YUG,BEL,
1968,YUG,BEL,
1969,YUG,BEL,
1970,YUG,BEL,
1971,YUG,BEL,
1972,YUG,BEL,
1973,YUG,BEL,
1974,YUG,BEL,
1975,YUG,BEL,
1976,YUG,BEL,
1981,YUG,BEL,
1982,YUG,BEL,
1983,YUG,BEL,
1984,YUG,BEL,
1986,YUG,BEL,
1987,YUG,BEL,
1988,YUG,BEL,
1989,YUG,BEL,
1990,YUG,BEL,
1991,YUG,BEL,
1992,YUG,BEL,
1964,AUT,PRT,
1965,AUT,PRT,
1966,AUT,PRT,
1967,AUT,PRT,
1968,AUT,PRT,
1971,AUT,PRT,
1972,AUT,PRT,
1976,AUT,PRT,
1977,AUT,PRT,
1978,AUT,PRT,
1979,AUT,PRT,
1980,AUT,PRT,
1981,AUT,PRT,
1982,AUT,PRT,
1983,AUT,PRT,
1984,AUT,PRT,
1985,AUT,PRT,
1986,AUT,PRT,
1987,AUT,PRT,
1988,AUT,PRT,
1989,AUT,PRT,
1990,AUT,PRT,
1991,AUT,PRT,
1992,AUT,PRT,
1993,AUT,PRT,
1994,AUT,PRT,
1995,AUT,PRT,
1996,AUT,PRT,
1997,AUT,PRT,
1999,AUT,PRT,
2003,AUT,PRT,
2017,AUT,PRT,-.0299843420801998
2018,AUT,PRT,-.017375980573244
2021,AUT,PRT,-.0198940293241258
2022,AUT,PRT,-.0287451065539821
2023,AUT,PRT,-.0095848870139079
2024,AUT,PRT,.0039832721546208
2025,AUT,PRT,
1964,BEL,PRT,
1965,BEL,PRT,
1966,BEL,PRT,
1967,BEL,PRT,
1968,BEL,PRT,
1969,BEL,PRT,
1971,BEL,PRT,
1972,BEL,PRT,
1973,BEL,PRT,
1974,BEL,PRT,
1975,BEL,PRT,
1976,BEL,PRT,
1977,BEL,PRT,
1978,BEL,PRT,
1979,BEL,PRT,
1980,BEL,PRT,
1981,BEL,PRT,
1982,BEL,PRT,
1983,BEL,PRT,
1984,BEL,PRT,
1985,BEL,PRT,
1986,BEL,PRT,
1987,BEL,PRT,
1988,BEL,PRT,
1989,BEL,PRT,
1990,BEL,PRT,
1991,BEL,PRT,
1992,BEL,PRT,
1993,BEL,PRT,
1995,BEL,PRT,-.0050643068688849
1996,BEL,PRT,.0040591444382355
1998,BEL,PRT,.0080652021763456
1999,BEL,PRT,.008556846203302
2003,BEL,PRT,-.0063002733458683
2008,BEL,PRT,-.0211605273160139
2009,BEL,PRT,-.0155786808261214
2010,BEL,PRT,-.0029324147154706
2017,BEL,PRT,-.0420130707668435
2018,BEL,PRT,-.0294047092598886
2021,BEL,PRT,-.03192275801077
2022,BEL,PRT,-.0407738352406268
2023,BEL,PRT,-.0216136157005531
2024,BEL,PRT,-.0080454565320245
2025,BEL,PRT,
1964,DNK,PRT,
1965,DNK,PRT,
1966,DNK,PRT,
1978,DNK,PRT,
1979,DNK,PRT,
1980,DNK,PRT,
1981,DNK,PRT,
1982,DNK,PRT,
1983,DNK,PRT,
1984,DNK,PRT,
1985,DNK,PRT,
1986,DNK,PRT,
1987,DNK,PRT,
1988,DNK,PRT,
1989,DNK,PRT,
1990,DNK,PRT,
1991,DNK,PRT,
1992,DNK,PRT,
1993,DNK,PRT,
1995,DNK,PRT,.014054956955917
1997,DNK,PRT,.0055532224655167
1999,DNK,PRT,.0276761100281033
2001,DNK,PRT,.0227077310322728
2008,DNK,PRT,-.0020412634912119
2009,DNK,PRT,.0035405829986809
2010,DNK,PRT,.016186849109331
2017,DNK,PRT,-.0228938069420423
2018,DNK,PRT,-.0102854454350866
2021,DNK,PRT,-.0128034941859684
2022,DNK,PRT,-.0216545714158249
2023,DNK,PRT,-.0024943518757512
2024,DNK,PRT,.0110738072927776
2025,DNK,PRT,
1964,FIN,PRT,
1965,FIN,PRT,
1966,FIN,PRT,
1967,FIN,PRT,
1968,FIN,PRT,
1969,FIN,PRT,
1971,FIN,PRT,
1972,FIN,PRT,
1973,FIN,PRT,
1974,FIN,PRT,
1975,FIN,PRT,
1976,FIN,PRT,
1977,FIN,PRT,
1978,FIN,PRT,
1979,FIN,PRT,
1980,FIN,PRT,
1981,FIN,PRT,
1982,FIN,PRT,
1983,FIN,PRT,
1984,FIN,PRT,
1985,FIN,PRT,
1986,FIN,PRT,
1987,FIN,PRT,
1988,FIN,PRT,
1989,FIN,PRT,
1990,FIN,PRT,
1991,FIN,PRT,
1992,FIN,PRT,
1993,FIN,PRT,
1994,FIN,PRT,
1996,FIN,PRT,.026309819628375
1998,FIN,PRT,.0303158773664844
2008,FIN,PRT,.0010901478741253
2009,FIN,PRT,.0066719943640183
2010,FIN,PRT,.0193182604746689
2017,FIN,PRT,-.0197623955767041
2018,FIN,PRT,-.0071540340697489
2021,FIN,PRT,-.0096720828206311
2022,FIN,PRT,-.0185231600504877
2023,FIN,PRT,.0006370594895863
2024,FIN,PRT,.0142052186581151
2025,FIN,PRT,
1964,FRA,PRT,
1965,FRA,PRT,
1966,FRA,PRT,
1967,FRA,PRT,
1968,FRA,PRT,
1969,FRA,PRT,
1971,FRA,PRT,
1972,FRA,PRT,
1973,FRA,PRT,
1975,FRA,PRT,
1976,FRA,PRT,
1977,FRA,PRT,
1978,FRA,PRT,
1979,FRA,PRT,
1980,FRA,PRT,
1981,FRA,PRT,
1983,FRA,PRT,
1984,FRA,PRT,
1985,FRA,PRT,
1986,FRA,PRT,
1987,FRA,PRT,
1988,FRA,PRT,
1989,FRA,PRT,
1990,FRA,PRT,
1991,FRA,PRT,
1992,FRA,PRT,
1993,FRA,PRT,
1994,FRA,PRT,
1995,FRA,PRT,.0364422013076786
1996,FRA,PRT,.0455656526147999
1997,FRA,PRT,.0279404668172785
1998,FRA,PRT,.0495717103529082
1999,FRA,PRT,.050063354379865
2001,FRA,PRT,.0450949753840353
2003,FRA,PRT,.0352062348306954
2008,FRA,PRT,.0203459808605498
2009,FRA,PRT,.0259278273504422
2010,FRA,PRT,.038574093461093
2017,FRA,PRT,-.00050656259028
2018,FRA,PRT,.0121017989166751
2021,FRA,PRT,.0095837501657935
2022,FRA,PRT,.0007326729359369
2023,FRA,PRT,.0198928924760105
2024,FRA,PRT,.0334610516445399
2025,FRA,PRT,
1964,DEU,PRT,
1965,DEU,PRT,
1966,DEU,PRT,
1967,DEU,PRT,
1968,DEU,PRT,
1969,DEU,PRT,
1971,DEU,PRT,
1972,DEU,PRT,
1973,DEU,PRT,
1974,DEU,PRT,
1975,DEU,PRT,
1976,DEU,PRT,
1977,DEU,PRT,
1978,DEU,PRT,
1979,DEU,PRT,
1980,DEU,PRT,
1981,DEU,PRT,
1982,DEU,PRT,
1983,DEU,PRT,
1984,DEU,PRT,
1985,DEU,PRT,
1986,DEU,PRT,
1987,DEU,PRT,
1988,DEU,PRT,
1989,DEU,PRT,
1990,DEU,PRT,
1991,DEU,PRT,
1992,DEU,PRT,
1993,DEU,PRT,
1994,DEU,PRT,
1995,DEU,PRT,
1997,DEU,PRT,
1998,DEU,PRT,
1999,DEU,PRT,
2001,DEU,PRT,
2003,DEU,PRT,
2008,DEU,PRT,
2009,DEU,PRT,
2010,DEU,PRT,
2017,DEU,PRT,
2018,DEU,PRT,
2021,DEU,PRT,-.04429275554245
2022,DEU,PRT,-.0531438327723064
2023,DEU,PRT,-.0339836132322327
2024,DEU,PRT,-.0204154540637035
2025,DEU,PRT,
1964,ITA,PRT,
1965,ITA,PRT,
1966,ITA,PRT,
1967,ITA,PRT,
1968,ITA,PRT,
1969,ITA,PRT,
1971,ITA,PRT,
1972,ITA,PRT,
1973,ITA,PRT,
1974,ITA,PRT,
1975,ITA,PRT,
1976,ITA,PRT,
1977,ITA,PRT,
1978,ITA,PRT,
1979,ITA,PRT,
1980,ITA,PRT,
1983,ITA,PRT,
1984,ITA,PRT,
1985,ITA,PRT,
1987,ITA,PRT,
1988,ITA,PRT,
1989,ITA,PRT,
1990,ITA,PRT,
1991,ITA,PRT,
1992,ITA,PRT,
1993,ITA,PRT,
1997,ITA,PRT,-.0076056106151819
2017,ITA,PRT,-.03605264002274
2018,ITA,PRT,-.0234442785157849
2021,ITA,PRT,-.0259623272666667
2022,ITA,PRT,-.0348134044965234
2023,ITA,PRT,-.0156531849564494
2024,ITA,PRT,-.0020850257879204
2025,ITA,PRT,
1964,LUX,PRT,
1965,LUX,PRT,
1966,LUX,PRT,
1967,LUX,PRT,
1968,LUX,PRT,
1969,LUX,PRT,
1971,LUX,PRT,
1972,LUX,PRT,
1973,LUX,PRT,
1974,LUX,PRT,
1975,LUX,PRT,
1976,LUX,PRT,
1977,LUX,PRT,
1978,LUX,PRT,
1979,LUX,PRT,
1980,LUX,PRT,
1981,LUX,PRT,
1982,LUX,PRT,
1983,LUX,PRT,
1984,LUX,PRT,
1985,LUX,PRT,
1986,LUX,PRT,
1987,LUX,PRT,
1988,LUX,PRT,
1989,LUX,PRT,
1990,LUX,PRT,
1991,LUX,PRT,
1992,LUX,PRT,
1993,LUX,PRT,
2024,LUX,PRT,.0560385910520884
2025,LUX,PRT,
1964,MCO,PRT,
1965,MCO,PRT,
1966,MCO,PRT,
1967,MCO,PRT,
1968,MCO,PRT,
1969,MCO,PRT,
1971,MCO,PRT,
1972,MCO,PRT,
1973,MCO,PRT,
1974,MCO,PRT,
1975,MCO,PRT,
1976,MCO,PRT,
1977,MCO,PRT,
1978,MCO,PRT,
1979,MCO,PRT,
1964,NLD,PRT,
1965,NLD,PRT,
1966,NLD,PRT,
1967,NLD,PRT,
1968,NLD,PRT,
1969,NLD,PRT,
1971,NLD,PRT,
1972,NLD,PRT,
1973,NLD,PRT,
1974,NLD,PRT,
1975,NLD,PRT,
1976,NLD,PRT,
1977,NLD,PRT,
1978,NLD,PRT,
1979,NLD,PRT,
1980,NLD,PRT,
1981,NLD,PRT,
1982,NLD,PRT,
1983,NLD,PRT,
1984,NLD,PRT,
1986,NLD,PRT,
1987,NLD,PRT,
1988,NLD,PRT,
1989,NLD,PRT,
1990,NLD,PRT,
1992,NLD,PRT,
1993,NLD,PRT,
1994,NLD,PRT,
1996,NLD,PRT,.0013292878880932
1997,NLD,PRT,-.0162958979094281
1998,NLD,PRT,.0053353456262028
1999,NLD,PRT,.005826989653159
2001,NLD,PRT,.0008586106573284
2003,NLD,PRT,-.0090301298960111
2008,NLD,PRT,-.0238903838661563
2009,NLD,PRT,-.0183085373762642
2010,NLD,PRT,-.0056622712656128
2017,NLD,PRT,-.0447429273169863
2018,NLD,PRT,-.0321345658100314
2021,NLD,PRT,-.034652614560913
2022,NLD,PRT,-.0435036917907695
2023,NLD,PRT,-.0243434722506956
2024,NLD,PRT,-.0107753130821671
2025,NLD,PRT,
1964,NOR,PRT,
1965,NOR,PRT,
1966,NOR,PRT,
1967,NOR,PRT,
1968,NOR,PRT,
1969,NOR,PRT,
1971,NOR,PRT,
1972,NOR,PRT,
1973,NOR,PRT,
1974,NOR,PRT,
1975,NOR,PRT,
1976,NOR,PRT,
1977,NOR,PRT,
1978,NOR,PRT,
1979,NOR,PRT,
1980,NOR,PRT,
1981,NOR,PRT,
1982,NOR,PRT,
1983,NOR,PRT,
1984,NOR,PRT,
1985,NOR,PRT,
1986,NOR,PRT,
1987,NOR,PRT,
1988,NOR,PRT,
1989,NOR,PRT,
1990,NOR,PRT,
1991,NOR,PRT,
1992,NOR,PRT,
1993,NOR,PRT,
1994,NOR,PRT,
1995,NOR,PRT,.0222209137530333
1996,NOR,PRT,.0313443650601543
1997,NOR,PRT,.013719179262633
1998,NOR,PRT,.0353504227982636
1999,NOR,PRT,.0358420668252201
2001,NOR,PRT,.0308736878293899
2003,NOR,PRT,.0209849472760502
2008,NOR,PRT,.0061246933059045
2009,NOR,PRT,.0117065397957968
2010,NOR,PRT,.0243528059064474
2017,NOR,PRT,-.0147278501449252
2018,NOR,PRT,-.0021194886379697
2021,NOR,PRT,-.0046375373888518
2022,NOR,PRT,-.0134886146187084
2023,NOR,PRT,.0056716049213654
2024,NOR,PRT,.0192397640898943
2025,NOR,PRT,
1964,PRT,ITA,
1965,PRT,ITA,
1966,PRT,ITA,
1967,PRT,ITA,
1968,PRT,ITA,
1969,PRT,ITA,
1971,PRT,ITA,
1972,PRT,ITA,
1973,PRT,ITA,
1974,PRT,ITA,
1975,PRT,ITA,
1976,PRT,ITA,
1977,PRT,ITA,
1978,PRT,ITA,
1979,PRT,ITA,
1980,PRT,ITA,
1983,PRT,ITA,
1984,PRT,ITA,
1985,PRT,ITA,
1987,PRT,ITA,
1988,PRT,ITA,
1989,PRT,ITA,
1990,PRT,ITA,
1991,PRT,ITA,
1992,PRT,ITA,
1993,PRT,ITA,
1997,PRT,ITA,.1188054531939093
2011,PRT,ITA,.1202309442249359
2012,PRT,ITA,.0920581325963417
2014,PRT,ITA,.1156234644657576
2015,PRT,ITA,.1105325799164532
2017,PRT,ITA,.0903584237863514
2018,PRT,ITA,.1029667852933063
2019,PRT,ITA,.1034346566188309
2021,PRT,ITA,.1004487365424243
2022,PRT,ITA,.0915976593125679
2023,PRT,ITA,.110757878852642
2024,PRT,ITA,.1243260380211704
2025,PRT,ITA,
2026,PRT,ITA,
1964,PRT,GBR,
1965,PRT,GBR,
1966,PRT,GBR,
1967,PRT,GBR,
1968,PRT,GBR,
1969,PRT,GBR,
1971,PRT,GBR,
1972,PRT,GBR,
1973,PRT,GBR,
1974,PRT,GBR,
1975,PRT,GBR,
1976,PRT,GBR,
1977,PRT,GBR,
1978,PRT,GBR,
1979,PRT,GBR,
1980,PRT,GBR,
1981,PRT,GBR,
1982,PRT,GBR,
1983,PRT,GBR,
1984,PRT,GBR,
1985,PRT,GBR,
1986,PRT,GBR,
1987,PRT,GBR,
1988,PRT,GBR,
1989,PRT,GBR,
1990,PRT,GBR,
1991,PRT,GBR,
1992,PRT,GBR,
1993,PRT,GBR,
1994,PRT,GBR,
1995,PRT,GBR,-.0695276434931787
1996,PRT,GBR,-.0604041921860577
1997,PRT,GBR,-.0780293779835787
1998,PRT,GBR,-.056398134447948
1999,PRT,GBR,-.0559064904209914
2001,PRT,GBR,-.060874869416822
2003,PRT,GBR,-.0707636099701612
2004,PRT,GBR,-.0750725838152122
2005,PRT,GBR,-.0809158096718274
2006,PRT,GBR,-.069948524767378
2007,PRT,GBR,-.0719105948033153
2008,PRT,GBR,-.0856238639403067
2009,PRT,GBR,-.0800420174504151
2010,PRT,GBR,-.0673957513397639
2011,PRT,GBR,-.0766038869525521
2012,PRT,GBR,-.1047766985811466
2014,PRT,GBR,-.0812113667117307
2015,PRT,GBR,-.0863022512610344
2017,PRT,GBR,-.1064764073911371
2018,PRT,GBR,-.0938680458841817
2019,PRT,GBR,-.0934001745586567
2021,PRT,GBR,-.0963860946350635
2022,PRT,GBR,-.1052371718649199
2023,PRT,GBR,-.0860769523248459
2024,PRT,GBR,-.0725087931563175
2025,PRT,GBR,
2026,PRT,GBR,
1964,PRT,MCO,
1965,PRT,MCO,
1966,PRT,MCO,
1967,PRT,MCO,
1968,PRT,MCO,
1969,PRT,MCO,
1971,PRT,MCO,
1972,PRT,MCO,
1973,PRT,MCO,
1974,PRT,MCO,
1975,PRT,MCO,
1976,PRT,MCO,
1977,PRT,MCO,
1978,PRT,MCO,
1979,PRT,MCO,
1964,PRT,LUX,
1965,PRT,LUX,
1966,PRT,LUX,
1967,PRT,LUX,
1968,PRT,LUX,
1969,PRT,LUX,
1971,PRT,LUX,
1972,PRT,LUX,
1973,PRT,LUX,
1974,PRT,LUX,
1975,PRT,LUX,
1976,PRT,LUX,
1977,PRT,LUX,
1978,PRT,LUX,
1979,PRT,LUX,
1980,PRT,LUX,
1981,PRT,LUX,
1982,PRT,LUX,
1983,PRT,LUX,
1984,PRT,LUX,
1985,PRT,LUX,
1986,PRT,LUX,
1987,PRT,LUX,
1988,PRT,LUX,
1989,PRT,LUX,
1990,PRT,LUX,
1991,PRT,LUX,
1992,PRT,LUX,
1993,PRT,LUX,
2024,PRT,LUX,.006029504421315
2025,PRT,LUX,
1964,PRT,FRA,
1965,PRT,FRA,
1966,PRT,FRA,
1967,PRT,FRA,
1968,PRT,FRA,
1969,PRT,FRA,
1971,PRT,FRA,
1972,PRT,FRA,
1973,PRT,FRA,
1975,PRT,FRA,
1976,PRT,FRA,
1977,PRT,FRA,
1978,PRT,FRA,
1979,PRT,FRA,
1980,PRT,FRA,
1981,PRT,FRA,
1983,PRT,FRA,
1984,PRT,FRA,
1985,PRT,FRA,
1986,PRT,FRA,
1987,PRT,FRA,
1988,PRT,FRA,
1989,PRT,FRA,
1990,PRT,FRA,
1991,PRT,FRA,
1992,PRT,FRA,
1993,PRT,FRA,
1994,PRT,FRA,
1995,PRT,FRA,-.0444250739335048
1996,PRT,FRA,-.0353016226263845
1997,PRT,FRA,-.0529268084239061
1998,PRT,FRA,-.0312955648882747
1999,PRT,FRA,-.030803920861318
2001,PRT,FRA,-.0357722998571489
2003,PRT,FRA,-.0456610404104885
2004,PRT,FRA,-.0499700142555389
2005,PRT,FRA,-.0558132401121539
2006,PRT,FRA,-.0448459552077042
2007,PRT,FRA,-.0468080252436416
2008,PRT,FRA,-.060521294380634
2009,PRT,FRA,-.0549394478907415
2010,PRT,FRA,-.0422931817800909
2011,PRT,FRA,-.0515013173928785
2012,PRT,FRA,-.0796741290214732
2014,PRT,FRA,-.0561087971520577
2015,PRT,FRA,-.0611996817013613
2017,PRT,FRA,-.0813738378314634
2018,PRT,FRA,-.0687654763245082
2019,PRT,FRA,-.068297604998983
2021,PRT,FRA,-.0712835250753903
2022,PRT,FRA,-.0801346023052472
2023,PRT,FRA,-.0609743827651727
2024,PRT,FRA,-.0474062235966444
2025,PRT,FRA,
2026,PRT,FRA,
1964,PRT,AUT,
1965,PRT,AUT,
1966,PRT,AUT,
1967,PRT,AUT,
1968,PRT,AUT,
1971,PRT,AUT,
1972,PRT,AUT,
1976,PRT,AUT,
1977,PRT,AUT,
1978,PRT,AUT,
1979,PRT,AUT,
1980,PRT,AUT,
1981,PRT,AUT,
1982,PRT,AUT,
1983,PRT,AUT,
1984,PRT,AUT,
1985,PRT,AUT,
1986,PRT,AUT,
1987,PRT,AUT,
1988,PRT,AUT,
1989,PRT,AUT,
1990,PRT,AUT,
1991,PRT,AUT,
1992,PRT,AUT,
1993,PRT,AUT,
1994,PRT,AUT,
1995,PRT,AUT,.0343842817021212
1996,PRT,AUT,.0435077330092419
1997,PRT,AUT,.0258825472117208
1999,PRT,AUT,.0480054347743077
2003,PRT,AUT,.0331483152251379
2004,PRT,AUT,.0288393413800873
2011,PRT,AUT,.0273080382427475
2014,PRT,AUT,.0227005584835682
2015,PRT,AUT,.0176096739342649
2017,PRT,AUT,-.0025644821958377
2018,PRT,AUT,.0100438793111181
2023,PRT,AUT,.0178349728704534
2024,PRT,AUT,.0314031320389822
2025,PRT,AUT,
2026,PRT,AUT,
1964,PRT,FIN,
1965,PRT,FIN,
1966,PRT,FIN,
1967,PRT,FIN,
1968,PRT,FIN,
1969,PRT,FIN,
1971,PRT,FIN,
1972,PRT,FIN,
1973,PRT,FIN,
1974,PRT,FIN,
1975,PRT,FIN,
1976,PRT,FIN,
1977,PRT,FIN,
1978,PRT,FIN,
1979,PRT,FIN,
1980,PRT,FIN,
1981,PRT,FIN,
1982,PRT,FIN,
1983,PRT,FIN,
1984,PRT,FIN,
1985,PRT,FIN,
1986,PRT,FIN,
1987,PRT,FIN,
1988,PRT,FIN,
1989,PRT,FIN,
1990,PRT,FIN,
1991,PRT,FIN,
1992,PRT,FIN,
1993,PRT,FIN,
1994,PRT,FIN,
1996,PRT,FIN,.0276318966669953
1998,PRT,FIN,.0316379544051046
2006,PRT,FIN,.0180875640856746
2007,PRT,FIN,.0161254940497376
2008,PRT,FIN,.0024122249127464
2009,PRT,FIN,.0079940714026381
2011,PRT,FIN,.0114322019005012
2014,PRT,FIN,.0068247221413222
2018,PRT,FIN,-.005831957031129
2021,PRT,FIN,-.0083500057820102
2022,PRT,FIN,-.0172010830118676
2023,PRT,FIN,.0019591365282071
2024,PRT,FIN,.0155272956967351
2025,PRT,FIN,
2026,PRT,FIN,
1964,PRT,NOR,
1965,PRT,NOR,
1966,PRT,NOR,
1967,PRT,NOR,
1968,PRT,NOR,
1969,PRT,NOR,
1971,PRT,NOR,
1972,PRT,NOR,
1973,PRT,NOR,
1974,PRT,NOR,
1975,PRT,NOR,
1976,PRT,NOR,
1977,PRT,NOR,
1978,PRT,NOR,
1979,PRT,NOR,
1980,PRT,NOR,
1981,PRT,NOR,
1982,PRT,NOR,
1983,PRT,NOR,
1984,PRT,NOR,
1985,PRT,NOR,
1986,PRT,NOR,
1987,PRT,NOR,
1988,PRT,NOR,
1989,PRT,NOR,
1990,PRT,NOR,
1991,PRT,NOR,
1992,PRT,NOR,
1993,PRT,NOR,
1994,PRT,NOR,
1995,PRT,NOR,.0850014988550587
1996,PRT,NOR,.0941249501621794
1997,PRT,NOR,.0764997643646581
1998,PRT,NOR,.098131007900289
1999,PRT,NOR,.0986226519272454
2001,PRT,NOR,.0936542729314144
2003,PRT,NOR,.0837655323780749
2004,PRT,NOR,.0794565585330244
2005,PRT,NOR,.0736133326764096
2006,PRT,NOR,.0845806175808589
2008,PRT,NOR,.0689052784079296
2009,PRT,NOR,.0744871248978226
2010,PRT,NOR,.0871333910084732
2012,PRT,NOR,.0497524437670908
2014,PRT,NOR,.073317775636506
2015,PRT,NOR,.0682268910872023
2017,PRT,NOR,.0480527349571
2018,PRT,NOR,.0606610964640551
2019,PRT,NOR,.0611289677895804
2021,PRT,NOR,.0581430477131735
2022,PRT,NOR,.0492919704833169
2023,PRT,NOR,.0684521900233911
2024,PRT,NOR,.0820203491919194
2025,PRT,NOR,
2026,PRT,NOR,
1964,PRT,DNK,
1965,PRT,DNK,
1966,PRT,DNK,
1978,PRT,DNK,
1979,PRT,DNK,
1980,PRT,DNK,
1981,PRT,DNK,
1982,PRT,DNK,
1983,PRT,DNK,
1984,PRT,DNK,
1985,PRT,DNK,
1986,PRT,DNK,
1987,PRT,DNK,
1988,PRT,DNK,
1989,PRT,DNK,
1990,PRT,DNK,
1991,PRT,DNK,
1992,PRT,DNK,
1993,PRT,DNK,
1995,PRT,DNK,.0948103207166288
1997,PRT,DNK,.0863085862262282
1999,PRT,DNK,.1084314737888156
2001,PRT,DNK,.1034630947929843
2005,PRT,DNK,.0834221545379794
2006,PRT,DNK,.0943894394424287
2008,PRT,DNK,.0787141002694997
2009,PRT,DNK,.0842959467593923
2010,PRT,DNK,.096942212870043
2011,PRT,DNK,.0877340772572548
2012,PRT,DNK,.0595612656286604
2014,PRT,DNK,.0831265974980759
2017,PRT,DNK,.05786155681867
2018,PRT,DNK,.0704699183256252
2019,PRT,DNK,.0709377896511507
2025,PRT,DNK,
2026,PRT,DNK,
1964,PRT,NLD,
1965,PRT,NLD,
1966,PRT,NLD,
1967,PRT,NLD,
1968,PRT,NLD,
1969,PRT,NLD,
1971,PRT,NLD,
1972,PRT,NLD,
1973,PRT,NLD,
1974,PRT,NLD,
1975,PRT,NLD,
1976,PRT,NLD,
1977,PRT,NLD,
1978,PRT,NLD,
1979,PRT,NLD,
1980,PRT,NLD,
1981,PRT,NLD,
1982,PRT,NLD,
1983,PRT,NLD,
1984,PRT,NLD,
1986,PRT,NLD,
1987,PRT,NLD,
1988,PRT,NLD,
1989,PRT,NLD,
1990,PRT,NLD,
1992,PRT,NLD,
1993,PRT,NLD,
1994,PRT,NLD,
1996,PRT,NLD,.0465092594636338
1997,PRT,NLD,.0288840736661134
1998,PRT,NLD,.0505153172017438
1999,PRT,NLD,.0510069612287002
2001,PRT,NLD,.0460385822328694
2003,PRT,NLD,.0361498416795302
2004,PRT,NLD,.0318408678344796
2014,PRT,NLD,.0257020849379607
2017,PRT,NLD,.0004370442585549
2018,PRT,NLD,.0130454057655102
2019,PRT,NLD,.0135132770910348
2021,PRT,NLD,.0105273570146285
2022,PRT,NLD,.0016762797847717
2025,PRT,NLD,
1964,PRT,BEL,
1965,PRT,BEL,
1966,PRT,BEL,
1967,PRT,BEL,
1968,PRT,BEL,
1969,PRT,BEL,
1971,PRT,BEL,
1972,PRT,BEL,
1973,PRT,BEL,
1974,PRT,BEL,
1975,PRT,BEL,
1976,PRT,BEL,
1977,PRT,BEL,
1978,PRT,BEL,
1979,PRT,BEL,
1980,PRT,BEL,
1981,PRT,BEL,
1982,PRT,BEL,
1983,PRT,BEL,
1984,PRT,BEL,
1985,PRT,BEL,
1986,PRT,BEL,
1987,PRT,BEL,
1988,PRT,BEL,
1989,PRT,BEL,
1990,PRT,BEL,
1991,PRT,BEL,
1992,PRT,BEL,
1993,PRT,BEL,
1995,PRT,BEL,.0350410308074078
1996,PRT,BEL,.0441644821145287
1998,PRT,BEL,.0481705398526383
1999,PRT,BEL,.0486621838795949
2003,PRT,BEL,.0338050643304246
2004,PRT,BEL,.029496090485374
2010,PRT,BEL,.0371729229608223
2015,PRT,BEL,.0182664230395519
2017,PRT,BEL,-.0019077330905506
2021,PRT,BEL,.0081825796655224
2022,PRT,BEL,-.0006684975643339
2023,PRT,BEL,.01849172197574
2026,PRT,BEL,
1964,PRT,ESP,
1965,PRT,ESP,
1966,PRT,ESP,
1967,PRT,ESP,
1968,PRT,ESP,
1969,PRT,ESP,
1971,PRT,ESP,
1972,PRT,ESP,
1973,PRT,ESP,
1974,PRT,ESP,
1975,PRT,ESP,
1976,PRT,ESP,
1977,PRT,ESP,
1978,PRT,ESP,
1979,PRT,ESP,
1980,PRT,ESP,
1981,PRT,ESP,
1982,PRT,ESP,
1983,PRT,ESP,
1984,PRT,ESP,
1985,PRT,ESP,
1986,PRT,ESP,
1987,PRT,ESP,
1988,PRT,ESP,
1989,PRT,ESP,
1990,PRT,ESP,
1991,PRT,ESP,
1992,PRT,ESP,
1993,PRT,ESP,
1994,PRT,ESP,
1995,PRT,ESP,-.0387280738943758
1996,PRT,ESP,-.0296046225872552
1997,PRT,ESP,-.0472298083847759
1998,PRT,ESP,-.0255985648491459
1999,PRT,ESP,-.0251069208221892
2001,PRT,ESP,-.0300752998180203
2003,PRT,ESP,-.0399640403713588
2004,PRT,ESP,-.0442730142164099
2005,PRT,ESP,-.0501162400730254
2006,PRT,ESP,-.0391489551685755
2007,PRT,ESP,-.0411110252045129
2008,PRT,ESP,-.0548242943415054
2009,PRT,ESP,-.0492424478516125
2010,PRT,ESP,-.0365961817409621
2011,PRT,ESP,-.045804317353749
2012,PRT,ESP,-.0739771289823439
2014,PRT,ESP,-.0504117971129279
2015,PRT,ESP,-.0555026816622324
2017,PRT,ESP,-.0756768377923346
2018,PRT,ESP,-.0630684762853793
2019,PRT,ESP,-.0626006049598543
2021,PRT,ESP,-.0655865250362613
2022,PRT,ESP,-.0744376022661171
2023,PRT,ESP,-.0552773827260435
2024,PRT,ESP,-.0417092235575154
2025,PRT,ESP,
1964,PRT,DEU,
1965,PRT,DEU,
1966,PRT,DEU,
1967,PRT,DEU,
1968,PRT,DEU,
1969,PRT,DEU,
1971,PRT,DEU,
1972,PRT,DEU,
1973,PRT,DEU,
1974,PRT,DEU,
1975,PRT,DEU,
1976,PRT,DEU,
1977,PRT,DEU,
1978,PRT,DEU,
1979,PRT,DEU,
1980,PRT,DEU,
1981,PRT,DEU,
1982,PRT,DEU,
1983,PRT,DEU,
1984,PRT,DEU,
1985,PRT,DEU,
1986,PRT,DEU,
1987,PRT,DEU,
1988,PRT,DEU,
1989,PRT,DEU,
1990,PRT,DEU,
1991,PRT,DEU,
1992,PRT,DEU,
1993,PRT,DEU,
1994,PRT,DEU,
1995,PRT,DEU,-.1132602076163262
1997,PRT,DEU,-.1217619421067265
1998,PRT,DEU,-.1001306985710969
1999,PRT,DEU,-.0996390545441384
2001,PRT,DEU,-.1046074335399696
2003,PRT,DEU,-.1144961740933095
2004,PRT,DEU,-.1188051479383605
2005,PRT,DEU,-.1246483737949758
2006,PRT,DEU,-.1136810888905257
2007,PRT,DEU,-.1156431589264629
2008,PRT,DEU,-.129356428063455
2009,PRT,DEU,-.1237745815735625
2010,PRT,DEU,-.111128315462912
2011,PRT,DEU,-.1203364510756999
2012,PRT,DEU,-.1485092627042948
2014,PRT,DEU,-.1249439308348788
2015,PRT,DEU,-.1300348153841827
2017,PRT,DEU,-.1502089715142846
2018,PRT,DEU,-.1376006100073295
2019,PRT,DEU,-.1371327386818043
2021,PRT,DEU,-.1401186587582116
2022,PRT,DEU,-.1489697359880685
2023,PRT,DEU,-.1298095164479939
2024,PRT,DEU,-.1162413572794647
2025,PRT,DEU,
2026,PRT,DEU,
1964,PRT,YUG,
1965,PRT,YUG,
1966,PRT,YUG,
1967,PRT,YUG,
1968,PRT,YUG,
1969,PRT,YUG,
1971,PRT,YUG,
1972,PRT,YUG,
1973,PRT,YUG,
1974,PRT,YUG,
1975,PRT,YUG,
1976,PRT,YUG,
1981,PRT,YUG,
1982,PRT,YUG,
1983,PRT,YUG,
1984,PRT,YUG,
1986,PRT,YUG,
1987,PRT,YUG,
1988,PRT,YUG,
1989,PRT,YUG,
1990,PRT,YUG,
1991,PRT,YUG,
1992,PRT,YUG,
1964,PRT,CHE,
1965,PRT,CHE,
1966,PRT,CHE,
1967,PRT,CHE,
1968,PRT,CHE,
1969,PRT,CHE,
1971,PRT,CHE,
1972,PRT,CHE,
1973,PRT,CHE,
1974,PRT,CHE,
1975,PRT,CHE,
1976,PRT,CHE,
1977,PRT,CHE,
1978,PRT,CHE,
1979,PRT,CHE,
1980,PRT,CHE,
1981,PRT,CHE,
1982,PRT,CHE,
1983,PRT,CHE,
1984,PRT,CHE,
1985,PRT,CHE,
1986,PRT,CHE,
1987,PRT,CHE,
1988,PRT,CHE,
1989,PRT,CHE,
1990,PRT,CHE,
1991,PRT,CHE,
1992,PRT,CHE,
1993,PRT,CHE,
1994,PRT,CHE,
1996,PRT,CHE,.0440120079675752
1997,PRT,CHE,.0263868221700534
1998,PRT,CHE,.0480180657056842
2005,PRT,CHE,.0235003904818048
2006,PRT,CHE,.0344676753862545
2011,PRT,CHE,.0278123132010807
2014,PRT,CHE,.0232048334419018
2019,PRT,CHE,.0110160255949758
2021,PRT,CHE,.0080301055185683
2022,PRT,CHE,-.0008209717112874
2023,PRT,CHE,.0183392478287864
2024,PRT,CHE,.0319074069973153
2025,PRT,CHE,
1964,ESP,PRT,
1965,ESP,PRT,
1966,ESP,PRT,
1967,ESP,PRT,
1968,ESP,PRT,
1969,ESP,PRT,
1971,ESP,PRT,
1972,ESP,PRT,
1973,ESP,PRT,
1974,ESP,PRT,
1975,ESP,PRT,
1976,ESP,PRT,
1977,ESP,PRT,
1978,ESP,PRT,
1979,ESP,PRT,
1980,ESP,PRT,
1981,ESP,PRT,
1982,ESP,PRT,
1983,ESP,PRT,
1984,ESP,PRT,
1985,ESP,PRT,
1986,ESP,PRT,
1987,ESP,PRT,
1988,ESP,PRT,
1989,ESP,PRT,
1990,ESP,PRT,
1991,ESP,PRT,
1992,ESP,PRT,
1993,ESP,PRT,
1994,ESP,PRT,
1995,ESP,PRT,.0564011739134049
1996,ESP,PRT,.0655246252205253
1997,ESP,PRT,.0478994394230048
1998,ESP,PRT,.069530682958635
1999,ESP,PRT,.0700223269855914
2001,ESP,PRT,.0650539479897609
2003,ESP,PRT,.0551652074364212
2008,ESP,PRT,.0403049534662761
2009,ESP,PRT,.0458867999561682
2010,ESP,PRT,.0585330660668187
2017,ESP,PRT,.0194524100154461
2018,ESP,PRT,.0320607715224015
2021,ESP,PRT,.0295427227715194
2022,ESP,PRT,.0206916455416623
2023,ESP,PRT,.0398518650817367
2024,ESP,PRT,.0534200242502655
2025,ESP,PRT,
1964,CHE,PRT,
1965,CHE,PRT,
1966,CHE,PRT,
1967,CHE,PRT,
1968,CHE,PRT,
1969,CHE,PRT,
1971,CHE,PRT,
1972,CHE,PRT,
1973,CHE,PRT,
1974,CHE,PRT,
1975,CHE,PRT,
1976,CHE,PRT,
1977,CHE,PRT,
1978,CHE,PRT,
1979,CHE,PRT,
1980,CHE,PRT,
1981,CHE,PRT,
1982,CHE,PRT,
1983,CHE,PRT,
1984,CHE,PRT,
1985,CHE,PRT,
1986,CHE,PRT,
1987,CHE,PRT,
1988,CHE,PRT,
1989,CHE,PRT,
1990,CHE,PRT,
1991,CHE,PRT,
1992,CHE,PRT,
1993,CHE,PRT,
1994,CHE,PRT,
1996,CHE,PRT,.005466077114602
1997,CHE,PRT,-.0121591086829199
1998,CHE,PRT,.009472134852711
2008,CHE,PRT,-.0197535946396483
2009,CHE,PRT,-.0141717481497559
2010,CHE,PRT,-.0015254820391053
2017,CHE,PRT,-.0406061380904775
2018,CHE,PRT,-.027997776583522
2021,CHE,PRT,-.0305158253344044
2022,CHE,PRT,-.0393669025642608
2023,CHE,PRT,-.0202066830241873
2024,CHE,PRT,-.0066385238556586
2025,CHE,PRT,
1964,GBR,PRT,
1965,GBR,PRT,
1966,GBR,PRT,
1967,GBR,PRT,
1968,GBR,PRT,
1969,GBR,PRT,
1971,GBR,PRT,
1972,GBR,PRT,
1973,GBR,PRT,
1974,GBR,PRT,
1975,GBR,PRT,
1976,GBR,PRT,
1977,GBR,PRT,
1978,GBR,PRT,
1979,GBR,PRT,
1980,GBR,PRT,
1981,GBR,PRT,
1982,GBR,PRT,
1983,GBR,PRT,
1984,GBR,PRT,
1985,GBR,PRT,
1986,GBR,PRT,
1987,GBR,PRT,
1988,GBR,PRT,
1989,GBR,PRT,
1990,GBR,PRT,
1991,GBR,PRT,
1992,GBR,PRT,
1993,GBR,PRT,
1994,GBR,PRT,
1995,GBR,PRT,.0232758358106015
1996,GBR,PRT,.0323992871177219
1997,GBR,PRT,.0147741013202006
1998,GBR,PRT,.036405344855831
1999,GBR,PRT,.0368969888827878
2001,GBR,PRT,.0319286098869572
2003,GBR,PRT,.0220398693336176
2008,GBR,PRT,.0071796153634725
2009,GBR,PRT,.0127614618533647
2010,GBR,PRT,.0254077279640155
2017,GBR,PRT,-.0136729280873572
2018,GBR,PRT,-.0010645665804021
2021,GBR,PRT,-.0035826153312844
2022,GBR,PRT,-.0124336925611411
2023,GBR,PRT,.0067265269789332
2024,GBR,PRT,.020294686147462
2025,GBR,PRT,
1964,YUG,PRT,
1965,YUG,PRT,
1966,YUG,PRT,
1967,YUG,PRT,
1968,YUG,PRT,
1969,YUG,PRT,
1971,YUG,PRT,
1972,YUG,PRT,
1973,YUG,PRT,
1974,YUG,PRT,
1975,YUG,PRT,
1976,YUG,PRT,
1981,YUG,PRT,
1982,YUG,PRT,
1983,YUG,PRT,
1984,YUG,PRT,
1986,YUG,PRT,
1987,YUG,PRT,
1988,YUG,PRT,
1989,YUG,PRT,
1990,YUG,PRT,
1991,YUG,PRT,
1992,YUG,PRT,
1965,AUT,IRL,
1966,AUT,IRL,
1967,AUT,IRL,
1968,AUT,IRL,
1971,AUT,IRL,
1972,AUT,IRL,
1976,AUT,IRL,
1977,AUT,IRL,
1978,AUT,IRL,
1979,AUT,IRL,
1980,AUT,IRL,
1981,AUT,IRL,
1982,AUT,IRL,
1984,AUT,IRL,
1985,AUT,IRL,
1986,AUT,IRL,
1987,AUT,IRL,
1988,AUT,IRL,
1989,AUT,IRL,
1990,AUT,IRL,
1991,AUT,IRL,
1992,AUT,IRL,
1993,AUT,IRL,
1994,AUT,IRL,
1995,AUT,IRL,
1996,AUT,IRL,
1997,AUT,IRL,
1999,AUT,IRL,
2000,AUT,IRL,
2003,AUT,IRL,
2004,AUT,IRL,
2007,AUT,IRL,
2011,AUT,IRL,-.0184189390981955
2012,AUT,IRL,-.0465917507267898
2013,AUT,IRL,-.0415013604538773
2018,AUT,IRL,-.0356830980298258
2024,AUT,IRL,-.0143238453019617
1965,BEL,IRL,
1966,BEL,IRL,
1967,BEL,IRL,
1968,BEL,IRL,
1969,BEL,IRL,
1970,BEL,IRL,
1971,BEL,IRL,
1972,BEL,IRL,
1973,BEL,IRL,
1974,BEL,IRL,
1975,BEL,IRL,
1976,BEL,IRL,
1977,BEL,IRL,
1978,BEL,IRL,
1979,BEL,IRL,
1980,BEL,IRL,
1981,BEL,IRL,
1982,BEL,IRL,
1984,BEL,IRL,
1985,BEL,IRL,
1986,BEL,IRL,
1987,BEL,IRL,
1988,BEL,IRL,
1989,BEL,IRL,
1990,BEL,IRL,
1991,BEL,IRL,
1992,BEL,IRL,
1993,BEL,IRL,
1995,BEL,IRL,-.0233714243254667
1996,BEL,IRL,-.014247973018346
1998,BEL,IRL,-.0102419152802368
1999,BEL,IRL,-.0097502712532797
2000,BEL,IRL,-.0477449941859989
2003,BEL,IRL,-.0246073908024505
2004,BEL,IRL,-.0289163646475001
2006,BEL,IRL,-.0237923055996654
2007,BEL,IRL,-.0257543756356037
2010,BEL,IRL,-.021239532172052
2011,BEL,IRL,-.0304476677848405
2012,BEL,IRL,-.058620479413435
2013,BEL,IRL,-.0535300891405222
2018,BEL,IRL,-.0477118267164701
2024,BEL,IRL,-.0263525739886059
1965,DNK,IRL,
1966,DNK,IRL,
1978,DNK,IRL,
1979,DNK,IRL,
1980,DNK,IRL,
1981,DNK,IRL,
1982,DNK,IRL,
1984,DNK,IRL,
1985,DNK,IRL,
1986,DNK,IRL,
1987,DNK,IRL,
1988,DNK,IRL,
1989,DNK,IRL,
1990,DNK,IRL,
1991,DNK,IRL,
1992,DNK,IRL,
1993,DNK,IRL,
1995,DNK,IRL,-.0042521605006652
1997,DNK,IRL,-.0127538949910648
1999,DNK,IRL,.0093689925715217
2000,DNK,IRL,-.0286257303611974
2001,DNK,IRL,.0044006135756914
2004,DNK,IRL,-.0097971008226989
2006,DNK,IRL,-.0046730417748638
2007,DNK,IRL,-.0066351118108015
2010,DNK,IRL,-.002120268347251
2011,DNK,IRL,-.0113284039600371
2012,DNK,IRL,-.0395012155886329
2013,DNK,IRL,-.0344108253157203
2018,DNK,IRL,-.0285925628916681
2024,DNK,IRL,-.0072333101638042
1965,FIN,IRL,
1966,FIN,IRL,
1967,FIN,IRL,
1968,FIN,IRL,
1969,FIN,IRL,
1971,FIN,IRL,
1972,FIN,IRL,
1973,FIN,IRL,
1974,FIN,IRL,
1975,FIN,IRL,
1976,FIN,IRL,
1977,FIN,IRL,
1978,FIN,IRL,
1979,FIN,IRL,
1980,FIN,IRL,
1981,FIN,IRL,
1982,FIN,IRL,
1984,FIN,IRL,
1985,FIN,IRL,
1986,FIN,IRL,
1987,FIN,IRL,
1988,FIN,IRL,
1989,FIN,IRL,
1990,FIN,IRL,
1991,FIN,IRL,
1992,FIN,IRL,
1993,FIN,IRL,
1994,FIN,IRL,
1996,FIN,IRL,.0080027021717934
1998,FIN,IRL,.0120087599099025
2000,FIN,IRL,-.0254943189958597
2004,FIN,IRL,-.0066656894573612
2006,FIN,IRL,-.0015416304095267
2007,FIN,IRL,-.0035037004454642
2010,FIN,IRL,.0010111430180867
2011,FIN,IRL,-.0081969925947004
2012,FIN,IRL,-.0363698042232961
2013,FIN,IRL,-.031279413950383
2018,FIN,IRL,-.025461151526331
2024,FIN,IRL,-.004101898798467
1965,FRA,IRL,
1966,FRA,IRL,
1967,FRA,IRL,
1968,FRA,IRL,
1969,FRA,IRL,
1970,FRA,IRL,
1971,FRA,IRL,
1972,FRA,IRL,
1973,FRA,IRL,
1975,FRA,IRL,
1976,FRA,IRL,
1977,FRA,IRL,
1978,FRA,IRL,
1979,FRA,IRL,
1980,FRA,IRL,
1981,FRA,IRL,
1984,FRA,IRL,
1985,FRA,IRL,
1986,FRA,IRL,
1987,FRA,IRL,
1988,FRA,IRL,
1989,FRA,IRL,
1990,FRA,IRL,
1991,FRA,IRL,
1992,FRA,IRL,
1993,FRA,IRL,
1994,FRA,IRL,
1995,FRA,IRL,
1996,FRA,IRL,
1997,FRA,IRL,
1998,FRA,IRL,
1999,FRA,IRL,
2000,FRA,IRL,
2001,FRA,IRL,
2003,FRA,IRL,
2004,FRA,IRL,
2006,FRA,IRL,
2007,FRA,IRL,
2010,FRA,IRL,
2011,FRA,IRL,
2012,FRA,IRL,
2013,FRA,IRL,-.0120235809639583
2018,FRA,IRL,-.0062053185399063
2024,FRA,IRL,.0151539341879577
1965,DEU,IRL,
1966,DEU,IRL,
1967,DEU,IRL,
1968,DEU,IRL,
1969,DEU,IRL,
1970,DEU,IRL,
1971,DEU,IRL,
1972,DEU,IRL,
1973,DEU,IRL,
1974,DEU,IRL,
1975,DEU,IRL,
1976,DEU,IRL,
1977,DEU,IRL,
1978,DEU,IRL,
1979,DEU,IRL,
1980,DEU,IRL,
1981,DEU,IRL,
1982,DEU,IRL,
1984,DEU,IRL,
1985,DEU,IRL,
1986,DEU,IRL,
1987,DEU,IRL,
1988,DEU,IRL,
1989,DEU,IRL,
1990,DEU,IRL,
1991,DEU,IRL,
1992,DEU,IRL,
1993,DEU,IRL,
1994,DEU,IRL,
1995,DEU,IRL,
1997,DEU,IRL,
1998,DEU,IRL,
1999,DEU,IRL,
2000,DEU,IRL,
2001,DEU,IRL,
2003,DEU,IRL,
2004,DEU,IRL,
2006,DEU,IRL,
2007,DEU,IRL,
2010,DEU,IRL,
2011,DEU,IRL,
2012,DEU,IRL,
2013,DEU,IRL,
2018,DEU,IRL,
2024,DEU,IRL,-.0387225715202856
1965,IRL,LUX,
1966,IRL,LUX,
1967,IRL,LUX,
1968,IRL,LUX,
1969,IRL,LUX,
1970,IRL,LUX,
1971,IRL,LUX,
1972,IRL,LUX,
1973,IRL,LUX,
1974,IRL,LUX,
1975,IRL,LUX,
1976,IRL,LUX,
1977,IRL,LUX,
1978,IRL,LUX,
1979,IRL,LUX,
1980,IRL,LUX,
1981,IRL,LUX,
1982,IRL,LUX,
1984,IRL,LUX,
1985,IRL,LUX,
1986,IRL,LUX,
1987,IRL,LUX,
1988,IRL,LUX,
1989,IRL,LUX,
1990,IRL,LUX,
1991,IRL,LUX,
1992,IRL,LUX,
1993,IRL,LUX,
2024,IRL,LUX,-.0214211685436979
2025,IRL,LUX,
1965,IRL,GBR,
1966,IRL,GBR,
1967,IRL,GBR,
1968,IRL,GBR,
1969,IRL,GBR,
1970,IRL,GBR,
1971,IRL,GBR,
1972,IRL,GBR,
1973,IRL,GBR,
1974,IRL,GBR,
1975,IRL,GBR,
1976,IRL,GBR,
1977,IRL,GBR,
1978,IRL,GBR,
1979,IRL,GBR,
1980,IRL,GBR,
1981,IRL,GBR,
1982,IRL,GBR,
1984,IRL,GBR,
1985,IRL,GBR,
1986,IRL,GBR,
1987,IRL,GBR,
1988,IRL,GBR,
1989,IRL,GBR,
1990,IRL,GBR,
1991,IRL,GBR,
1992,IRL,GBR,
1993,IRL,GBR,
1994,IRL,GBR,
1995,IRL,GBR,-.0969783164581908
1996,IRL,GBR,-.0878548651510702
1997,IRL,GBR,-.1054800509485915
1998,IRL,GBR,-.0838488074129611
1999,IRL,GBR,-.0833571633860043
2000,IRL,GBR,-.1213518863187235
2001,IRL,GBR,-.0883255423818352
2003,IRL,GBR,-.0982142829351746
2004,IRL,GBR,-.1025232567802247
2005,IRL,GBR,-.1083664826368399
2006,IRL,GBR,-.0973991977323901
2007,IRL,GBR,-.0993612677683273
2008,IRL,GBR,-.1130745369053195
2009,IRL,GBR,-.1074926904154277
2010,IRL,GBR,-.0948464243047769
2011,IRL,GBR,-.104054559917564
2012,IRL,GBR,-.132227371546159
2013,IRL,GBR,-.1271369812732464
2014,IRL,GBR,-.1086620396767423
2015,IRL,GBR,-.1137529242260471
2016,IRL,GBR,-.121304806324067
2017,IRL,GBR,-.1339270803561497
2018,IRL,GBR,-.1213187188491943
2019,IRL,GBR,-.1208508475236693
2021,IRL,GBR,-.1238367676000765
2022,IRL,GBR,-.1326878448299322
2023,IRL,GBR,-.1135276252898588
2024,IRL,GBR,-.0999594661213307
2025,IRL,GBR,
1965,IRL,FRA,
1966,IRL,FRA,
1967,IRL,FRA,
1968,IRL,FRA,
1969,IRL,FRA,
1970,IRL,FRA,
1971,IRL,FRA,
1972,IRL,FRA,
1973,IRL,FRA,
1975,IRL,FRA,
1976,IRL,FRA,
1977,IRL,FRA,
1978,IRL,FRA,
1979,IRL,FRA,
1980,IRL,FRA,
1981,IRL,FRA,
1984,IRL,FRA,
1985,IRL,FRA,
1986,IRL,FRA,
1987,IRL,FRA,
1988,IRL,FRA,
1989,IRL,FRA,
1990,IRL,FRA,
1991,IRL,FRA,
1992,IRL,FRA,
1993,IRL,FRA,
1994,IRL,FRA,
1995,IRL,FRA,-.0718757468985178
1996,IRL,FRA,-.0627522955913974
1997,IRL,FRA,-.0803774813889177
1998,IRL,FRA,-.0587462378532878
1999,IRL,FRA,-.0582545938263309
2000,IRL,FRA,-.0962493167590503
2001,IRL,FRA,-.0632229728221612
2003,IRL,FRA,-.0731117133755013
2004,IRL,FRA,-.0774206872205518
2005,IRL,FRA,-.0832639130771674
2006,IRL,FRA,-.0722966281727173
2007,IRL,FRA,-.0742586982086548
2008,IRL,FRA,-.0879719673456471
2009,IRL,FRA,-.082390120855754
2010,IRL,FRA,-.069743854745103
2011,IRL,FRA,-.0789519903578916
2012,IRL,FRA,-.107124801986486
2013,IRL,FRA,-.1020344117135732
2014,IRL,FRA,-.0835594701170708
2015,IRL,FRA,-.0886503546663741
2016,IRL,FRA,-.0962022367643933
2017,IRL,FRA,-.1088245107964759
2018,IRL,FRA,-.0962161492895213
2019,IRL,FRA,-.0957482779639959
2021,IRL,FRA,-.0987341980404022
2022,IRL,FRA,-.1075852752702597
2023,IRL,FRA,-.0884250557301856
2024,IRL,FRA,-.0748568965616573
2025,IRL,FRA,
1965,IRL,AUT,
1966,IRL,AUT,
1967,IRL,AUT,
1968,IRL,AUT,
1971,IRL,AUT,
1972,IRL,AUT,
1976,IRL,AUT,
1977,IRL,AUT,
1978,IRL,AUT,
1979,IRL,AUT,
1980,IRL,AUT,
1981,IRL,AUT,
1982,IRL,AUT,
1984,IRL,AUT,
1985,IRL,AUT,
1986,IRL,AUT,
1987,IRL,AUT,
1988,IRL,AUT,
1989,IRL,AUT,
1990,IRL,AUT,
1991,IRL,AUT,
1992,IRL,AUT,
1993,IRL,AUT,
1994,IRL,AUT,
1995,IRL,AUT,
1996,IRL,AUT,
1997,IRL,AUT,
1999,IRL,AUT,
2000,IRL,AUT,
2003,IRL,AUT,
2004,IRL,AUT,
2011,IRL,AUT,-.0001426347222656
2014,IRL,AUT,-.0047501144814441
2015,IRL,AUT,-.0098409990307483
2016,IRL,AUT,-.0173928811287679
2017,IRL,AUT,-.03001515516085
2018,IRL,AUT,-.0174067936538952
2023,IRL,AUT,-.00961570009456
2024,IRL,AUT,.0039524590739681
2025,IRL,AUT,
1965,IRL,ITA,
1966,IRL,ITA,
1967,IRL,ITA,
1968,IRL,ITA,
1969,IRL,ITA,
1970,IRL,ITA,
1971,IRL,ITA,
1972,IRL,ITA,
1973,IRL,ITA,
1974,IRL,ITA,
1975,IRL,ITA,
1976,IRL,ITA,
1977,IRL,ITA,
1978,IRL,ITA,
1979,IRL,ITA,
1980,IRL,ITA,
1984,IRL,ITA,
1985,IRL,ITA,
1987,IRL,ITA,
1988,IRL,ITA,
1989,IRL,ITA,
1990,IRL,ITA,
1991,IRL,ITA,
1992,IRL,ITA,
1993,IRL,ITA,
1997,IRL,ITA,.0913547802288959
2011,IRL,ITA,.0927802712599241
2012,IRL,ITA,.0646074596313288
2013,IRL,ITA,.0696978499042411
2014,IRL,ITA,.0881727915007447
2015,IRL,ITA,.0830819069514412
2016,IRL,ITA,.0755300248534216
2017,IRL,ITA,.0629077508213379
2018,IRL,ITA,.0755161123282947
2019,IRL,ITA,.0759839836538191
2021,IRL,ITA,.0729980635774111
2022,IRL,ITA,.0641469863475551
2023,IRL,ITA,.0833072058876297
2024,IRL,ITA,.0968753650561578
2025,IRL,ITA,
1965,IRL,DNK,
1966,IRL,DNK,
1978,IRL,DNK,
1979,IRL,DNK,
1980,IRL,DNK,
1981,IRL,DNK,
1982,IRL,DNK,
1984,IRL,DNK,
1985,IRL,DNK,
1986,IRL,DNK,
1987,IRL,DNK,
1988,IRL,DNK,
1989,IRL,DNK,
1990,IRL,DNK,
1991,IRL,DNK,
1992,IRL,DNK,
1993,IRL,DNK,
1995,IRL,DNK,
1997,IRL,DNK,
1999,IRL,DNK,
2000,IRL,DNK,
2001,IRL,DNK,
2005,IRL,DNK,
2006,IRL,DNK,
2008,IRL,DNK,.0512634273044873
2009,IRL,DNK,.056845273794379
2010,IRL,DNK,.0694915399050301
2011,IRL,DNK,.0602834042922435
2012,IRL,DNK,.0321105926636475
2013,IRL,DNK,.0372009829365609
2014,IRL,DNK,.0556759245330628
2017,IRL,DNK,.0304108838536571
2018,IRL,DNK,.0430192453606119
2019,IRL,DNK,.043487116686138
2025,IRL,DNK,
1965,IRL,CHE,
1966,IRL,CHE,
1967,IRL,CHE,
1968,IRL,CHE,
1969,IRL,CHE,
1970,IRL,CHE,
1971,IRL,CHE,
1972,IRL,CHE,
1973,IRL,CHE,
1974,IRL,CHE,
1975,IRL,CHE,
1976,IRL,CHE,
1977,IRL,CHE,
1978,IRL,CHE,
1979,IRL,CHE,
1980,IRL,CHE,
1981,IRL,CHE,
1982,IRL,CHE,
1984,IRL,CHE,
1985,IRL,CHE,
1986,IRL,CHE,
1987,IRL,CHE,
1988,IRL,CHE,
1989,IRL,CHE,
1990,IRL,CHE,
1991,IRL,CHE,
1992,IRL,CHE,
1993,IRL,CHE,
1994,IRL,CHE,
1996,IRL,CHE,
1997,IRL,CHE,
1998,IRL,CHE,
2000,IRL,CHE,
2005,IRL,CHE,
2006,IRL,CHE,
2011,IRL,CHE,.0003616402360673
2014,IRL,CHE,-.0042458395231115
2019,IRL,CHE,-.0164346473700364
2021,IRL,CHE,-.0194205674464443
2022,IRL,CHE,-.0282716446763009
2023,IRL,CHE,-.0091114251362269
2024,IRL,CHE,.0044567340323029
2025,IRL,CHE,
1965,IRL,MCO,
1966,IRL,MCO,
1967,IRL,MCO,
1968,IRL,MCO,
1969,IRL,MCO,
1970,IRL,MCO,
1971,IRL,MCO,
1972,IRL,MCO,
1973,IRL,MCO,
1974,IRL,MCO,
1975,IRL,MCO,
1976,IRL,MCO,
1977,IRL,MCO,
1978,IRL,MCO,
1979,IRL,MCO,
1965,IRL,SWE,
1966,IRL,SWE,
1967,IRL,SWE,
1968,IRL,SWE,
1969,IRL,SWE,
1971,IRL,SWE,
1972,IRL,SWE,
1973,IRL,SWE,
1974,IRL,SWE,
1975,IRL,SWE,
1977,IRL,SWE,
1978,IRL,SWE,
1979,IRL,SWE,
1980,IRL,SWE,
1981,IRL,SWE,
1982,IRL,SWE,
1984,IRL,SWE,
1985,IRL,SWE,
1986,IRL,SWE,
1987,IRL,SWE,
1988,IRL,SWE,
1989,IRL,SWE,
1990,IRL,SWE,
1991,IRL,SWE,
1992,IRL,SWE,
1993,IRL,SWE,
1994,IRL,SWE,
1995,IRL,SWE,
1996,IRL,SWE,
1997,IRL,SWE,
1998,IRL,SWE,
1999,IRL,SWE,
2000,IRL,SWE,
2001,IRL,SWE,
2003,IRL,SWE,
2004,IRL,SWE,
2005,IRL,SWE,
2006,IRL,SWE,
2007,IRL,SWE,
2008,IRL,SWE,.1275565239856171
2009,IRL,SWE,.1331383704755089
2011,IRL,SWE,.1365765009733717
2012,IRL,SWE,.108403689344778
2013,IRL,SWE,.1134940796176898
2014,IRL,SWE,.1319690212141931
2015,IRL,SWE,.1268781366648895
2016,IRL,SWE,.1193262545668702
2017,IRL,SWE,.1067039805347869
2018,IRL,SWE,.1193123420417422
2019,IRL,SWE,.1197802133672677
2021,IRL,SWE,.1167942932908596
2022,IRL,SWE,.1079432160610035
2023,IRL,SWE,.1271034356010786
2024,IRL,SWE,.1406715947696067
2025,IRL,SWE,
1965,IRL,NLD,
1966,IRL,NLD,
1967,IRL,NLD,
1968,IRL,NLD,
1969,IRL,NLD,
1970,IRL,NLD,
1971,IRL,NLD,
1972,IRL,NLD,
1973,IRL,NLD,
1974,IRL,NLD,
1975,IRL,NLD,
1976,IRL,NLD,
1977,IRL,NLD,
1978,IRL,NLD,
1979,IRL,NLD,
1980,IRL,NLD,
1981,IRL,NLD,
1982,IRL,NLD,
1984,IRL,NLD,
1986,IRL,NLD,
1987,IRL,NLD,
1988,IRL,NLD,
1989,IRL,NLD,
1990,IRL,NLD,
1992,IRL,NLD,
1993,IRL,NLD,
1994,IRL,NLD,
1996,IRL,NLD,
1997,IRL,NLD,
1998,IRL,NLD,
1999,IRL,NLD,
2000,IRL,NLD,
2001,IRL,NLD,
2003,IRL,NLD,
2004,IRL,NLD,
2013,IRL,NLD,-.0202235296235548
2014,IRL,NLD,-.001748588027052
2016,IRL,NLD,-.0143913546743749
2017,IRL,NLD,-.027013628706458
2018,IRL,NLD,-.0144052671995029
2019,IRL,NLD,-.0139373958739769
2021,IRL,NLD,-.0169233159503847
2022,IRL,NLD,-.0257743931802418
2025,IRL,NLD,
1965,IRL,YUG,
1966,IRL,YUG,
1967,IRL,YUG,
1968,IRL,YUG,
1969,IRL,YUG,
1970,IRL,YUG,
1971,IRL,YUG,
1972,IRL,YUG,
1973,IRL,YUG,
1974,IRL,YUG,
1975,IRL,YUG,
1976,IRL,YUG,
1981,IRL,YUG,
1982,IRL,YUG,
1984,IRL,YUG,
1986,IRL,YUG,
1987,IRL,YUG,
1988,IRL,YUG,
1989,IRL,YUG,
1990,IRL,YUG,
1991,IRL,YUG,
1992,IRL,YUG,
1965,IRL,NOR,
1966,IRL,NOR,
1967,IRL,NOR,
1968,IRL,NOR,
1969,IRL,NOR,
1971,IRL,NOR,
1972,IRL,NOR,
1973,IRL,NOR,
1974,IRL,NOR,
1975,IRL,NOR,
1976,IRL,NOR,
1977,IRL,NOR,
1978,IRL,NOR,
1979,IRL,NOR,
1980,IRL,NOR,
1981,IRL,NOR,
1982,IRL,NOR,
1984,IRL,NOR,
1985,IRL,NOR,
1986,IRL,NOR,
1987,IRL,NOR,
1988,IRL,NOR,
1989,IRL,NOR,
1990,IRL,NOR,
1991,IRL,NOR,
1992,IRL,NOR,
1993,IRL,NOR,
1994,IRL,NOR,
1995,IRL,NOR,
1996,IRL,NOR,
1997,IRL,NOR,
1998,IRL,NOR,
1999,IRL,NOR,
2000,IRL,NOR,
2001,IRL,NOR,
2003,IRL,NOR,
2004,IRL,NOR,
2005,IRL,NOR,
2006,IRL,NOR,
2008,IRL,NOR,.0414546054429173
2009,IRL,NOR,.0470364519328099
2010,IRL,NOR,.0596827180434601
2012,IRL,NOR,.0223017708020774
2013,IRL,NOR,.0273921610749902
2014,IRL,NOR,.0458671026714937
2015,IRL,NOR,.0407762181221896
2017,IRL,NOR,.0206020619920873
2018,IRL,NOR,.0332104234990421
2019,IRL,NOR,.0336782948245681
2021,IRL,NOR,.0306923747481603
2022,IRL,NOR,.0218412975183036
2023,IRL,NOR,.0410015170583778
2024,IRL,NOR,.0545696762269062
2025,IRL,NOR,
1965,IRL,PRT,
1966,IRL,PRT,
1967,IRL,PRT,
1968,IRL,PRT,
1969,IRL,PRT,
1971,IRL,PRT,
1972,IRL,PRT,
1973,IRL,PRT,
1974,IRL,PRT,
1975,IRL,PRT,
1976,IRL,PRT,
1977,IRL,PRT,
1978,IRL,PRT,
1979,IRL,PRT,
1980,IRL,PRT,
1981,IRL,PRT,
1982,IRL,PRT,
1984,IRL,PRT,
1985,IRL,PRT,
1986,IRL,PRT,
1987,IRL,PRT,
1988,IRL,PRT,
1989,IRL,PRT,
1990,IRL,PRT,
1991,IRL,PRT,
1992,IRL,PRT,
1993,IRL,PRT,
1994,IRL,PRT,
1995,IRL,PRT,.0460607894263994
1996,IRL,PRT,.0551842407335197
1997,IRL,PRT,.0375590549359988
1998,IRL,PRT,.0591902984716292
1999,IRL,PRT,.0596819424985857
2001,IRL,PRT,.0547135635027549
2003,IRL,PRT,.0448248229494152
2008,IRL,PRT,.0299645689792706
2009,IRL,PRT,.0355464154691632
2010,IRL,PRT,.0481926815798135
2017,IRL,PRT,.0091120255284405
2018,IRL,PRT,.0217203870353959
2021,IRL,PRT,.0192023382845136
2022,IRL,PRT,.0103512610546571
2023,IRL,PRT,.0295114805947312
2024,IRL,PRT,.0430796397632595
2025,IRL,PRT,
1965,IRL,ESP,
1966,IRL,ESP,
1967,IRL,ESP,
1968,IRL,ESP,
1969,IRL,ESP,
1970,IRL,ESP,
1971,IRL,ESP,
1972,IRL,ESP,
1973,IRL,ESP,
1974,IRL,ESP,
1975,IRL,ESP,
1976,IRL,ESP,
1977,IRL,ESP,
1978,IRL,ESP,
1979,IRL,ESP,
1980,IRL,ESP,
1981,IRL,ESP,
1982,IRL,ESP,
1984,IRL,ESP,
1985,IRL,ESP,
1986,IRL,ESP,
1987,IRL,ESP,
1988,IRL,ESP,
1989,IRL,ESP,
1990,IRL,ESP,
1991,IRL,ESP,
1992,IRL,ESP,
1993,IRL,ESP,
1994,IRL,ESP,
1995,IRL,ESP,-.0661787468593883
1996,IRL,ESP,-.0570552955522681
1997,IRL,ESP,-.0746804813497889
1998,IRL,ESP,-.0530492378141583
1999,IRL,ESP,-.052557593787202
2000,IRL,ESP,-.0905523167199211
2001,IRL,ESP,-.057525972783032
2003,IRL,ESP,-.0674147133363721
2004,IRL,ESP,-.0717236871814226
2005,IRL,ESP,-.077566913038038
2006,IRL,ESP,-.0665996281335882
2007,IRL,ESP,-.0685616981695255
2008,IRL,ESP,-.0822749673065176
2009,IRL,ESP,-.0766931208166249
2010,IRL,ESP,-.0640468547059746
2011,IRL,ESP,-.073254990318762
2012,IRL,ESP,-.1014278019473565
2013,IRL,ESP,-.096337411674444
2014,IRL,ESP,-.0778624700779407
2015,IRL,ESP,-.082953354627245
2016,IRL,ESP,-.0905052367252638
2017,IRL,ESP,-.1031275107573471
2018,IRL,ESP,-.0905191492503923
2019,IRL,ESP,-.0900512779248666
2021,IRL,ESP,-.0930371980012742
2022,IRL,ESP,-.1018882752311299
2023,IRL,ESP,-.0827280556910567
2024,IRL,ESP,-.0691598965225282
2025,IRL,ESP,
1965,IRL,DEU,
1966,IRL,DEU,
1967,IRL,DEU,
1968,IRL,DEU,
1969,IRL,DEU,
1970,IRL,DEU,
1971,IRL,DEU,
1972,IRL,DEU,
1973,IRL,DEU,
1974,IRL,DEU,
1975,IRL,DEU,
1976,IRL,DEU,
1977,IRL,DEU,
1978,IRL,DEU,
1979,IRL,DEU,
1980,IRL,DEU,
1981,IRL,DEU,
1982,IRL,DEU,
1984,IRL,DEU,
1985,IRL,DEU,
1986,IRL,DEU,
1987,IRL,DEU,
1988,IRL,DEU,
1989,IRL,DEU,
1990,IRL,DEU,
1991,IRL,DEU,
1992,IRL,DEU,
1993,IRL,DEU,
1994,IRL,DEU,
1995,IRL,DEU,-.1407108805813387
1997,IRL,DEU,-.1492126150717393
1998,IRL,DEU,-.127581371536108
1999,IRL,DEU,-.127089727509152
2000,IRL,DEU,-.1650844504418714
2001,IRL,DEU,-.1320581065049823
2003,IRL,DEU,-.1419468470583226
2004,IRL,DEU,-.1462558209033727
2005,IRL,DEU,-.1520990467599881
2006,IRL,DEU,-.1411317618555385
2007,IRL,DEU,-.1430938318914756
2008,IRL,DEU,-.1568071010284678
2009,IRL,DEU,-.151225254538575
2010,IRL,DEU,-.1385789884279245
2011,IRL,DEU,-.1477871240407126
2012,IRL,DEU,-.1759599356693068
2013,IRL,DEU,-.1708695453963939
2014,IRL,DEU,-.1523946037998915
2015,IRL,DEU,-.1574854883491952
2016,IRL,DEU,-.1650373704472142
2017,IRL,DEU,-.1776596444792971
2018,IRL,DEU,-.1650512829723418
2019,IRL,DEU,-.1645834116468172
2021,IRL,DEU,-.1675693317232243
2022,IRL,DEU,-.1764204089530807
2023,IRL,DEU,-.1572601894130067
2024,IRL,DEU,-.1436920302444784
2025,IRL,DEU,
1965,IRL,BEL,
1966,IRL,BEL,
1967,IRL,BEL,
1968,IRL,BEL,
1969,IRL,BEL,
1970,IRL,BEL,
1971,IRL,BEL,
1972,IRL,BEL,
1973,IRL,BEL,
1974,IRL,BEL,
1975,IRL,BEL,
1976,IRL,BEL,
1977,IRL,BEL,
1978,IRL,BEL,
1979,IRL,BEL,
1980,IRL,BEL,
1981,IRL,BEL,
1982,IRL,BEL,
1984,IRL,BEL,
1985,IRL,BEL,
1986,IRL,BEL,
1987,IRL,BEL,
1988,IRL,BEL,
1989,IRL,BEL,
1990,IRL,BEL,
1991,IRL,BEL,
1992,IRL,BEL,
1993,IRL,BEL,
1995,IRL,BEL,
1996,IRL,BEL,
1998,IRL,BEL,
1999,IRL,BEL,
2000,IRL,BEL,
2003,IRL,BEL,
2004,IRL,BEL,
2010,IRL,BEL,.00972224999581
2013,IRL,BEL,-.0225683069726604
2015,IRL,BEL,-.009184249925461
2016,IRL,BEL,-.0167361320234802
2017,IRL,BEL,-.0293584060555631
2021,IRL,BEL,-.0192680932994898
2022,IRL,BEL,-.0281191705293473
2023,IRL,BEL,-.0089589509892721
1965,IRL,FIN,
1966,IRL,FIN,
1967,IRL,FIN,
1968,IRL,FIN,
1969,IRL,FIN,
1971,IRL,FIN,
1972,IRL,FIN,
1973,IRL,FIN,
1974,IRL,FIN,
1975,IRL,FIN,
1976,IRL,FIN,
1977,IRL,FIN,
1978,IRL,FIN,
1979,IRL,FIN,
1980,IRL,FIN,
1981,IRL,FIN,
1982,IRL,FIN,
1984,IRL,FIN,
1985,IRL,FIN,
1986,IRL,FIN,
1987,IRL,FIN,
1988,IRL,FIN,
1989,IRL,FIN,
1990,IRL,FIN,
1991,IRL,FIN,
1992,IRL,FIN,
1993,IRL,FIN,
1994,IRL,FIN,
1996,IRL,FIN,
1998,IRL,FIN,
2000,IRL,FIN,
2006,IRL,FIN,
2007,IRL,FIN,
2008,IRL,FIN,-.0250384480522674
2009,IRL,FIN,-.019456601562375
2011,IRL,FIN,-.0160184710645119
2013,IRL,FIN,-.0391008924201939
2014,IRL,FIN,-.0206259508236908
2018,IRL,FIN,-.0332826299961417
2021,IRL,FIN,-.0358006787470235
2022,IRL,FIN,-.0446517559768806
2023,IRL,FIN,-.0254915364368058
2024,IRL,FIN,-.011923377268278
2025,IRL,FIN,
1965,ITA,IRL,
1966,ITA,IRL,
1967,ITA,IRL,
1968,ITA,IRL,
1969,ITA,IRL,
1970,ITA,IRL,
1971,ITA,IRL,
1972,ITA,IRL,
1973,ITA,IRL,
1974,ITA,IRL,
1975,ITA,IRL,
1976,ITA,IRL,
1977,ITA,IRL,
1978,ITA,IRL,
1979,ITA,IRL,
1980,ITA,IRL,
1984,ITA,IRL,
1985,ITA,IRL,
1987,ITA,IRL,
1988,ITA,IRL,
1989,ITA,IRL,
1990,ITA,IRL,
1991,ITA,IRL,
1992,ITA,IRL,
1993,ITA,IRL,
1997,ITA,IRL,-.0259127280717648
2011,ITA,IRL,-.0244872370407366
2012,ITA,IRL,-.0526600486693315
2013,ITA,IRL,-.0475696583964182
2018,ITA,IRL,-.0417513959723672
2024,ITA,IRL,-.0203921432445026
1965,LUX,IRL,
1966,LUX,IRL,
1967,LUX,IRL,
1968,LUX,IRL,
1969,LUX,IRL,
1970,LUX,IRL,
1971,LUX,IRL,
1972,LUX,IRL,
1973,LUX,IRL,
1974,LUX,IRL,
1975,LUX,IRL,
1976,LUX,IRL,
1977,LUX,IRL,
1978,LUX,IRL,
1979,LUX,IRL,
1980,LUX,IRL,
1981,LUX,IRL,
1982,LUX,IRL,
1984,LUX,IRL,
1985,LUX,IRL,
1986,LUX,IRL,
1987,LUX,IRL,
1988,LUX,IRL,
1989,LUX,IRL,
1990,LUX,IRL,
1991,LUX,IRL,
1992,LUX,IRL,
1993,LUX,IRL,
2024,LUX,IRL,.0377314735955052
1965,MCO,IRL,
1966,MCO,IRL,
1967,MCO,IRL,
1968,MCO,IRL,
1969,MCO,IRL,
1970,MCO,IRL,
1971,MCO,IRL,
1972,MCO,IRL,
1973,MCO,IRL,
1974,MCO,IRL,
1975,MCO,IRL,
1976,MCO,IRL,
1977,MCO,IRL,
1978,MCO,IRL,
1979,MCO,IRL,
2004,MCO,IRL,
2006,MCO,IRL,
1965,NLD,IRL,
1966,NLD,IRL,
1967,NLD,IRL,
1968,NLD,IRL,
1969,NLD,IRL,
1970,NLD,IRL,
1971,NLD,IRL,
1972,NLD,IRL,
1973,NLD,IRL,
1974,NLD,IRL,
1975,NLD,IRL,
1976,NLD,IRL,
1977,NLD,IRL,
1978,NLD,IRL,
1979,NLD,IRL,
1980,NLD,IRL,
1981,NLD,IRL,
1982,NLD,IRL,
1984,NLD,IRL,
1986,NLD,IRL,
1987,NLD,IRL,
1988,NLD,IRL,
1989,NLD,IRL,
1990,NLD,IRL,
1992,NLD,IRL,
1993,NLD,IRL,
1994,NLD,IRL,
1996,NLD,IRL,
1997,NLD,IRL,
1998,NLD,IRL,
1999,NLD,IRL,
2000,NLD,IRL,
2001,NLD,IRL,
2003,NLD,IRL,
2004,NLD,IRL,
2006,NLD,IRL,
2007,NLD,IRL,
2010,NLD,IRL,-.0239693887221951
2011,NLD,IRL,-.0331775243349827
2012,NLD,IRL,-.0613503359635773
2013,NLD,IRL,-.056259945690665
2018,NLD,IRL,-.0504416832666127
2024,NLD,IRL,-.0290824305387484
1965,NOR,IRL,
1966,NOR,IRL,
1967,NOR,IRL,
1968,NOR,IRL,
1969,NOR,IRL,
1971,NOR,IRL,
1972,NOR,IRL,
1973,NOR,IRL,
1974,NOR,IRL,
1975,NOR,IRL,
1976,NOR,IRL,
1977,NOR,IRL,
1978,NOR,IRL,
1979,NOR,IRL,
1980,NOR,IRL,
1981,NOR,IRL,
1982,NOR,IRL,
1984,NOR,IRL,
1985,NOR,IRL,
1986,NOR,IRL,
1987,NOR,IRL,
1988,NOR,IRL,
1989,NOR,IRL,
1990,NOR,IRL,
1991,NOR,IRL,
1992,NOR,IRL,
1993,NOR,IRL,
1994,NOR,IRL,
1995,NOR,IRL,.0039137962964518
1996,NOR,IRL,.0130372476035729
1997,NOR,IRL,-.0045879381939489
1998,NOR,IRL,.0170433053416825
1999,NOR,IRL,.0175349493686385
2000,NOR,IRL,-.0204597735640809
2001,NOR,IRL,.0125665703728077
2003,NOR,IRL,.0026778298194677
2004,NOR,IRL,-.0016311440255818
2006,NOR,IRL,.003492915022253
2007,NOR,IRL,.0015308449863148
2010,NOR,IRL,.006045688449866
2011,NOR,IRL,-.0031624471629217
2012,NOR,IRL,-.0313352587915164
2013,NOR,IRL,-.0262448685186037
2018,NOR,IRL,-.0204266060945518
2024,NOR,IRL,.0009326466333127
1965,PRT,IRL,
1966,PRT,IRL,
1967,PRT,IRL,
1968,PRT,IRL,
1969,PRT,IRL,
1971,PRT,IRL,
1972,PRT,IRL,
1973,PRT,IRL,
1974,PRT,IRL,
1975,PRT,IRL,
1976,PRT,IRL,
1977,PRT,IRL,
1978,PRT,IRL,
1979,PRT,IRL,
1980,PRT,IRL,
1981,PRT,IRL,
1982,PRT,IRL,
1984,PRT,IRL,
1985,PRT,IRL,
1986,PRT,IRL,
1987,PRT,IRL,
1988,PRT,IRL,
1989,PRT,IRL,
1990,PRT,IRL,
1991,PRT,IRL,
1992,PRT,IRL,
1993,PRT,IRL,
1994,PRT,IRL,
1995,PRT,IRL,.0552043449348305
1996,PRT,IRL,.0643277962419499
1997,PRT,IRL,.0467026104444298
1998,PRT,IRL,.0683338539800606
1999,PRT,IRL,.0688254980070169
2001,PRT,IRL,.0638571190111864
2003,PRT,IRL,.0539683784578467
2004,PRT,IRL,.0496594046127961
2006,PRT,IRL,.0547834636606307
2007,PRT,IRL,.0528213936246936
2010,PRT,IRL,.057336237088244
2011,PRT,IRL,.0481281014754565
2012,PRT,IRL,.0199552898468619
2018,PRT,IRL,.0308639425438267
2024,PRT,IRL,.0522231952716908
1965,PRT,SWE,
1966,PRT,SWE,
1967,PRT,SWE,
1968,PRT,SWE,
1969,PRT,SWE,
1971,PRT,SWE,
1972,PRT,SWE,
1973,PRT,SWE,
1974,PRT,SWE,
1975,PRT,SWE,
1977,PRT,SWE,
1978,PRT,SWE,
1979,PRT,SWE,
1980,PRT,SWE,
1981,PRT,SWE,
1982,PRT,SWE,
1983,PRT,SWE,
1984,PRT,SWE,
1985,PRT,SWE,
1986,PRT,SWE,
1987,PRT,SWE,
1988,PRT,SWE,
1989,PRT,SWE,
1990,PRT,SWE,
1991,PRT,SWE,
1992,PRT,SWE,
1993,PRT,SWE,
1994,PRT,SWE,
1995,PRT,SWE,.1711034173977586
1996,PRT,SWE,.1802268687048797
1997,PRT,SWE,.1626016829073576
1998,PRT,SWE,.1842329264429881
1999,PRT,SWE,.1847245704699453
2001,PRT,SWE,.1797561914741143
2003,PRT,SWE,.1698674509207748
2004,PRT,SWE,.1655584770757242
2005,PRT,SWE,.1597152512191091
2006,PRT,SWE,.1706825361235589
2007,PRT,SWE,.1687204660876213
2008,PRT,SWE,.1550071969506291
2009,PRT,SWE,.1605890434405214
2011,PRT,SWE,.1640271739383851
2012,PRT,SWE,.1358543623097904
2014,PRT,SWE,.1594196941792067
2015,PRT,SWE,.1543288096299023
2017,PRT,SWE,.1341546534997995
2018,PRT,SWE,.1467630150067554
2019,PRT,SWE,.1472308863322806
2021,PRT,SWE,.144244966255873
2022,PRT,SWE,.1353938890260163
2023,PRT,SWE,.1545541085660901
2024,PRT,SWE,.1681222677346194
2025,PRT,SWE,
2026,PRT,SWE,
1965,ESP,IRL,
1966,ESP,IRL,
1967,ESP,IRL,
1968,ESP,IRL,
1969,ESP,IRL,
1970,ESP,IRL,
1971,ESP,IRL,
1972,ESP,IRL,
1973,ESP,IRL,
1974,ESP,IRL,
1975,ESP,IRL,
1976,ESP,IRL,
1977,ESP,IRL,
1978,ESP,IRL,
1979,ESP,IRL,
1980,ESP,IRL,
1981,ESP,IRL,
1982,ESP,IRL,
1984,ESP,IRL,
1985,ESP,IRL,
1986,ESP,IRL,
1987,ESP,IRL,
1988,ESP,IRL,
1989,ESP,IRL,
1990,ESP,IRL,
1991,ESP,IRL,
1992,ESP,IRL,
1993,ESP,IRL,
1994,ESP,IRL,
1995,ESP,IRL,.0380940564568231
1996,ESP,IRL,.0472175077639441
1997,ESP,IRL,.0295923219664223
1998,ESP,IRL,.051223565502053
1999,ESP,IRL,.0517152095290095
2000,ESP,IRL,.0137204865962907
2001,ESP,IRL,.0467468305331792
2003,ESP,IRL,.0368580899798394
2004,ESP,IRL,.0325491161347888
2006,ESP,IRL,.0376731751826235
2007,ESP,IRL,.035711105146686
2010,ESP,IRL,.0402259486102369
2011,ESP,IRL,.0310178129974499
2012,ESP,IRL,.002845001368855
2013,ESP,IRL,.0079353916417676
2018,ESP,IRL,.0137536540658194
2024,ESP,IRL,.0351129067936836
1965,SWE,IRL,
1966,SWE,IRL,
1967,SWE,IRL,
1968,SWE,IRL,
1969,SWE,IRL,
1971,SWE,IRL,
1972,SWE,IRL,
1973,SWE,IRL,
1974,SWE,IRL,
1975,SWE,IRL,
1977,SWE,IRL,
1978,SWE,IRL,
1979,SWE,IRL,
1980,SWE,IRL,
1981,SWE,IRL,
1982,SWE,IRL,
1984,SWE,IRL,
1985,SWE,IRL,
1986,SWE,IRL,
1987,SWE,IRL,
1988,SWE,IRL,
1989,SWE,IRL,
1990,SWE,IRL,
1991,SWE,IRL,
1992,SWE,IRL,
1993,SWE,IRL,
1994,SWE,IRL,
1995,SWE,IRL,
1996,SWE,IRL,
1997,SWE,IRL,
1998,SWE,IRL,
1999,SWE,IRL,
2000,SWE,IRL,
2001,SWE,IRL,
2003,SWE,IRL,
2004,SWE,IRL,
2006,SWE,IRL,
2007,SWE,IRL,
2010,SWE,IRL,-.005395747188904
2011,SWE,IRL,-.0146038828016898
2012,SWE,IRL,-.0427766944302861
2013,SWE,IRL,-.0376863041573731
2018,SWE,IRL,-.0318680417333208
2024,SWE,IRL,-.0105087890054573
1965,SWE,PRT,
1966,SWE,PRT,
1967,SWE,PRT,
1968,SWE,PRT,
1969,SWE,PRT,
1971,SWE,PRT,
1972,SWE,PRT,
1973,SWE,PRT,
1974,SWE,PRT,
1975,SWE,PRT,
1977,SWE,PRT,
1978,SWE,PRT,
1979,SWE,PRT,
1980,SWE,PRT,
1981,SWE,PRT,
1982,SWE,PRT,
1983,SWE,PRT,
1984,SWE,PRT,
1985,SWE,PRT,
1986,SWE,PRT,
1987,SWE,PRT,
1988,SWE,PRT,
1989,SWE,PRT,
1990,SWE,PRT,
1991,SWE,PRT,
1992,SWE,PRT,
1993,SWE,PRT,
1994,SWE,PRT,
1995,SWE,PRT,
1996,SWE,PRT,
1997,SWE,PRT,
1998,SWE,PRT,
1999,SWE,PRT,
2001,SWE,PRT,
2003,SWE,PRT,
2008,SWE,PRT,-.0053167423328652
2009,SWE,PRT,.0002651041570278
2010,SWE,PRT,.0129113702676781
2017,SWE,PRT,-.0261692857836944
2018,SWE,PRT,-.0135609242767397
2021,SWE,PRT,-.0160789730276217
2022,SWE,PRT,-.0249300502574782
2023,SWE,PRT,-.0057698307174043
2024,SWE,PRT,.0077983284511245
2025,SWE,PRT,
1965,CHE,IRL,
1966,CHE,IRL,
1967,CHE,IRL,
1968,CHE,IRL,
1969,CHE,IRL,
1970,CHE,IRL,
1971,CHE,IRL,
1972,CHE,IRL,
1973,CHE,IRL,
1974,CHE,IRL,
1975,CHE,IRL,
1976,CHE,IRL,
1977,CHE,IRL,
1978,CHE,IRL,
1979,CHE,IRL,
1980,CHE,IRL,
1981,CHE,IRL,
1982,CHE,IRL,
1984,CHE,IRL,
1985,CHE,IRL,
1986,CHE,IRL,
1987,CHE,IRL,
1988,CHE,IRL,
1989,CHE,IRL,
1990,CHE,IRL,
1991,CHE,IRL,
1992,CHE,IRL,
1993,CHE,IRL,
1994,CHE,IRL,
1996,CHE,IRL,
1997,CHE,IRL,
1998,CHE,IRL,
2000,CHE,IRL,
2004,CHE,IRL,
2006,CHE,IRL,
2007,CHE,IRL,
2010,CHE,IRL,
2011,CHE,IRL,-.0290407351084746
2012,CHE,IRL,-.0572135467370693
2013,CHE,IRL,-.0521231564641566
2018,CHE,IRL,-.046304894040104
2024,CHE,IRL,-.0249456413122403
1965,GBR,IRL,
1966,GBR,IRL,
1967,GBR,IRL,
1968,GBR,IRL,
1969,GBR,IRL,
1970,GBR,IRL,
1971,GBR,IRL,
1972,GBR,IRL,
1973,GBR,IRL,
1974,GBR,IRL,
1975,GBR,IRL,
1976,GBR,IRL,
1977,GBR,IRL,
1978,GBR,IRL,
1979,GBR,IRL,
1980,GBR,IRL,
1981,GBR,IRL,
1982,GBR,IRL,
1984,GBR,IRL,
1985,GBR,IRL,
1986,GBR,IRL,
1987,GBR,IRL,
1988,GBR,IRL,
1989,GBR,IRL,
1990,GBR,IRL,
1991,GBR,IRL,
1992,GBR,IRL,
1993,GBR,IRL,
1994,GBR,IRL,
1995,GBR,IRL,.0049687183540196
1996,GBR,IRL,.0140921696611395
1997,GBR,IRL,-.0035330161363807
1998,GBR,IRL,.0180982273992495
1999,GBR,IRL,.018589871426206
2000,GBR,IRL,-.0194048515065126
2001,GBR,IRL,.0136214924303752
2003,GBR,IRL,.0037327518770372
2004,GBR,IRL,-.0005762219680153
2006,GBR,IRL,.0045478370798195
2007,GBR,IRL,.0025857670438823
2010,GBR,IRL,.0071006105074327
2011,GBR,IRL,-.0021075251053528
2012,GBR,IRL,-.0302803367339486
2013,GBR,IRL,-.0251899464610358
2018,GBR,IRL,-.0193716840369842
2024,GBR,IRL,.0019875686908807
1965,YUG,IRL,
1966,YUG,IRL,
1967,YUG,IRL,
1968,YUG,IRL,
1969,YUG,IRL,
1970,YUG,IRL,
1971,YUG,IRL,
1972,YUG,IRL,
1973,YUG,IRL,
1974,YUG,IRL,
1975,YUG,IRL,
1976,YUG,IRL,
1981,YUG,IRL,
1982,YUG,IRL,
1984,YUG,IRL,
1986,YUG,IRL,
1987,YUG,IRL,
1988,YUG,IRL,
1989,YUG,IRL,
1990,YUG,IRL,
1991,YUG,IRL,
1992,YUG,IRL,
1971,AUT,MLT,
1972,AUT,MLT,
1991,AUT,MLT,
1992,AUT,MLT,
1993,AUT,MLT,
1994,AUT,MLT,
1995,AUT,MLT,
1996,AUT,MLT,
1997,AUT,MLT,
1999,AUT,MLT,
2000,AUT,MLT,
2002,AUT,MLT,
2003,AUT,MLT,
2004,AUT,MLT,
2005,AUT,MLT,
2012,AUT,MLT,.0097664189000184
2013,AUT,MLT,.0148568091729317
2014,AUT,MLT,.0333317507694348
2016,AUT,MLT,.0206889841221112
2019,AUT,MLT,.0211429429225088
2021,AUT,MLT,.0181570228461011
2025,AUT,MLT,
2026,AUT,MLT,
1971,BEL,MLT,
1972,BEL,MLT,
1975,BEL,MLT,
1991,BEL,MLT,
1992,BEL,MLT,
1993,BEL,MLT,
1995,BEL,MLT,
1996,BEL,MLT,
1998,BEL,MLT,
1999,BEL,MLT,
2000,BEL,MLT,
2002,BEL,MLT,
2003,BEL,MLT,
2004,BEL,MLT,
2005,BEL,MLT,
2006,BEL,MLT,
2009,BEL,MLT,
2012,BEL,MLT,-.0022623097866257
2013,BEL,MLT,.0028280804862868
2014,BEL,MLT,.0213030220827897
2016,BEL,MLT,.0086602554354668
2019,BEL,MLT,.0091142142358645
2021,BEL,MLT,.0061282941594567
2025,BEL,MLT,
2026,BEL,MLT,
1971,FIN,MLT,
1972,FIN,MLT,
1975,FIN,MLT,
1991,FIN,MLT,
1992,FIN,MLT,
1993,FIN,MLT,
1994,FIN,MLT,
1996,FIN,MLT,.0643608717986014
1998,FIN,MLT,.068366929536711
2000,FIN,MLT,.0308638506309491
2002,FIN,MLT,.0506309927427332
2004,FIN,MLT,.0496924801694472
2005,FIN,MLT,.0438492543128317
2006,FIN,MLT,.0548165392172823
2009,FIN,MLT,.0447230465342447
2012,FIN,MLT,.0199883654035131
2013,FIN,MLT,.0250787556764253
2014,FIN,MLT,.0435536972729288
2016,FIN,MLT,.0309109306256061
2019,FIN,MLT,.0313648894260034
2021,FIN,MLT,.0283789693495961
2025,FIN,MLT,
2026,FIN,MLT,
1971,FRA,MLT,
1972,FRA,MLT,
1975,FRA,MLT,
1991,FRA,MLT,
1992,FRA,MLT,
1993,FRA,MLT,
1994,FRA,MLT,
1995,FRA,MLT,
1996,FRA,MLT,
1997,FRA,MLT,
1998,FRA,MLT,
1999,FRA,MLT,
2000,FRA,MLT,
2001,FRA,MLT,
2002,FRA,MLT,
2003,FRA,MLT,
2004,FRA,MLT,
2005,FRA,MLT,
2006,FRA,MLT,
2009,FRA,MLT,
2012,FRA,MLT,
2013,FRA,MLT,.0443345886628505
2014,FRA,MLT,.0628095302593531
2016,FRA,MLT,.0501667636120303
2019,FRA,MLT,.0506207224124281
2021,FRA,MLT,.0476348023360205
2025,FRA,MLT,
2026,FRA,MLT,
1971,DEU,MLT,
1972,DEU,MLT,
1975,DEU,MLT,
1991,DEU,MLT,
1992,DEU,MLT,
1993,DEU,MLT,
1994,DEU,MLT,
1995,DEU,MLT,
1997,DEU,MLT,
1998,DEU,MLT,
1999,DEU,MLT,
2000,DEU,MLT,
2001,DEU,MLT,
2002,DEU,MLT,
2003,DEU,MLT,
2004,DEU,MLT,
2005,DEU,MLT,
2006,DEU,MLT,
2009,DEU,MLT,
2012,DEU,MLT,
2013,DEU,MLT,
2014,DEU,MLT,
2016,DEU,MLT,
2019,DEU,MLT,
2021,DEU,MLT,-.0062417033722229
2025,DEU,MLT,
2026,DEU,MLT,
1971,IRL,MLT,
1972,IRL,MLT,
1975,IRL,MLT,
1991,IRL,MLT,
1992,IRL,MLT,
1993,IRL,MLT,
1994,IRL,MLT,
1995,IRL,MLT,
1996,IRL,MLT,
1997,IRL,MLT,
1998,IRL,MLT,
1999,IRL,MLT,
2000,IRL,MLT,
2001,IRL,MLT,
2003,IRL,MLT,
2004,IRL,MLT,
2005,IRL,MLT,
2006,IRL,MLT,
2009,IRL,MLT,.07359746763939
2012,IRL,MLT,.0488627865086579
2013,IRL,MLT,.0539531767815708
2014,IRL,MLT,.0724281183780733
2016,IRL,MLT,.0597853517307504
2019,IRL,MLT,.0602393105311488
2021,IRL,MLT,.0572533904547408
2025,IRL,MLT,
1971,ITA,MLT,
1972,ITA,MLT,
1975,ITA,MLT,
1991,ITA,MLT,
1992,ITA,MLT,
1993,ITA,MLT,
1997,ITA,MLT,.0304454415550447
2012,ITA,MLT,.0036981209574777
2013,ITA,MLT,.0087885112303898
2014,ITA,MLT,.0272634528268936
2016,ITA,MLT,.0146206861795705
2019,ITA,MLT,.0150746449799683
2021,ITA,MLT,.0120887249035602
2025,ITA,MLT,
2026,ITA,MLT,
1971,LUX,MLT,
1972,LUX,MLT,
1975,LUX,MLT,
1991,LUX,MLT,
1992,LUX,MLT,
1993,LUX,MLT,
2025,LUX,MLT,
2026,LUX,MLT,
1971,MLT,MCO,
1972,MLT,MCO,
1975,MLT,MCO,
1971,MLT,ESP,
1972,MLT,ESP,
1975,MLT,ESP,
1991,MLT,ESP,
1992,MLT,ESP,
1993,MLT,ESP,
1994,MLT,ESP,
1995,MLT,ESP,-.0721757930546435
1996,MLT,ESP,-.0630523417475236
1997,MLT,ESP,-.0806775275450446
1998,MLT,ESP,-.0590462840094141
1999,MLT,ESP,-.0585546399824572
2000,MLT,ESP,-.0965493629151762
2001,MLT,ESP,-.0635230189782878
2002,MLT,ESP,-.0767822208033924
2003,MLT,ESP,-.0734117595316274
2004,MLT,ESP,-.0777207333766778
2005,MLT,ESP,-.0835639592332933
2006,MLT,ESP,-.0725966743288438
2007,MLT,ESP,-.0745587443647814
2008,MLT,ESP,-.0882720135017726
2009,MLT,ESP,-.0826901670118803
2010,MLT,ESP,-.0700439009012299
2011,MLT,ESP,-.0792520365140175
2012,MLT,ESP,-.1074248481426118
2013,MLT,ESP,-.102334457869699
2014,MLT,ESP,-.0838595162731963
2015,MLT,ESP,-.0889504008225002
2016,MLT,ESP,-.0965022829205194
2017,MLT,ESP,-.109124556952603
2018,MLT,ESP,-.0965161954456472
2019,MLT,ESP,-.096048324120122
2021,MLT,ESP,-.0990342441965288
2022,MLT,ESP,-.1078853214263852
2023,MLT,ESP,-.0887251018863118
2024,MLT,ESP,-.0751569427177827
2025,MLT,ESP,
1971,MLT,DEU,
1972,MLT,DEU,
1975,MLT,DEU,
1991,MLT,DEU,
1992,MLT,DEU,
1993,MLT,DEU,
1994,MLT,DEU,
1995,MLT,DEU,-.1467079267765942
1997,MLT,DEU,-.1552096612669947
1998,MLT,DEU,-.1335784177313644
1999,MLT,DEU,-.133086773704407
2000,MLT,DEU,-.171081496637127
2001,MLT,DEU,-.138055152700238
2002,MLT,DEU,-.1513143545253431
2003,MLT,DEU,-.147943893253578
2004,MLT,DEU,-.1522528670986285
2005,MLT,DEU,-.1580960929552436
2006,MLT,DEU,-.147128808050794
2007,MLT,DEU,-.149090878086731
2008,MLT,DEU,-.1628041472237229
2009,MLT,DEU,-.1572223007338311
2010,MLT,DEU,-.1445760346231795
2011,MLT,DEU,-.1537841702359678
2012,MLT,DEU,-.1819569818645626
2013,MLT,DEU,-.1768665915916497
2014,MLT,DEU,-.1583916499951466
2015,MLT,DEU,-.1634825345444501
2016,MLT,DEU,-.1710344166424697
2017,MLT,DEU,-.1836566906745525
2018,MLT,DEU,-.1710483291675972
2019,MLT,DEU,-.1705804578420719
2021,MLT,DEU,-.1735663779184796
2022,MLT,DEU,-.1824174551483363
2023,MLT,DEU,-.1632572356082627
2024,MLT,DEU,-.1496890764397334
2025,MLT,DEU,
2026,MLT,DEU,
1971,MLT,GBR,
1972,MLT,GBR,
1975,MLT,GBR,
1991,MLT,GBR,
1992,MLT,GBR,
1993,MLT,GBR,
1994,MLT,GBR,
1995,MLT,GBR,-.1029753626534463
1996,MLT,GBR,-.0938519113463263
1997,MLT,GBR,-.1114770971438472
1998,MLT,GBR,-.0898458536082156
1999,MLT,GBR,-.0893542095812596
2000,MLT,GBR,-.1273489325139789
2001,MLT,GBR,-.09432258857709
2002,MLT,GBR,-.1075817904021948
2003,MLT,GBR,-.1042113291304297
2004,MLT,GBR,-.1085203029754802
2005,MLT,GBR,-.1143635288320956
2006,MLT,GBR,-.1033962439276463
2007,MLT,GBR,-.1053583139635836
2008,MLT,GBR,-.1190715831005751
2009,MLT,GBR,-.1134897366106832
2010,MLT,GBR,-.1008434705000327
2011,MLT,GBR,-.1100516061128194
2012,MLT,GBR,-.138224417741414
2013,MLT,GBR,-.1331340274685011
2014,MLT,GBR,-.1146590858719991
2015,MLT,GBR,-.1197499704213024
2016,MLT,GBR,-.1273018525193215
2017,MLT,GBR,-.1399241265514049
2018,MLT,GBR,-.1273157650444499
2019,MLT,GBR,-.1268478937189244
2021,MLT,GBR,-.1298338137953319
2022,MLT,GBR,-.1386848910251876
2023,MLT,GBR,-.1195246714851145
2024,MLT,GBR,-.1059565123165855
2025,MLT,GBR,
2026,MLT,GBR,
1971,MLT,ITA,
1972,MLT,ITA,
1975,MLT,ITA,
1991,MLT,ITA,
1992,MLT,ITA,
1993,MLT,ITA,
1997,MLT,ITA,.0853577340336417
2011,MLT,ITA,.0867832250646681
2012,MLT,ITA,.0586104134360734
2013,MLT,ITA,.0637008037089864
2014,MLT,ITA,.0821757453054885
2015,MLT,ITA,.0770848607561853
2016,MLT,ITA,.0695329786581662
2017,MLT,ITA,.0569107046260836
2018,MLT,ITA,.0695190661330384
2019,MLT,ITA,.0699869374585633
2021,MLT,ITA,.0670010173821567
2022,MLT,ITA,.0581499401523001
2023,MLT,ITA,.0773101596923734
2024,MLT,ITA,.0908783188609025
2025,MLT,ITA,
2026,MLT,ITA,
1971,MLT,SWE,
1972,MLT,SWE,
1975,MLT,SWE,
1991,MLT,SWE,
1992,MLT,SWE,
1993,MLT,SWE,
1994,MLT,SWE,
1995,MLT,SWE,.137655698237491
1996,MLT,SWE,.1467791495446107
1997,MLT,SWE,.1291539637470892
1998,MLT,SWE,.1507852072827205
1999,MLT,SWE,.1512768513096779
2000,MLT,SWE,.1132821283769576
2001,MLT,SWE,.1463084723138459
2002,MLT,SWE,.1330492704887416
2003,MLT,SWE,.1364197317605069
2004,MLT,SWE,.1321107579154557
2005,MLT,SWE,.1262675320588412
2006,MLT,SWE,.1372348169632899
2007,MLT,SWE,.1352727469273531
2008,MLT,SWE,.1215594777903616
2009,MLT,SWE,.1271413242802533
2011,MLT,SWE,.1305794547781172
2012,MLT,SWE,.1024066431495224
2013,MLT,SWE,.1074970334224345
2014,MLT,SWE,.1259719750189383
2015,MLT,SWE,.1208810904696348
2016,MLT,SWE,.1133292083716159
2017,MLT,SWE,.1007069343395317
2018,MLT,SWE,.1133152958464868
2019,MLT,SWE,.1137831671720124
2021,MLT,SWE,.1107972470956052
2022,MLT,SWE,.1019461698657488
2023,MLT,SWE,.1211063894058227
2024,MLT,SWE,.1346745485743505
2025,MLT,SWE,
2026,MLT,SWE,
1971,MLT,NLD,
1972,MLT,NLD,
1975,MLT,NLD,
1992,MLT,NLD,
1993,MLT,NLD,
1994,MLT,NLD,
1996,MLT,NLD,.0130615403033663
1997,MLT,NLD,-.0045636454941551
1998,MLT,NLD,.0170675980414759
1999,MLT,NLD,.0175592420684317
2000,MLT,NLD,-.0204354808642876
2001,MLT,NLD,.0125908630726015
2003,MLT,NLD,.0027021225192619
2004,MLT,NLD,-.0016068513257884
2013,MLT,NLD,-.0262205758188104
2014,MLT,NLD,-.0077456342223073
2016,MLT,NLD,-.0203884008696307
2017,MLT,NLD,-.0330106749017137
2018,MLT,NLD,-.0204023133947584
2019,MLT,NLD,-.0199344420692324
2021,MLT,NLD,-.0229203621456398
2022,MLT,NLD,-.0317714393754969
2025,MLT,NLD,
1971,MLT,FIN,
1972,MLT,FIN,
1975,MLT,FIN,
1991,MLT,FIN,
1992,MLT,FIN,
1993,MLT,FIN,
1994,MLT,FIN,
1996,MLT,FIN,-.0058158224932729
1998,MLT,FIN,-.0018097647551641
2000,MLT,FIN,-.0393128436609259
2002,MLT,FIN,-.0195457015491419
2006,MLT,FIN,-.0153601550745924
2007,MLT,FIN,-.0173222251105304
2008,MLT,FIN,-.031035494247522
2009,MLT,FIN,-.0254536477576297
2011,MLT,FIN,-.022015517259767
2013,MLT,FIN,-.045097938615449
2014,MLT,FIN,-.0266229970189465
2018,MLT,FIN,-.039279676191397
2021,MLT,FIN,-.0417977249422787
2022,MLT,FIN,-.0506488021721354
2023,MLT,FIN,-.031488582632061
2024,MLT,FIN,-.017920423463533
2025,MLT,FIN,
2026,MLT,FIN,
1971,MLT,PRT,
1972,MLT,PRT,
1975,MLT,PRT,
1991,MLT,PRT,
1992,MLT,PRT,
1993,MLT,PRT,
1994,MLT,PRT,
1995,MLT,PRT,.0400637432311435
1996,MLT,PRT,.0491871945382646
1997,MLT,PRT,.0315620087407431
1998,MLT,PRT,.0531932522763739
1999,MLT,PRT,.0536848963033303
2001,MLT,PRT,.0487165173074998
2003,MLT,PRT,.0388277767541599
2008,MLT,PRT,.0239675227840149
2009,MLT,PRT,.029549369273907
2010,MLT,PRT,.0421956353845579
2017,MLT,PRT,.0031149793331853
2018,MLT,PRT,.01572334084014
2021,MLT,PRT,.0132052920892586
2022,MLT,PRT,.0043542148594014
2023,MLT,PRT,.0235144343994759
2024,MLT,PRT,.0370825935680048
2025,MLT,PRT,
1971,MLT,FRA,
1972,MLT,FRA,
1975,MLT,FRA,
1991,MLT,FRA,
1992,MLT,FRA,
1993,MLT,FRA,
1994,MLT,FRA,
1995,MLT,FRA,-.077872793093773
1996,MLT,FRA,-.0687493417866527
1997,MLT,FRA,-.0863745275841732
1998,MLT,FRA,-.0647432840485437
1999,MLT,FRA,-.0642516400215865
2000,MLT,FRA,-.1022463629543057
2001,MLT,FRA,-.069220019017417
2002,MLT,FRA,-.0824792208425215
2003,MLT,FRA,-.0791087595707564
2004,MLT,FRA,-.0834177334158073
2005,MLT,FRA,-.0892609592724228
2006,MLT,FRA,-.0782936743679724
2007,MLT,FRA,-.08025574440391
2008,MLT,FRA,-.093969013540902
2009,MLT,FRA,-.0883871670510094
2010,MLT,FRA,-.0757409009403588
2011,MLT,FRA,-.084949036553147
2012,MLT,FRA,-.1131218481817412
2013,MLT,FRA,-.1080314579088286
2014,MLT,FRA,-.0895565163123261
2015,MLT,FRA,-.0946474008616291
2016,MLT,FRA,-.102199282959649
2017,MLT,FRA,-.1148215569917317
2018,MLT,FRA,-.1022131954847767
2019,MLT,FRA,-.1017453241592514
2021,MLT,FRA,-.1047312442356584
2022,MLT,FRA,-.1135823214655156
2023,MLT,FRA,-.0944221019254412
2024,MLT,FRA,-.0808539427569123
2025,MLT,FRA,
2026,MLT,FRA,
1971,MLT,IRL,
1972,MLT,IRL,
1975,MLT,IRL,
1991,MLT,IRL,
1992,MLT,IRL,
1993,MLT,IRL,
1994,MLT,IRL,
1995,MLT,IRL,.0217566257745625
1996,MLT,IRL,.0308800770816824
1997,MLT,IRL,.0132548912841617
1998,MLT,IRL,.034886134819792
1999,MLT,IRL,.0353777788467485
2000,MLT,IRL,-.0026169440859698
2001,MLT,IRL,.0304093998509181
2003,MLT,IRL,.020520659297579
2004,MLT,IRL,.016211685452528
2006,MLT,IRL,.0213357445003626
2007,MLT,IRL,.0193736744644255
2010,MLT,IRL,.023888517927976
2011,MLT,IRL,.0146803823151889
2012,MLT,IRL,-.0134924293134063
2013,MLT,IRL,-.0084020390404934
2018,MLT,IRL,-.0025837766164418
2024,MLT,IRL,.0187754761114231
1971,MLT,CHE,
1972,MLT,CHE,
1975,MLT,CHE,
1991,MLT,CHE,
1992,MLT,CHE,
1993,MLT,CHE,
1994,MLT,CHE,
1996,MLT,CHE,.0105642888073063
1997,MLT,CHE,-.0070608969902149
1998,MLT,CHE,.014570346545416
2000,MLT,CHE,-.0229327323603464
2002,MLT,CHE,-.0031655902485619
2005,MLT,CHE,-.0099473286784634
2006,MLT,CHE,.0010199562259861
2011,MLT,CHE,-.0056354059591877
2014,MLT,CHE,-.0102428857183665
2019,MLT,CHE,-.0224316935652923
2021,MLT,CHE,-.0254176136416992
2022,MLT,CHE,-.0342686908715561
2023,MLT,CHE,-.0151084713314817
2024,MLT,CHE,-.001540312162952
2025,MLT,CHE,
1971,MLT,LUX,
1972,MLT,LUX,
1975,MLT,LUX,
1991,MLT,LUX,
1992,MLT,LUX,
1993,MLT,LUX,
2024,MLT,LUX,
2025,MLT,LUX,
1971,MLT,BEL,
1972,MLT,BEL,
1975,MLT,BEL,
1991,MLT,BEL,
1992,MLT,BEL,
1993,MLT,BEL,
1995,MLT,BEL,.0015933116471403
1996,MLT,BEL,.0107167629542602
1998,MLT,BEL,.0147228206923697
1999,MLT,BEL,.0152144647193264
2000,MLT,BEL,-.0227802582133926
2002,MLT,BEL,-.0030131161016091
2003,MLT,BEL,.0003573451701562
2004,MLT,BEL,-.0039516286748947
2010,MLT,BEL,.0037252038005543
2013,MLT,BEL,-.0285653531679156
2015,MLT,BEL,-.0151812961207169
2016,MLT,BEL,-.0227331782187354
2017,MLT,BEL,-.0353554522508185
2021,MLT,BEL,-.0252651394947448
2022,MLT,BEL,-.0341162167246023
2023,MLT,BEL,-.0149559971845279
2026,MLT,BEL,
1971,MLT,YUG,
1972,MLT,YUG,
1975,MLT,YUG,
1991,MLT,YUG,
1992,MLT,YUG,
1971,MLT,AUT,
1972,MLT,AUT,
1991,MLT,AUT,
1992,MLT,AUT,
1993,MLT,AUT,
1994,MLT,AUT,
1995,MLT,AUT,.0009365625418525
1996,MLT,AUT,.0100600138489743
1997,MLT,AUT,-.0075651719485479
1999,MLT,AUT,.0145577156140399
2000,MLT,AUT,-.0234370073186798
2002,MLT,AUT,-.0036698652068956
2003,MLT,AUT,-.0002994039351305
2004,MLT,AUT,-.0046083777801814
2011,MLT,AUT,-.0061396809175198
2014,MLT,AUT,-.0107471606766995
2015,MLT,AUT,-.0158380452260029
2016,MLT,AUT,-.0233899273240223
2017,MLT,AUT,-.0360122013561055
2018,MLT,AUT,-.0234038398491504
2023,MLT,AUT,-.0156127462898156
2024,MLT,AUT,-.0020445871212864
2025,MLT,AUT,
2026,MLT,AUT,
1971,MLT,NOR,
1972,MLT,NOR,
1975,MLT,NOR,
1991,MLT,NOR,
1992,MLT,NOR,
1993,MLT,NOR,
1994,MLT,NOR,
1995,MLT,NOR,.0515537796947905
1996,MLT,NOR,.0606772310019112
1997,MLT,NOR,.0430520452043902
1998,MLT,NOR,.0646832887400209
1999,MLT,NOR,.065174932766977
2000,MLT,NOR,.0271802098342578
2001,MLT,NOR,.0602065537711468
2003,MLT,NOR,.0503178132178065
2004,MLT,NOR,.0460088393727559
2005,MLT,NOR,.0401656135161408
2006,MLT,NOR,.0511328984205913
2008,MLT,NOR,.0354575592476614
2009,MLT,NOR,.0410394057375545
2010,MLT,NOR,.0536856718482046
2012,MLT,NOR,.0163047246068221
2013,MLT,NOR,.021395114879735
2014,MLT,NOR,.0398700564762373
2015,MLT,NOR,.0347791719269335
2017,MLT,NOR,.0146050157968323
2018,MLT,NOR,.0272133773037866
2019,MLT,NOR,.0276812486293119
2021,MLT,NOR,.0246953285529049
2022,MLT,NOR,.0158442513230482
2023,MLT,NOR,.0350044708631227
2024,MLT,NOR,.0485726300316509
2025,MLT,NOR,
2026,MLT,NOR,
1971,MCO,MLT,
1972,MCO,MLT,
1975,MCO,MLT,
2004,MCO,MLT,
2005,MCO,MLT,
2006,MCO,MLT,
1971,NLD,MLT,
1972,NLD,MLT,
1975,NLD,MLT,
1992,NLD,MLT,
1993,NLD,MLT,
1994,NLD,MLT,
1996,NLD,MLT,
1997,NLD,MLT,
1998,NLD,MLT,
1999,NLD,MLT,
2000,NLD,MLT,
2001,NLD,MLT,
2003,NLD,MLT,
2004,NLD,MLT,
2005,NLD,MLT,
2006,NLD,MLT,
2009,NLD,MLT,.0197425147939628
2012,NLD,MLT,-.0049921663367687
2013,NLD,MLT,.0000982239361444
2014,NLD,MLT,.018573165532647
2016,NLD,MLT,.0059303988853236
2019,NLD,MLT,.006384357685721
2021,NLD,MLT,.0033984376093145
2025,NLD,MLT,
1971,NOR,MLT,
1972,NOR,MLT,
1975,NOR,MLT,
1991,NOR,MLT,
1992,NOR,MLT,
1993,NOR,MLT,
1994,NOR,MLT,
1995,NOR,MLT,.06027196592326
1996,NOR,MLT,.0693954172303813
1997,NOR,MLT,.05177023143286
1998,NOR,MLT,.0734014749684904
1999,NOR,MLT,.0738931189954466
2000,NOR,MLT,.0358983960627283
2001,NOR,MLT,.0689247399996165
2003,NOR,MLT,.059035999446277
2004,NOR,MLT,.0547270256012261
2005,NOR,MLT,.0488837997446105
2006,NOR,MLT,.0598510846490605
2009,NOR,MLT,.0497575919660243
2012,NOR,MLT,.0250229108352922
2013,NOR,MLT,.0301133011082053
2014,NOR,MLT,.0485882427047078
2016,NOR,MLT,.0359454760573853
2019,NOR,MLT,.0363994348577823
2021,NOR,MLT,.0334135147813754
2025,NOR,MLT,
2026,NOR,MLT,
1971,PRT,MLT,
1972,PRT,MLT,
1975,PRT,MLT,
1991,PRT,MLT,
1992,PRT,MLT,
1993,PRT,MLT,
1994,PRT,MLT,
1995,PRT,MLT,.111562514561639
1996,PRT,MLT,.1206859658687602
1997,PRT,MLT,.1030607800712389
1998,PRT,MLT,.1246920236068692
1999,PRT,MLT,.1251836676338262
2001,PRT,MLT,.1202152886379957
2003,PRT,MLT,.1103265480846559
2004,PRT,MLT,.1060175742396053
2005,PRT,MLT,.1001743483829893
2006,PRT,MLT,.11114163328744
2009,PRT,MLT,.101048140604403
2012,PRT,MLT,.0763134594736707
2014,PRT,MLT,.0998787913430864
2019,PRT,MLT,.0876899834961607
2021,PRT,MLT,.0847040634197537
2025,PRT,MLT,
2026,PRT,MLT,
1971,ESP,MLT,
1972,ESP,MLT,
1975,ESP,MLT,
1991,ESP,MLT,
1992,ESP,MLT,
1993,ESP,MLT,
1994,ESP,MLT,
1995,ESP,MLT,
1996,ESP,MLT,
1997,ESP,MLT,
1998,ESP,MLT,
1999,ESP,MLT,
2000,ESP,MLT,
2001,ESP,MLT,
2002,ESP,MLT,
2003,ESP,MLT,
2004,ESP,MLT,
2005,ESP,MLT,
2006,ESP,MLT,
2009,ESP,MLT,
2012,ESP,MLT,
2013,ESP,MLT,
2014,ESP,MLT,
2016,ESP,MLT,
2019,ESP,MLT,
2021,ESP,MLT,
2025,ESP,MLT,
1971,SWE,MLT,
1972,SWE,MLT,
1975,SWE,MLT,
1991,SWE,MLT,
1992,SWE,MLT,
1993,SWE,MLT,
1994,SWE,MLT,
1995,SWE,MLT,
1996,SWE,MLT,
1997,SWE,MLT,
1998,SWE,MLT,
1999,SWE,MLT,
2000,SWE,MLT,
2001,SWE,MLT,
2002,SWE,MLT,
2003,SWE,MLT,
2004,SWE,MLT,
2005,SWE,MLT,
2006,SWE,MLT,
2009,SWE,MLT,.0383161563272544
2012,SWE,MLT,.013581475196523
2013,SWE,MLT,.018671865469436
2014,SWE,MLT,.0371468070659388
2016,SWE,MLT,.0245040404186157
2019,SWE,MLT,.0249579992190128
2021,SWE,MLT,.0219720791426058
2025,SWE,MLT,
2026,SWE,MLT,
1971,CHE,MLT,
1972,CHE,MLT,
1975,CHE,MLT,
1991,CHE,MLT,
1992,CHE,MLT,
1993,CHE,MLT,
1994,CHE,MLT,
1996,CHE,MLT,
1997,CHE,MLT,
1998,CHE,MLT,
2000,CHE,MLT,
2002,CHE,MLT,
2004,CHE,MLT,
2005,CHE,MLT,
2006,CHE,MLT,
2009,CHE,MLT,
2012,CHE,MLT,-.0008553771102602
2013,CHE,MLT,.0042350131626523
2014,CHE,MLT,.0227099547591556
2016,CHE,MLT,.0100671881118325
2019,CHE,MLT,.0105211469122293
2021,CHE,MLT,.0075352268358224
2025,CHE,MLT,
2026,CHE,MLT,
1971,GBR,MLT,
1972,GBR,MLT,
1975,GBR,MLT,
1991,GBR,MLT,
1992,GBR,MLT,
1993,GBR,MLT,
1994,GBR,MLT,
1995,GBR,MLT,
1996,GBR,MLT,
1997,GBR,MLT,
1998,GBR,MLT,
1999,GBR,MLT,
2000,GBR,MLT,
2001,GBR,MLT,
2002,GBR,MLT,
2003,GBR,MLT,
2004,GBR,MLT,
2005,GBR,MLT,
2006,GBR,MLT,
2009,GBR,MLT,
2012,GBR,MLT,
2013,GBR,MLT,
2014,GBR,MLT,
2016,GBR,MLT,
2019,GBR,MLT,
2021,GBR,MLT,
2025,GBR,MLT,
2026,GBR,MLT,
1971,YUG,MLT,
1972,YUG,MLT,
1975,YUG,MLT,
1991,YUG,MLT,
1992,YUG,MLT,
1973,BEL,ISR,
1974,BEL,ISR,
1975,BEL,ISR,
1976,BEL,ISR,
1977,BEL,ISR,
1978,BEL,ISR,
1979,BEL,ISR,
1981,BEL,ISR,
1982,BEL,ISR,
1983,BEL,ISR,
1985,BEL,ISR,
1986,BEL,ISR,
1987,BEL,ISR,
1988,BEL,ISR,
1989,BEL,ISR,
1990,BEL,ISR,
1991,BEL,ISR,
1992,BEL,ISR,
1993,BEL,ISR,
1995,BEL,ISR,.0324263159687465
1998,BEL,ISR,.0455558250139752
1999,BEL,ISR,.046047469040933
2000,BEL,ISR,.0080527461082135
2002,BEL,ISR,.0278198882199975
2003,BEL,ISR,.031190349491763
2005,BEL,ISR,.021038149790097
2006,BEL,ISR,.032005434694547
2008,BEL,ISR,.0163300955216176
2009,BEL,ISR,.0219119420115098
2010,BEL,ISR,.0345582081221608
2015,BEL,ISR,.01565170820089
2016,BEL,ISR,.0080998261028706
2017,BEL,ISR,-.0045224479292123
2018,BEL,ISR,.0080859135777428
2019,BEL,ISR,.0085537849032684
2021,BEL,ISR,.0055678648268606
2023,BEL,ISR,.015877007137078
2024,BEL,ISR,.0294451663056071
2025,BEL,ISR,
2026,BEL,ISR,
1973,FIN,ISR,
1974,FIN,ISR,
1975,FIN,ISR,
1976,FIN,ISR,
1977,FIN,ISR,
1978,FIN,ISR,
1979,FIN,ISR,
1981,FIN,ISR,
1982,FIN,ISR,
1983,FIN,ISR,
1985,FIN,ISR,
1986,FIN,ISR,
1987,FIN,ISR,
1988,FIN,ISR,
1989,FIN,ISR,
1990,FIN,ISR,
1991,FIN,ISR,
1992,FIN,ISR,
1993,FIN,ISR,
1998,FIN,ISR,.0678065002041147
2000,FIN,ISR,.030303421298353
2002,FIN,ISR,.0500705634101365
2005,FIN,ISR,.0432888249802362
2006,FIN,ISR,.0542561098846859
2008,FIN,ISR,.0385807707117566
2009,FIN,ISR,.0441626172016487
2010,FIN,ISR,.0568088833122992
2015,FIN,ISR,.0379023833910286
2016,FIN,ISR,.0303505012930103
2017,FIN,ISR,.017728227260927
2018,FIN,ISR,.0303365887678816
2019,FIN,ISR,.0308044600934067
2021,FIN,ISR,.0278185400170005
2023,FIN,ISR,.038127682327217
2024,FIN,ISR,.0516958414957457
2025,FIN,ISR,
2026,FIN,ISR,
1973,FRA,ISR,
1975,FRA,ISR,
1976,FRA,ISR,
1977,FRA,ISR,
1978,FRA,ISR,
1979,FRA,ISR,
1981,FRA,ISR,
1983,FRA,ISR,
1985,FRA,ISR,
1986,FRA,ISR,
1987,FRA,ISR,
1988,FRA,ISR,
1989,FRA,ISR,
1990,FRA,ISR,
1991,FRA,ISR,
1992,FRA,ISR,
1993,FRA,ISR,
1995,FRA,ISR,
1998,FRA,ISR,
1999,FRA,ISR,
2000,FRA,ISR,
2001,FRA,ISR,
2002,FRA,ISR,
2003,FRA,ISR,
2005,FRA,ISR,
2006,FRA,ISR,
2008,FRA,ISR,
2009,FRA,ISR,
2010,FRA,ISR,
2015,FRA,ISR,
2016,FRA,ISR,
2017,FRA,ISR,
2018,FRA,ISR,
2019,FRA,ISR,
2021,FRA,ISR,
2023,FRA,ISR,
2024,FRA,ISR,
2025,FRA,ISR,
2026,FRA,ISR,
1973,DEU,ISR,
1974,DEU,ISR,
1975,DEU,ISR,
1976,DEU,ISR,
1977,DEU,ISR,
1978,DEU,ISR,
1979,DEU,ISR,
1981,DEU,ISR,
1982,DEU,ISR,
1983,DEU,ISR,
1985,DEU,ISR,
1986,DEU,ISR,
1987,DEU,ISR,
1988,DEU,ISR,
1989,DEU,ISR,
1990,DEU,ISR,
1991,DEU,ISR,
1992,DEU,ISR,
1993,DEU,ISR,
1995,DEU,ISR,
1998,DEU,ISR,
1999,DEU,ISR,
2000,DEU,ISR,
2001,DEU,ISR,
2002,DEU,ISR,
2003,DEU,ISR,
2005,DEU,ISR,
2006,DEU,ISR,
2008,DEU,ISR,
2009,DEU,ISR,
2010,DEU,ISR,
2015,DEU,ISR,
2016,DEU,ISR,
2017,DEU,ISR,
2018,DEU,ISR,
2019,DEU,ISR,
2021,DEU,ISR,-.0068021327048186
2023,DEU,ISR,.0035070096053984
2024,DEU,ISR,.0170751687739272
2025,DEU,ISR,
2026,DEU,ISR,
1973,IRL,ISR,
1974,IRL,ISR,
1975,IRL,ISR,
1976,IRL,ISR,
1977,IRL,ISR,
1978,IRL,ISR,
1979,IRL,ISR,
1981,IRL,ISR,
1982,IRL,ISR,
1985,IRL,ISR,
1986,IRL,ISR,
1987,IRL,ISR,
1988,IRL,ISR,
1989,IRL,ISR,
1990,IRL,ISR,
1991,IRL,ISR,
1992,IRL,ISR,
1993,IRL,ISR,
1995,IRL,ISR,
1998,IRL,ISR,
1999,IRL,ISR,
2000,IRL,ISR,
2001,IRL,ISR,
2003,IRL,ISR,
2005,IRL,ISR,
2006,IRL,ISR,
2008,IRL,ISR,.0674551918169017
2009,IRL,ISR,.0730370383067938
2010,IRL,ISR,.0856833044174442
2015,IRL,ISR,.0667768044961738
2016,IRL,ISR,.0592249223981548
2017,IRL,ISR,.0466026483660719
2018,IRL,ISR,.0592110098730272
2019,IRL,ISR,.0596788811985522
2021,IRL,ISR,.0566929611221454
2023,IRL,ISR,.0670021034323623
2024,IRL,ISR,.0805702626008906
2025,IRL,ISR,
1973,ISR,LUX,
1974,ISR,LUX,
1975,ISR,LUX,
1976,ISR,LUX,
1977,ISR,LUX,
1978,ISR,LUX,
1979,ISR,LUX,
1981,ISR,LUX,
1982,ISR,LUX,
1983,ISR,LUX,
1985,ISR,LUX,
1986,ISR,LUX,
1987,ISR,LUX,
1988,ISR,LUX,
1989,ISR,LUX,
1990,ISR,LUX,
1991,ISR,LUX,
1992,ISR,LUX,
1993,ISR,LUX,
2024,ISR,LUX,
2025,ISR,LUX,
1973,ISR,ESP,
1974,ISR,ESP,
1975,ISR,ESP,
1976,ISR,ESP,
1977,ISR,ESP,
1978,ISR,ESP,
1979,ISR,ESP,
1981,ISR,ESP,
1982,ISR,ESP,
1983,ISR,ESP,
1985,ISR,ESP,
1986,ISR,ESP,
1987,ISR,ESP,
1988,ISR,ESP,
1989,ISR,ESP,
1990,ISR,ESP,
1991,ISR,ESP,
1992,ISR,ESP,
1993,ISR,ESP,
1995,ISR,ESP,-.0247526479853702
1998,ISR,ESP,-.0116231389401395
1999,ISR,ESP,-.0111314949131828
2000,ISR,ESP,-.0491262178459023
2001,ISR,ESP,-.0160998739090136
2002,ISR,ESP,-.0293590757341183
2003,ISR,ESP,-.0259886144623526
2004,ISR,ESP,-.0302975883074039
2005,ISR,ESP,-.0361408141640187
2006,ISR,ESP,-.0251735292595693
2007,ISR,ESP,-.027135599295506
2008,ISR,ESP,-.0408488684324983
2009,ISR,ESP,-.0352670219426064
2010,ISR,ESP,-.0226207558319556
2011,ISR,ESP,-.031828891444743
2012,ISR,ESP,-.0600017030733381
2013,ISR,ESP,-.0549113128004252
2014,ISR,ESP,-.0364363712039222
2015,ISR,ESP,-.0415272557532258
2016,ISR,ESP,-.049079137851245
2017,ISR,ESP,-.0617014118833283
2018,ISR,ESP,-.0490930503763732
2019,ISR,ESP,-.0486251790508475
2021,ISR,ESP,-.0516110991272553
2022,ISR,ESP,-.0604621763571115
2023,ISR,ESP,-.0413019568170376
2024,ISR,ESP,-.027733797648509
2025,ISR,ESP,
1973,ISR,GBR,
1974,ISR,GBR,
1975,ISR,GBR,
1976,ISR,GBR,
1977,ISR,GBR,
1978,ISR,GBR,
1979,ISR,GBR,
1981,ISR,GBR,
1982,ISR,GBR,
1983,ISR,GBR,
1985,ISR,GBR,
1986,ISR,GBR,
1987,ISR,GBR,
1988,ISR,GBR,
1989,ISR,GBR,
1990,ISR,GBR,
1991,ISR,GBR,
1992,ISR,GBR,
1993,ISR,GBR,
1995,ISR,GBR,-.0555522175841721
1998,ISR,GBR,-.0424227085389429
1999,ISR,GBR,-.0419310645119857
2000,ISR,GBR,-.079925787444705
2001,ISR,GBR,-.0468994435078156
2002,ISR,GBR,-.0601586453329209
2003,ISR,GBR,-.0567881840611555
2004,ISR,GBR,-.0610971579062062
2005,ISR,GBR,-.0669403837628213
2006,ISR,GBR,-.0559730988583717
2007,ISR,GBR,-.0579351688943094
2008,ISR,GBR,-.0716484380313011
2009,ISR,GBR,-.0660665915414082
2010,ISR,GBR,-.0534203254307582
2011,ISR,GBR,-.0626284610435454
2012,ISR,GBR,-.0908012726721401
2013,ISR,GBR,-.0857108823992274
2014,ISR,GBR,-.0672359408027248
2015,ISR,GBR,-.0723268253520285
2016,ISR,GBR,-.0798787074500475
2017,ISR,GBR,-.0925009814821306
2018,ISR,GBR,-.0798926199751755
2019,ISR,GBR,-.0794247486496503
2021,ISR,GBR,-.0824106687260575
2022,ISR,GBR,-.0912617459559142
2023,ISR,GBR,-.0721015264158404
2024,ISR,GBR,-.0585333672473116
2025,ISR,GBR,
2026,ISR,GBR,
1973,ISR,SWE,
1974,ISR,SWE,
1975,ISR,SWE,
1977,ISR,SWE,
1978,ISR,SWE,
1979,ISR,SWE,
1981,ISR,SWE,
1982,ISR,SWE,
1983,ISR,SWE,
1985,ISR,SWE,
1986,ISR,SWE,
1987,ISR,SWE,
1988,ISR,SWE,
1989,ISR,SWE,
1990,ISR,SWE,
1991,ISR,SWE,
1992,ISR,SWE,
1993,ISR,SWE,
1995,ISR,SWE,.1850788433067647
1998,ISR,SWE,.1982083523519944
1999,ISR,SWE,.1986999963789512
2000,ISR,SWE,.1607052734462315
2001,ISR,SWE,.1937316173831206
2002,ISR,SWE,.1804724155580155
2003,ISR,SWE,.1838428768297805
2004,ISR,SWE,.1795339029847305
2005,ISR,SWE,.1736906771281148
2006,ISR,SWE,.1846579620325648
2007,ISR,SWE,.1826958919966277
2008,ISR,SWE,.1689826228596353
2009,ISR,SWE,.1745644693495279
2011,ISR,SWE,.1780025998473915
2012,ISR,SWE,.1498297882187958
2013,ISR,SWE,.154920178491709
2014,ISR,SWE,.1733951200882123
2015,ISR,SWE,.1683042355389076
2016,ISR,SWE,.1607523534408888
2017,ISR,SWE,.1481300794088062
2018,ISR,SWE,.1607384409157611
2019,ISR,SWE,.1612063122412861
2021,ISR,SWE,.1582203921648785
2022,ISR,SWE,.1493693149350226
2023,ISR,SWE,.1685295344750968
2024,ISR,SWE,.1820976936436254
2025,ISR,SWE,
2026,ISR,SWE,
1973,ISR,FIN,
1974,ISR,FIN,
1975,ISR,FIN,
1976,ISR,FIN,
1977,ISR,FIN,
1978,ISR,FIN,
1979,ISR,FIN,
1981,ISR,FIN,
1982,ISR,FIN,
1983,ISR,FIN,
1985,ISR,FIN,
1986,ISR,FIN,
1987,ISR,FIN,
1988,ISR,FIN,
1989,ISR,FIN,
1990,ISR,FIN,
1991,ISR,FIN,
1992,ISR,FIN,
1993,ISR,FIN,
1998,ISR,FIN,.0456133803141112
2000,ISR,FIN,.0081103014083484
2002,ISR,FIN,.0278774435201321
2006,ISR,FIN,.0320629899946812
2007,ISR,FIN,.0301009199587437
2008,ISR,FIN,.0163876508217521
2009,ISR,FIN,.0219694973116444
2011,ISR,FIN,.0254076278095073
2013,ISR,FIN,.0023252064538255
2014,ISR,FIN,.020800148050328
2018,ISR,FIN,.0081434688778774
2021,ISR,FIN,.0056254201269952
2022,ISR,FIN,-.0032256571028614
2023,ISR,FIN,.0159345624372119
2024,ISR,FIN,.0295027216057412
2025,ISR,FIN,
2026,ISR,FIN,
1973,ISR,NOR,
1974,ISR,NOR,
1975,ISR,NOR,
1976,ISR,NOR,
1977,ISR,NOR,
1978,ISR,NOR,
1979,ISR,NOR,
1981,ISR,NOR,
1982,ISR,NOR,
1983,ISR,NOR,
1985,ISR,NOR,
1986,ISR,NOR,
1987,ISR,NOR,
1988,ISR,NOR,
1989,ISR,NOR,
1990,ISR,NOR,
1991,ISR,NOR,
1992,ISR,NOR,
1993,ISR,NOR,
1995,ISR,NOR,
1998,ISR,NOR,
1999,ISR,NOR,
2000,ISR,NOR,
2001,ISR,NOR,
2003,ISR,NOR,
2004,ISR,NOR,
2005,ISR,NOR,
2006,ISR,NOR,
2008,ISR,NOR,
2009,ISR,NOR,
2010,ISR,NOR,
2012,ISR,NOR,
2013,ISR,NOR,
2014,ISR,NOR,
2015,ISR,NOR,
2017,ISR,NOR,
2018,ISR,NOR,
2019,ISR,NOR,
2021,ISR,NOR,
2022,ISR,NOR,
2023,ISR,NOR,
2024,ISR,NOR,
2025,ISR,NOR,
2026,ISR,NOR,
1973,ISR,DEU,
1974,ISR,DEU,
1975,ISR,DEU,
1976,ISR,DEU,
1977,ISR,DEU,
1978,ISR,DEU,
1979,ISR,DEU,
1981,ISR,DEU,
1982,ISR,DEU,
1983,ISR,DEU,
1985,ISR,DEU,
1986,ISR,DEU,
1987,ISR,DEU,
1988,ISR,DEU,
1989,ISR,DEU,
1990,ISR,DEU,
1991,ISR,DEU,
1992,ISR,DEU,
1993,ISR,DEU,
1995,ISR,DEU,-.0992847817073199
1998,ISR,DEU,-.08615527266209
1999,ISR,DEU,-.0856636286351324
2000,ISR,DEU,-.1236583515678528
2001,ISR,DEU,-.090632007630964
2002,ISR,DEU,-.1038912094560682
2003,ISR,DEU,-.1005207481843035
2004,ISR,DEU,-.1048297220293538
2005,ISR,DEU,-.1106729478859689
2006,ISR,DEU,-.0997056629815196
2007,ISR,DEU,-.1016677330174572
2008,ISR,DEU,-.115381002154449
2009,ISR,DEU,-.1097991556645566
2010,ISR,DEU,-.0971528895539059
2011,ISR,DEU,-.1063610251666932
2012,ISR,DEU,-.1345338367952882
2013,ISR,DEU,-.1294434465223754
2014,ISR,DEU,-.1109685049258725
2015,ISR,DEU,-.1160593894751759
2016,ISR,DEU,-.123611271573195
2017,ISR,DEU,-.1362335456052789
2018,ISR,DEU,-.1236251840983235
2019,ISR,DEU,-.123157312772798
2021,ISR,DEU,-.1261432328492055
2022,ISR,DEU,-.134994310079062
2023,ISR,DEU,-.115834090538988
2024,ISR,DEU,-.1022659313704599
2025,ISR,DEU,
2026,ISR,DEU,
1973,ISR,MCO,
1974,ISR,MCO,
1975,ISR,MCO,
1976,ISR,MCO,
1977,ISR,MCO,
1978,ISR,MCO,
1979,ISR,MCO,
1973,ISR,PRT,
1974,ISR,PRT,
1975,ISR,PRT,
1976,ISR,PRT,
1977,ISR,PRT,
1978,ISR,PRT,
1979,ISR,PRT,
1981,ISR,PRT,
1982,ISR,PRT,
1983,ISR,PRT,
1985,ISR,PRT,
1986,ISR,PRT,
1987,ISR,PRT,
1988,ISR,PRT,
1989,ISR,PRT,
1990,ISR,PRT,
1991,ISR,PRT,
1992,ISR,PRT,
1993,ISR,PRT,
1995,ISR,PRT,
1998,ISR,PRT,
1999,ISR,PRT,
2001,ISR,PRT,
2003,ISR,PRT,
2008,ISR,PRT,
2009,ISR,PRT,
2010,ISR,PRT,
2017,ISR,PRT,
2018,ISR,PRT,
2021,ISR,PRT,
2022,ISR,PRT,
2023,ISR,PRT,
2024,ISR,PRT,
2025,ISR,PRT,
1973,ISR,IRL,
1974,ISR,IRL,
1975,ISR,IRL,
1976,ISR,IRL,
1977,ISR,IRL,
1978,ISR,IRL,
1979,ISR,IRL,
1981,ISR,IRL,
1982,ISR,IRL,
1985,ISR,IRL,
1986,ISR,IRL,
1987,ISR,IRL,
1988,ISR,IRL,
1989,ISR,IRL,
1990,ISR,IRL,
1991,ISR,IRL,
1992,ISR,IRL,
1993,ISR,IRL,
1995,ISR,IRL,
1998,ISR,IRL,
1999,ISR,IRL,
2000,ISR,IRL,
2001,ISR,IRL,
2003,ISR,IRL,
2004,ISR,IRL,
2006,ISR,IRL,
2007,ISR,IRL,
2010,ISR,IRL,
2011,ISR,IRL,
2012,ISR,IRL,
2013,ISR,IRL,
2018,ISR,IRL,
2024,ISR,IRL,
1973,ISR,CHE,
1974,ISR,CHE,
1975,ISR,CHE,
1976,ISR,CHE,
1977,ISR,CHE,
1978,ISR,CHE,
1979,ISR,CHE,
1981,ISR,CHE,
1982,ISR,CHE,
1983,ISR,CHE,
1985,ISR,CHE,
1986,ISR,CHE,
1987,ISR,CHE,
1988,ISR,CHE,
1989,ISR,CHE,
1990,ISR,CHE,
1991,ISR,CHE,
1992,ISR,CHE,
1993,ISR,CHE,
1998,ISR,CHE,.0619934916146904
2000,ISR,CHE,.0244904127089278
2002,ISR,CHE,.044257554820712
2005,ISR,CHE,.0374758163908109
2006,ISR,CHE,.0484431012952604
2011,ISR,CHE,.0417877391100868
2014,ISR,CHE,.0371802593509072
2019,ISR,CHE,.0249914515039825
2021,ISR,CHE,.0220055314275746
2022,ISR,CHE,.013154454197718
2023,ISR,CHE,.0323146737377923
2024,ISR,CHE,.0458828329063211
2025,ISR,CHE,
1973,ISR,ITA,
1974,ISR,ITA,
1975,ISR,ITA,
1976,ISR,ITA,
1977,ISR,ITA,
1978,ISR,ITA,
1979,ISR,ITA,
1983,ISR,ITA,
1985,ISR,ITA,
1987,ISR,ITA,
1988,ISR,ITA,
1989,ISR,ITA,
1990,ISR,ITA,
1991,ISR,ITA,
1992,ISR,ITA,
1993,ISR,ITA,
2011,ISR,ITA,.134206370133942
2012,ISR,ITA,.1060335585053482
2013,ISR,ITA,.111123948778261
2014,ISR,ITA,.1295988903747633
2015,ISR,ITA,.1245080058254587
2016,ISR,ITA,.11695612372744
2017,ISR,ITA,.1043338496953577
2018,ISR,ITA,.1169422112023127
2019,ISR,ITA,.1174100825278377
2021,ISR,ITA,.1144241624514298
2022,ISR,ITA,.1055730852215736
2023,ISR,ITA,.1247333047616481
2024,ISR,ITA,.1383014639301759
2025,ISR,ITA,
2026,ISR,ITA,
1973,ISR,NLD,
1974,ISR,NLD,
1975,ISR,NLD,
1976,ISR,NLD,
1977,ISR,NLD,
1978,ISR,NLD,
1979,ISR,NLD,
1981,ISR,NLD,
1982,ISR,NLD,
1983,ISR,NLD,
1986,ISR,NLD,
1987,ISR,NLD,
1988,ISR,NLD,
1989,ISR,NLD,
1990,ISR,NLD,
1992,ISR,NLD,
1993,ISR,NLD,
1998,ISR,NLD,.0644907431107497
1999,ISR,NLD,.0649823871377065
2000,ISR,NLD,.0269876642049869
2001,ISR,NLD,.0600140081418754
2003,ISR,NLD,.0501252675885359
2004,ISR,NLD,.0458162937434852
2013,ISR,NLD,.0212025692504641
2014,ISR,NLD,.0396775108469667
2016,ISR,NLD,.0270347441996441
2017,ISR,NLD,.0144124701675609
2018,ISR,NLD,.0270208316745164
2019,ISR,NLD,.0274887030000416
2021,ISR,NLD,.0245027829236343
2022,ISR,NLD,.0156517056937777
2025,ISR,NLD,
1973,ISR,YUG,
1974,ISR,YUG,
1975,ISR,YUG,
1976,ISR,YUG,
1981,ISR,YUG,
1982,ISR,YUG,
1983,ISR,YUG,
1986,ISR,YUG,
1987,ISR,YUG,
1988,ISR,YUG,
1989,ISR,YUG,
1990,ISR,YUG,
1991,ISR,YUG,
1992,ISR,YUG,
1973,ISR,FRA,
1975,ISR,FRA,
1976,ISR,FRA,
1977,ISR,FRA,
1978,ISR,FRA,
1979,ISR,FRA,
1981,ISR,FRA,
1983,ISR,FRA,
1985,ISR,FRA,
1986,ISR,FRA,
1987,ISR,FRA,
1988,ISR,FRA,
1989,ISR,FRA,
1990,ISR,FRA,
1991,ISR,FRA,
1992,ISR,FRA,
1993,ISR,FRA,
1995,ISR,FRA,-.0304496480244988
1998,ISR,FRA,-.0173201389792692
1999,ISR,FRA,-.0168284949523122
2000,ISR,FRA,-.0548232178850316
2001,ISR,FRA,-.0217968739481423
2002,ISR,FRA,-.0350560757732474
2003,ISR,FRA,-.0316856145014824
2004,ISR,FRA,-.035994588346533
2005,ISR,FRA,-.0418378142031481
2006,ISR,FRA,-.0308705292986983
2007,ISR,FRA,-.0328325993346361
2008,ISR,FRA,-.0465458684716274
2009,ISR,FRA,-.0409640219817351
2010,ISR,FRA,-.0283177558710847
2011,ISR,FRA,-.0375258914838727
2012,ISR,FRA,-.0656987031124672
2013,ISR,FRA,-.0606083128395548
2014,ISR,FRA,-.0421333712430517
2015,ISR,FRA,-.0472242557923555
2016,ISR,FRA,-.0547761378903748
2017,ISR,FRA,-.0673984119224575
2018,ISR,FRA,-.0547900504155024
2019,ISR,FRA,-.0543221790899771
2021,ISR,FRA,-.0573080991663845
2022,ISR,FRA,-.066159176396241
2023,ISR,FRA,-.0469989568561668
2024,ISR,FRA,-.0334307976876378
2025,ISR,FRA,
2026,ISR,FRA,
1973,ISR,BEL,
1974,ISR,BEL,
1975,ISR,BEL,
1976,ISR,BEL,
1977,ISR,BEL,
1978,ISR,BEL,
1979,ISR,BEL,
1981,ISR,BEL,
1982,ISR,BEL,
1983,ISR,BEL,
1985,ISR,BEL,
1986,ISR,BEL,
1987,ISR,BEL,
1988,ISR,BEL,
1989,ISR,BEL,
1990,ISR,BEL,
1991,ISR,BEL,
1992,ISR,BEL,
1993,ISR,BEL,
1995,ISR,BEL,.0490164567164146
1998,ISR,BEL,.0621459657616442
1999,ISR,BEL,.0626376097886007
2000,ISR,BEL,.0246428868558817
2002,ISR,BEL,.0444100289676655
2003,ISR,BEL,.0477804902394303
2004,ISR,BEL,.0434715163943803
2010,ISR,BEL,.0511483488698286
2013,ISR,BEL,.0188577919013583
2015,ISR,BEL,.0322418489485576
2016,ISR,BEL,.0246899668505385
2017,ISR,BEL,.0120676928184553
2021,ISR,BEL,.0221580055745288
2022,ISR,BEL,.0133069283446725
2023,ISR,BEL,.0324671478847463
2026,ISR,BEL,
1973,ITA,ISR,
1974,ITA,ISR,
1975,ITA,ISR,
1976,ITA,ISR,
1977,ITA,ISR,
1978,ITA,ISR,
1979,ITA,ISR,
1983,ITA,ISR,
1985,ITA,ISR,
1987,ITA,ISR,
1988,ITA,ISR,
1989,ITA,ISR,
1990,ITA,ISR,
1991,ITA,ISR,
1992,ITA,ISR,
1993,ITA,ISR,
2015,ITA,ISR,.0216121389449933
2016,ITA,ISR,.0140602568469742
2017,ITA,ISR,.001437982814891
2018,ITA,ISR,.0140463443218463
2019,ITA,ISR,.0145142156473718
2021,ITA,ISR,.0115282955709642
2023,ITA,ISR,.0218374378811819
2024,ITA,ISR,.0354055970497104
2025,ITA,ISR,
2026,ITA,ISR,
1973,LUX,ISR,
1974,LUX,ISR,
1975,LUX,ISR,
1976,LUX,ISR,
1977,LUX,ISR,
1978,LUX,ISR,
1979,LUX,ISR,
1981,LUX,ISR,
1982,LUX,ISR,
1983,LUX,ISR,
1985,LUX,ISR,
1986,LUX,ISR,
1987,LUX,ISR,
1988,LUX,ISR,
1989,LUX,ISR,
1990,LUX,ISR,
1991,LUX,ISR,
1992,LUX,ISR,
1993,LUX,ISR,
2024,LUX,ISR,.0935292138897182
2025,LUX,ISR,
2026,LUX,ISR,
1973,MCO,ISR,
1974,MCO,ISR,
1975,MCO,ISR,
1976,MCO,ISR,
1977,MCO,ISR,
1978,MCO,ISR,
1979,MCO,ISR,
2005,MCO,ISR,
2006,MCO,ISR,
1973,NLD,ISR,
1974,NLD,ISR,
1975,NLD,ISR,
1976,NLD,ISR,
1977,NLD,ISR,
1978,NLD,ISR,
1979,NLD,ISR,
1981,NLD,ISR,
1982,NLD,ISR,
1983,NLD,ISR,
1986,NLD,ISR,
1987,NLD,ISR,
1988,NLD,ISR,
1989,NLD,ISR,
1990,NLD,ISR,
1992,NLD,ISR,
1993,NLD,ISR,
1998,NLD,ISR,
1999,NLD,ISR,
2000,NLD,ISR,
2001,NLD,ISR,
2003,NLD,ISR,
2005,NLD,ISR,
2006,NLD,ISR,
2008,NLD,ISR,.0136002389714749
2009,NLD,ISR,.0191820854613669
2010,NLD,ISR,.0318283515720172
2015,NLD,ISR,.0129218516507475
2016,NLD,ISR,.0053699695527278
2017,NLD,ISR,-.0072523044793552
2018,NLD,ISR,.0053560570276001
2019,NLD,ISR,.0058239283531257
2021,NLD,ISR,.0028380082767181
2023,NLD,ISR,.0131471505869357
2024,NLD,ISR,.0267153097554647
2025,NLD,ISR,
1973,NOR,ISR,
1974,NOR,ISR,
1975,NOR,ISR,
1976,NOR,ISR,
1977,NOR,ISR,
1978,NOR,ISR,
1979,NOR,ISR,
1981,NOR,ISR,
1982,NOR,ISR,
1983,NOR,ISR,
1985,NOR,ISR,
1986,NOR,ISR,
1987,NOR,ISR,
1988,NOR,ISR,
1989,NOR,ISR,
1990,NOR,ISR,
1991,NOR,ISR,
1992,NOR,ISR,
1993,NOR,ISR,
1995,NOR,ISR,.0597115365906643
1998,NOR,ISR,.0728410456358952
1999,NOR,ISR,.073332689662852
2000,NOR,ISR,.0353379667301314
2001,NOR,ISR,.0683643106670208
2003,NOR,ISR,.0584755701136813
2005,NOR,ISR,.048323370412016
2006,NOR,ISR,.0592906553164648
2008,NOR,ISR,.043615316143536
2009,NOR,ISR,.0491971626334282
2010,NOR,ISR,.0618434287440793
2015,NOR,ISR,.0429369288228091
2016,NOR,ISR,.0353850467247899
2017,NOR,ISR,.0227627726927064
2018,NOR,ISR,.0353711341996615
2019,NOR,ISR,.0358390055251866
2021,NOR,ISR,.0328530854487788
2023,NOR,ISR,.0431622277589966
2024,NOR,ISR,.0567303869275254
2025,NOR,ISR,
2026,NOR,ISR,
1973,PRT,ISR,
1974,PRT,ISR,
1975,PRT,ISR,
1976,PRT,ISR,
1977,PRT,ISR,
1978,PRT,ISR,
1979,PRT,ISR,
1981,PRT,ISR,
1982,PRT,ISR,
1983,PRT,ISR,
1985,PRT,ISR,
1986,PRT,ISR,
1987,PRT,ISR,
1988,PRT,ISR,
1989,PRT,ISR,
1990,PRT,ISR,
1991,PRT,ISR,
1992,PRT,ISR,
1993,PRT,ISR,
1995,PRT,ISR,.111002085229044
1998,PRT,ISR,.1241315942742723
1999,PRT,ISR,.1246232383012297
2001,PRT,ISR,.1196548593053996
2003,PRT,ISR,.1097661187520594
2005,PRT,ISR,.0996139190503942
2006,PRT,ISR,.1105812039548435
2008,PRT,ISR,.0949058647819148
2009,PRT,ISR,.1004877112718069
2010,PRT,ISR,.1131339773824578
2015,PRT,ISR,.0942274774611869
2017,PRT,ISR,.0740533213310845
2018,PRT,ISR,.0866616828380398
2019,PRT,ISR,.0871295541635654
2021,PRT,ISR,.0841436340871574
2023,PRT,ISR,.0944527763973753
2024,PRT,ISR,.1080209355659031
2025,PRT,ISR,
2026,PRT,ISR,
1973,ESP,ISR,
1974,ESP,ISR,
1975,ESP,ISR,
1976,ESP,ISR,
1977,ESP,ISR,
1978,ESP,ISR,
1979,ESP,ISR,
1981,ESP,ISR,
1982,ESP,ISR,
1983,ESP,ISR,
1985,ESP,ISR,
1986,ESP,ISR,
1987,ESP,ISR,
1988,ESP,ISR,
1989,ESP,ISR,
1990,ESP,ISR,
1991,ESP,ISR,
1992,ESP,ISR,
1993,ESP,ISR,
1995,ESP,ISR,
1998,ESP,ISR,
1999,ESP,ISR,
2000,ESP,ISR,
2001,ESP,ISR,
2002,ESP,ISR,
2003,ESP,ISR,
2005,ESP,ISR,
2006,ESP,ISR,
2008,ESP,ISR,
2009,ESP,ISR,
2010,ESP,ISR,
2015,ESP,ISR,
2016,ESP,ISR,
2017,ESP,ISR,
2018,ESP,ISR,
2019,ESP,ISR,
2021,ESP,ISR,
2023,ESP,ISR,
2024,ESP,ISR,
2025,ESP,ISR,
1973,SWE,ISR,
1974,SWE,ISR,
1975,SWE,ISR,
1977,SWE,ISR,
1978,SWE,ISR,
1979,SWE,ISR,
1981,SWE,ISR,
1982,SWE,ISR,
1983,SWE,ISR,
1985,SWE,ISR,
1986,SWE,ISR,
1987,SWE,ISR,
1988,SWE,ISR,
1989,SWE,ISR,
1990,SWE,ISR,
1991,SWE,ISR,
1992,SWE,ISR,
1993,SWE,ISR,
1995,SWE,ISR,
1998,SWE,ISR,
1999,SWE,ISR,
2000,SWE,ISR,
2001,SWE,ISR,
2002,SWE,ISR,
2003,SWE,ISR,
2005,SWE,ISR,
2006,SWE,ISR,
2008,SWE,ISR,.0321738805047663
2009,SWE,ISR,.0377557269946585
2010,SWE,ISR,.050401993105309
2015,SWE,ISR,.0314954931840388
2016,SWE,ISR,.0239436110860195
2017,SWE,ISR,.0113213370539367
2018,SWE,ISR,.0239296985608914
2019,SWE,ISR,.0243975698864168
2021,SWE,ISR,.0214116498100094
2023,SWE,ISR,.031720792120227
2024,SWE,ISR,.0452889512887557
2025,SWE,ISR,
2026,SWE,ISR,
1973,CHE,ISR,
1974,CHE,ISR,
1975,CHE,ISR,
1976,CHE,ISR,
1977,CHE,ISR,
1978,CHE,ISR,
1979,CHE,ISR,
1981,CHE,ISR,
1982,CHE,ISR,
1983,CHE,ISR,
1985,CHE,ISR,
1986,CHE,ISR,
1987,CHE,ISR,
1988,CHE,ISR,
1989,CHE,ISR,
1990,CHE,ISR,
1991,CHE,ISR,
1992,CHE,ISR,
1993,CHE,ISR,
1998,CHE,ISR,
2000,CHE,ISR,
2002,CHE,ISR,
2005,CHE,ISR,
2006,CHE,ISR,
2008,CHE,ISR,
2009,CHE,ISR,
2010,CHE,ISR,
2015,CHE,ISR,.0170586408772557
2016,CHE,ISR,.0095067587792367
2017,CHE,ISR,-.0031155152528466
2018,CHE,ISR,.0094928462541087
2019,CHE,ISR,.009960717579634
2021,CHE,ISR,.0069747975032264
2023,CHE,ISR,.0172839398134439
2024,CHE,ISR,.0308520989819725
2025,CHE,ISR,
2026,CHE,ISR,
1973,GBR,ISR,
1974,GBR,ISR,
1975,GBR,ISR,
1976,GBR,ISR,
1977,GBR,ISR,
1978,GBR,ISR,
1979,GBR,ISR,
1981,GBR,ISR,
1982,GBR,ISR,
1983,GBR,ISR,
1985,GBR,ISR,
1986,GBR,ISR,
1987,GBR,ISR,
1988,GBR,ISR,
1989,GBR,ISR,
1990,GBR,ISR,
1991,GBR,ISR,
1992,GBR,ISR,
1993,GBR,ISR,
1995,GBR,ISR,
1998,GBR,ISR,
1999,GBR,ISR,
2000,GBR,ISR,
2001,GBR,ISR,
2002,GBR,ISR,
2003,GBR,ISR,
2005,GBR,ISR,
2006,GBR,ISR,
2008,GBR,ISR,
2009,GBR,ISR,
2010,GBR,ISR,
2015,GBR,ISR,
2016,GBR,ISR,
2017,GBR,ISR,
2018,GBR,ISR,
2019,GBR,ISR,
2021,GBR,ISR,
2023,GBR,ISR,
2024,GBR,ISR,
2025,GBR,ISR,
2026,GBR,ISR,
1973,YUG,ISR,
1974,YUG,ISR,
1975,YUG,ISR,
1976,YUG,ISR,
1981,YUG,ISR,
1982,YUG,ISR,
1983,YUG,ISR,
1986,YUG,ISR,
1987,YUG,ISR,
1988,YUG,ISR,
1989,YUG,ISR,
1990,YUG,ISR,
1991,YUG,ISR,
1992,YUG,ISR,
1974,BEL,GRC,
1976,BEL,GRC,
1977,BEL,GRC,
1978,BEL,GRC,
1979,BEL,GRC,
1980,BEL,GRC,
1981,BEL,GRC,
1983,BEL,GRC,
1985,BEL,GRC,
1987,BEL,GRC,
1988,BEL,GRC,
1989,BEL,GRC,
1990,BEL,GRC,
1991,BEL,GRC,
1992,BEL,GRC,
1993,BEL,GRC,
1995,BEL,GRC,.0235676117805528
1996,BEL,GRC,.032691063087673
1998,BEL,GRC,.0366971208257832
2002,BEL,GRC,.0189611840318046
2003,BEL,GRC,.0223316453035688
2004,BEL,GRC,.0180226714585185
2005,BEL,GRC,.0121794456019031
2006,BEL,GRC,.0231467305063532
2007,BEL,GRC,.0211846604704156
2008,BEL,GRC,.0074713913334243
2009,BEL,GRC,.0130532378233165
2010,BEL,GRC,.0256995039339666
2011,BEL,GRC,.0164913683211793
2012,BEL,GRC,-.0116814433074153
2013,BEL,GRC,-.0065910530345029
2014,BEL,GRC,.0118838885620003
2015,BEL,GRC,.0067930040126963
2017,BEL,GRC,-.0133811521174057
2019,BEL,GRC,-.0003049192849256
2021,BEL,GRC,-.0032908393613329
2022,BEL,GRC,-.0121419165911889
2024,BEL,GRC,.0205864621174135
2025,BEL,GRC,
2026,BEL,GRC,
1974,FIN,GRC,
1976,FIN,GRC,
1977,FIN,GRC,
1978,FIN,GRC,
1979,FIN,GRC,
1980,FIN,GRC,
1981,FIN,GRC,
1983,FIN,GRC,
1985,FIN,GRC,
1987,FIN,GRC,
1988,FIN,GRC,
1989,FIN,GRC,
1990,FIN,GRC,
1991,FIN,GRC,
1992,FIN,GRC,
1993,FIN,GRC,
1994,FIN,GRC,
1996,FIN,GRC,.0549417382778129
1998,FIN,GRC,.0589477960159218
2002,FIN,GRC,.0412118592219432
2004,FIN,GRC,.0402733466486581
2005,FIN,GRC,.0344301207920425
2006,FIN,GRC,.0453974056964924
2007,FIN,GRC,.0434353356605544
2008,FIN,GRC,.029722066523563
2009,FIN,GRC,.0353039130134558
2010,FIN,GRC,.0479501791241059
2011,FIN,GRC,.038742043511318
2012,FIN,GRC,.0105692318827236
2013,FIN,GRC,.0156596221556363
2014,FIN,GRC,.0341345637521392
2015,FIN,GRC,.0290436792028354
2017,FIN,GRC,.0088695230727331
2019,FIN,GRC,.0219457559052137
2021,FIN,GRC,.018959835828806
2022,FIN,GRC,.0101087585989495
2024,FIN,GRC,.0428371373075526
2025,FIN,GRC,
2026,FIN,GRC,
1974,DEU,GRC,
1976,DEU,GRC,
1977,DEU,GRC,
1978,DEU,GRC,
1979,DEU,GRC,
1980,DEU,GRC,
1981,DEU,GRC,
1983,DEU,GRC,
1985,DEU,GRC,
1987,DEU,GRC,
1988,DEU,GRC,
1989,DEU,GRC,
1990,DEU,GRC,
1991,DEU,GRC,
1992,DEU,GRC,
1993,DEU,GRC,
1994,DEU,GRC,
1995,DEU,GRC,.0111976142488733
1997,DEU,GRC,.0026958797584727
1998,DEU,GRC,.0243271232941029
2001,DEU,GRC,.0198503883252285
2002,DEU,GRC,.0065911865001243
2003,DEU,GRC,.0099616477718893
2004,DEU,GRC,.0056526739268387
2005,DEU,GRC,-.0001905519297761
2006,DEU,GRC,.0107767329746737
2007,DEU,GRC,.0088146629387357
2008,DEU,GRC,-.0048986061982564
2009,DEU,GRC,.0006832402916367
2010,DEU,GRC,.0133295064022868
2011,DEU,GRC,.0041213707895008
2012,DEU,GRC,-.0240514408390951
2013,DEU,GRC,-.0189610505661822
2014,DEU,GRC,-.0004861089696796
2015,DEU,GRC,-.0055769935189832
2017,DEU,GRC,-.0257511496490857
2019,DEU,GRC,-.0126749168166048
2021,DEU,GRC,-.0156608368930125
2022,DEU,GRC,-.0245119141228692
2024,DEU,GRC,.0082164645857335
2025,DEU,GRC,
2026,DEU,GRC,
1974,GRC,SWE,
1977,GRC,SWE,
1978,GRC,SWE,
1979,GRC,SWE,
1980,GRC,SWE,
1981,GRC,SWE,
1983,GRC,SWE,
1985,GRC,SWE,
1987,GRC,SWE,
1988,GRC,SWE,
1989,GRC,SWE,
1990,GRC,SWE,
1991,GRC,SWE,
1992,GRC,SWE,
1993,GRC,SWE,
1994,GRC,SWE,
1995,GRC,SWE,.1496794611853923
1996,GRC,SWE,.1588029124925128
1997,GRC,SWE,.1411777266949911
1998,GRC,SWE,.1628089702306219
2001,GRC,SWE,.1583322352617484
2002,GRC,SWE,.1450730334366439
2003,GRC,SWE,.1484434947084086
2004,GRC,SWE,.1441345208633583
2005,GRC,SWE,.1382912950067427
2006,GRC,SWE,.1492585799111917
2007,GRC,SWE,.1472965098752547
2008,GRC,SWE,.1335832407382632
2009,GRC,SWE,.1391650872281559
2011,GRC,SWE,.1426032177260182
2012,GRC,SWE,.1144304060974233
2013,GRC,SWE,.1195207963703367
2014,GRC,SWE,.1379957379668388
2015,GRC,SWE,.1329048534175356
2016,GRC,SWE,.1253529713195166
2017,GRC,SWE,.1127306972874335
2018,GRC,SWE,.1253390587943883
2019,GRC,SWE,.1258069301199129
2021,GRC,SWE,.1228210100435064
2022,GRC,SWE,.1139699328136501
2023,GRC,SWE,.1331301523537229
2024,GRC,SWE,.1466983115222521
2025,GRC,SWE,
2026,GRC,SWE,
1974,GRC,ITA,
1976,GRC,ITA,
1977,GRC,ITA,
1978,GRC,ITA,
1979,GRC,ITA,
1980,GRC,ITA,
1983,GRC,ITA,
1985,GRC,ITA,
1987,GRC,ITA,
1988,GRC,ITA,
1989,GRC,ITA,
1990,GRC,ITA,
1991,GRC,ITA,
1992,GRC,ITA,
1993,GRC,ITA,
1997,GRC,ITA,.0973814969815427
2011,GRC,ITA,.0988069880125707
2012,GRC,ITA,.0706341763839757
2013,GRC,ITA,.075724566656887
2014,GRC,ITA,.0941995082533911
2015,GRC,ITA,.0891086237040883
2016,GRC,ITA,.0815567416060679
2017,GRC,ITA,.0689344675739847
2018,GRC,ITA,.08154282908094
2019,GRC,ITA,.0820107004064652
2021,GRC,ITA,.0790247803300572
2022,GRC,ITA,.0701737031002013
2023,GRC,ITA,.0893339226402751
2024,GRC,ITA,.1029020818088033
2025,GRC,ITA,
2026,GRC,ITA,
1974,GRC,NLD,
1976,GRC,NLD,
1977,GRC,NLD,
1978,GRC,NLD,
1979,GRC,NLD,
1980,GRC,NLD,
1981,GRC,NLD,
1983,GRC,NLD,
1987,GRC,NLD,
1988,GRC,NLD,
1989,GRC,NLD,
1990,GRC,NLD,
1992,GRC,NLD,
1993,GRC,NLD,
1994,GRC,NLD,
1996,GRC,NLD,.025085303251268
1997,GRC,NLD,.0074601174537464
1998,GRC,NLD,.0290913609893771
2001,GRC,NLD,.0246146260205032
2003,GRC,NLD,.0147258854671634
2004,GRC,NLD,.0104169116221128
2013,GRC,NLD,-.0141968128709087
2014,GRC,NLD,.0042781287255945
2016,GRC,NLD,-.0083646379217288
2017,GRC,NLD,-.0209869119538116
2018,GRC,NLD,-.0083785504468564
2019,GRC,NLD,-.0079106791213314
2021,GRC,NLD,-.0108965991977384
2022,GRC,NLD,-.0197476764275953
2025,GRC,NLD,
1974,GRC,GBR,
1976,GRC,GBR,
1977,GRC,GBR,
1978,GRC,GBR,
1979,GRC,GBR,
1980,GRC,GBR,
1981,GRC,GBR,
1983,GRC,GBR,
1985,GRC,GBR,
1987,GRC,GBR,
1988,GRC,GBR,
1989,GRC,GBR,
1990,GRC,GBR,
1991,GRC,GBR,
1992,GRC,GBR,
1993,GRC,GBR,
1994,GRC,GBR,
1995,GRC,GBR,-.0909515997055444
1996,GRC,GBR,-.0818281483984238
1997,GRC,GBR,-.0994533341959448
1998,GRC,GBR,-.0778220906603148
2001,GRC,GBR,-.0822988256291884
2002,GRC,GBR,-.0955580274542929
2003,GRC,GBR,-.0921875661825277
2004,GRC,GBR,-.0964965400275789
2005,GRC,GBR,-.1023397658841944
2006,GRC,GBR,-.0913724809797442
2007,GRC,GBR,-.0933345510156817
2008,GRC,GBR,-.1070478201526735
2009,GRC,GBR,-.1014659736627813
2010,GRC,GBR,-.0888197075521308
2011,GRC,GBR,-.0980278431649183
2012,GRC,GBR,-.1262006547935124
2013,GRC,GBR,-.1211102645205998
2014,GRC,GBR,-.1026353229240968
2015,GRC,GBR,-.1077262074734011
2016,GRC,GBR,-.1152780895714196
2017,GRC,GBR,-.1279003636035032
2018,GRC,GBR,-.1152920020965478
2019,GRC,GBR,-.1148241307710225
2021,GRC,GBR,-.1178100508474302
2022,GRC,GBR,-.126661128077287
2023,GRC,GBR,-.1075009085372128
2024,GRC,GBR,-.0939327493686838
2025,GRC,GBR,
2026,GRC,GBR,
1974,GRC,LUX,
1976,GRC,LUX,
1977,GRC,LUX,
1978,GRC,LUX,
1979,GRC,LUX,
1980,GRC,LUX,
1981,GRC,LUX,
1983,GRC,LUX,
1985,GRC,LUX,
1987,GRC,LUX,
1988,GRC,LUX,
1989,GRC,LUX,
1990,GRC,LUX,
1991,GRC,LUX,
1992,GRC,LUX,
1993,GRC,LUX,
2024,GRC,LUX,-.0153944517910515
2025,GRC,LUX,
1974,GRC,MCO,
1976,GRC,MCO,
1977,GRC,MCO,
1978,GRC,MCO,
1979,GRC,MCO,
1974,GRC,ISR,
1976,GRC,ISR,
1977,GRC,ISR,
1978,GRC,ISR,
1979,GRC,ISR,
1981,GRC,ISR,
1983,GRC,ISR,
1985,GRC,ISR,
1987,GRC,ISR,
1988,GRC,ISR,
1989,GRC,ISR,
1990,GRC,ISR,
1991,GRC,ISR,
1992,GRC,ISR,
1993,GRC,ISR,
1995,GRC,ISR,.0895781290166766
1998,GRC,ISR,.1027076380619061
2001,GRC,ISR,.0982309030930331
2002,GRC,ISR,.0849717012679282
2003,GRC,ISR,.0883421625396933
2005,GRC,ISR,.0781899628380274
2006,GRC,ISR,.0891572477424771
2008,GRC,ISR,.0734819085695486
2009,GRC,ISR,.0790637550594408
2010,GRC,ISR,.0917100211700903
2015,GRC,ISR,.0728035212488208
2016,GRC,ISR,.0652516391508011
2017,GRC,ISR,.052629365118718
2018,GRC,ISR,.0652377266256734
2019,GRC,ISR,.0657055979511988
2021,GRC,ISR,.0627196778747919
2023,GRC,ISR,.0730288201850086
2024,GRC,ISR,.0865969793535369
2025,GRC,ISR,
2026,GRC,ISR,
1974,GRC,IRL,
1976,GRC,IRL,
1977,GRC,IRL,
1978,GRC,IRL,
1979,GRC,IRL,
1980,GRC,IRL,
1981,GRC,IRL,
1985,GRC,IRL,
1987,GRC,IRL,
1988,GRC,IRL,
1989,GRC,IRL,
1990,GRC,IRL,
1991,GRC,IRL,
1992,GRC,IRL,
1993,GRC,IRL,
1994,GRC,IRL,
1995,GRC,IRL,.0337803887224638
1996,GRC,IRL,.0429038400295859
1997,GRC,IRL,.0252786542320629
1998,GRC,IRL,.0469098977676934
2001,GRC,IRL,.0424331627988198
2003,GRC,IRL,.0325444222454799
2004,GRC,IRL,.0282354484004297
2006,GRC,IRL,.0333595074482639
2007,GRC,IRL,.0313974374123271
2010,GRC,IRL,.0359122808758782
2011,GRC,IRL,.0267041452630902
2012,GRC,IRL,-.0014686663655049
2013,GRC,IRL,.0036217239074084
2018,GRC,IRL,.0094399863314597
2024,GRC,IRL,.0307992390593245
1974,GRC,ESP,
1976,GRC,ESP,
1977,GRC,ESP,
1978,GRC,ESP,
1979,GRC,ESP,
1980,GRC,ESP,
1981,GRC,ESP,
1983,GRC,ESP,
1985,GRC,ESP,
1987,GRC,ESP,
1988,GRC,ESP,
1989,GRC,ESP,
1990,GRC,ESP,
1991,GRC,ESP,
1992,GRC,ESP,
1993,GRC,ESP,
1994,GRC,ESP,
1995,GRC,ESP,-.0601520301067419
1996,GRC,ESP,-.0510285787996217
1997,GRC,ESP,-.0686537645971434
1998,GRC,ESP,-.0470225210615121
2001,GRC,ESP,-.051499256030387
2002,GRC,ESP,-.0647584578554909
2003,GRC,ESP,-.061387996583726
2004,GRC,ESP,-.0656969704287762
2005,GRC,ESP,-.0715401962853916
2006,GRC,ESP,-.0605729113809416
2007,GRC,ESP,-.062534981416879
2008,GRC,ESP,-.076248250553871
2009,GRC,ESP,-.070666404063979
2010,GRC,ESP,-.0580201379533278
2011,GRC,ESP,-.0672282735661157
2012,GRC,ESP,-.0954010851947103
2013,GRC,ESP,-.0903106949217975
2014,GRC,ESP,-.071835753325295
2015,GRC,ESP,-.0769266378745983
2016,GRC,ESP,-.0844785199726178
2017,GRC,ESP,-.0971007940047005
2018,GRC,ESP,-.0844924324977451
2019,GRC,ESP,-.0840245611722204
2021,GRC,ESP,-.0870104812486279
2022,GRC,ESP,-.0958615584784839
2023,GRC,ESP,-.0767013389384102
2024,GRC,ESP,-.0631331797698813
2025,GRC,ESP,
1974,GRC,BEL,
1976,GRC,BEL,
1977,GRC,BEL,
1978,GRC,BEL,
1979,GRC,BEL,
1980,GRC,BEL,
1981,GRC,BEL,
1983,GRC,BEL,
1985,GRC,BEL,
1987,GRC,BEL,
1988,GRC,BEL,
1989,GRC,BEL,
1990,GRC,BEL,
1991,GRC,BEL,
1992,GRC,BEL,
1993,GRC,BEL,
1995,GRC,BEL,.0136170745950415
1996,GRC,BEL,.0227405259021622
1998,GRC,BEL,.0267465836402719
2002,GRC,BEL,.0090106468462934
2003,GRC,BEL,.0123811081180578
2004,GRC,BEL,.0080721342730073
2010,GRC,BEL,.0157489667484557
2013,GRC,BEL,-.0165415902200145
2015,GRC,BEL,-.0031575331728148
2016,GRC,BEL,-.0107094152708342
2017,GRC,BEL,-.0233316893029168
2021,GRC,BEL,-.0132413765468439
2022,GRC,BEL,-.0220924537767004
2023,GRC,BEL,-.0029322342366268
2026,GRC,BEL,
1974,GRC,YUG,
1976,GRC,YUG,
1981,GRC,YUG,
1983,GRC,YUG,
1987,GRC,YUG,
1988,GRC,YUG,
1989,GRC,YUG,
1990,GRC,YUG,
1991,GRC,YUG,
1992,GRC,YUG,
1974,GRC,FIN,
1976,GRC,FIN,
1977,GRC,FIN,
1978,GRC,FIN,
1979,GRC,FIN,
1980,GRC,FIN,
1981,GRC,FIN,
1983,GRC,FIN,
1985,GRC,FIN,
1987,GRC,FIN,
1988,GRC,FIN,
1989,GRC,FIN,
1990,GRC,FIN,
1991,GRC,FIN,
1992,GRC,FIN,
1993,GRC,FIN,
1994,GRC,FIN,
1996,GRC,FIN,.0062079404546285
1998,GRC,FIN,.0102139981927381
2002,GRC,FIN,-.0075219386012404
2006,GRC,FIN,-.0033363921266906
2007,GRC,FIN,-.0052984621626288
2008,GRC,FIN,-.0190117312996205
2009,GRC,FIN,-.0134298848097286
2011,GRC,FIN,-.0099917543118654
2013,GRC,FIN,-.0330741756675473
2014,GRC,FIN,-.0145992340710441
2018,GRC,FIN,-.0272559132434958
2021,GRC,FIN,-.0297739619943774
2022,GRC,FIN,-.0386250392242338
2023,GRC,FIN,-.0194648196841596
2024,GRC,FIN,-.0058966605156315
2025,GRC,FIN,
2026,GRC,FIN,
1974,GRC,NOR,
1976,GRC,NOR,
1977,GRC,NOR,
1978,GRC,NOR,
1979,GRC,NOR,
1980,GRC,NOR,
1981,GRC,NOR,
1983,GRC,NOR,
1985,GRC,NOR,
1987,GRC,NOR,
1988,GRC,NOR,
1989,GRC,NOR,
1990,GRC,NOR,
1991,GRC,NOR,
1992,GRC,NOR,
1993,GRC,NOR,
1994,GRC,NOR,
1995,GRC,NOR,.0635775426426931
1996,GRC,NOR,.0727009939498129
1997,GRC,NOR,.0550758081522918
1998,GRC,NOR,.076707051687922
2001,GRC,NOR,.0722303167190486
2003,GRC,NOR,.0623415761657087
2004,GRC,NOR,.0580326023206578
2005,GRC,NOR,.0521893764640429
2006,GRC,NOR,.0631566613684927
2008,GRC,NOR,.0474813221955632
2009,GRC,NOR,.0530631686854558
2010,GRC,NOR,.0657094347961061
2012,GRC,NOR,.028328487554724
2013,GRC,NOR,.0334188778276366
2014,GRC,NOR,.0518938194241396
2015,GRC,NOR,.0468029348748359
2017,GRC,NOR,.0266287787447334
2018,GRC,NOR,.0392371402516888
2019,GRC,NOR,.039705011577214
2021,GRC,NOR,.0367190915008068
2022,GRC,NOR,.0278680142709501
2023,GRC,NOR,.0470282338110244
2024,GRC,NOR,.0605963929795527
2025,GRC,NOR,
2026,GRC,NOR,
1974,GRC,DEU,
1976,GRC,DEU,
1977,GRC,DEU,
1978,GRC,DEU,
1979,GRC,DEU,
1980,GRC,DEU,
1981,GRC,DEU,
1983,GRC,DEU,
1985,GRC,DEU,
1987,GRC,DEU,
1988,GRC,DEU,
1989,GRC,DEU,
1990,GRC,DEU,
1991,GRC,DEU,
1992,GRC,DEU,
1993,GRC,DEU,
1994,GRC,DEU,
1995,GRC,DEU,-.1346841638286921
1997,GRC,DEU,-.1431858983190931
1998,GRC,DEU,-.1215546547834622
2001,GRC,DEU,-.1260313897523366
2002,GRC,DEU,-.139290591577441
2003,GRC,DEU,-.1359201303056764
2004,GRC,DEU,-.1402291041507265
2005,GRC,DEU,-.1460723300073416
2006,GRC,DEU,-.1351050451028919
2007,GRC,DEU,-.1370671151388291
2008,GRC,DEU,-.150780384275821
2009,GRC,DEU,-.1451985377859289
2010,GRC,DEU,-.1325522716752784
2011,GRC,DEU,-.1417604072880659
2012,GRC,DEU,-.1699332189166607
2013,GRC,DEU,-.1648428286437477
2014,GRC,DEU,-.146367887047245
2015,GRC,DEU,-.1514587715965487
2016,GRC,DEU,-.1590106536945681
2017,GRC,DEU,-.1716329277266512
2018,GRC,DEU,-.1590245662196962
2019,GRC,DEU,-.1585566948941707
2021,GRC,DEU,-.161542614970578
2022,GRC,DEU,-.1703936922004343
2023,GRC,DEU,-.1512334726603606
2024,GRC,DEU,-.1376653134918318
2025,GRC,DEU,
2026,GRC,DEU,
1974,GRC,CHE,
1976,GRC,CHE,
1977,GRC,CHE,
1978,GRC,CHE,
1979,GRC,CHE,
1980,GRC,CHE,
1981,GRC,CHE,
1983,GRC,CHE,
1985,GRC,CHE,
1987,GRC,CHE,
1988,GRC,CHE,
1989,GRC,CHE,
1990,GRC,CHE,
1991,GRC,CHE,
1992,GRC,CHE,
1993,GRC,CHE,
1994,GRC,CHE,
1996,GRC,CHE,.0225880517552082
1997,GRC,CHE,.0049628659576868
1998,GRC,CHE,.0265941094933175
2002,GRC,CHE,.0088581726993387
2005,GRC,CHE,.0020764342694385
2006,GRC,CHE,.0130437191738884
2011,GRC,CHE,.0063883569887143
2014,GRC,CHE,.0017808772295349
2019,GRC,CHE,-.0104079306173906
2021,GRC,CHE,-.0133938506937976
2022,GRC,CHE,-.0222449279236544
2023,GRC,CHE,-.0030847083835802
2024,GRC,CHE,.0104834507849486
2025,GRC,CHE,
1974,GRC,PRT,
1976,GRC,PRT,
1977,GRC,PRT,
1978,GRC,PRT,
1979,GRC,PRT,
1980,GRC,PRT,
1981,GRC,PRT,
1983,GRC,PRT,
1985,GRC,PRT,
1987,GRC,PRT,
1988,GRC,PRT,
1989,GRC,PRT,
1990,GRC,PRT,
1991,GRC,PRT,
1992,GRC,PRT,
1993,GRC,PRT,
1994,GRC,PRT,
1995,GRC,PRT,.0520875061790457
1996,GRC,PRT,.061210957486166
1997,GRC,PRT,.043585771688645
1998,GRC,PRT,.0652170152242756
2001,GRC,PRT,.0607402802554016
2003,GRC,PRT,.0508515397020622
2008,GRC,PRT,.0359912857319168
2009,GRC,PRT,.0415731322218094
2010,GRC,PRT,.0542193983324593
2017,GRC,PRT,.0151387422810877
2018,GRC,PRT,.0277471037880426
2021,GRC,PRT,.0252290550371597
2022,GRC,PRT,.0163779778073036
2023,GRC,PRT,.0355381973473777
2024,GRC,PRT,.0491063565159064
2025,GRC,PRT,
1974,IRL,GRC,
1976,IRL,GRC,
1977,IRL,GRC,
1978,IRL,GRC,
1979,IRL,GRC,
1980,IRL,GRC,
1981,IRL,GRC,
1985,IRL,GRC,
1987,IRL,GRC,
1988,IRL,GRC,
1989,IRL,GRC,
1990,IRL,GRC,
1991,IRL,GRC,
1992,IRL,GRC,
1993,IRL,GRC,
1994,IRL,GRC,
1995,IRL,GRC,
1996,IRL,GRC,
1997,IRL,GRC,
1998,IRL,GRC,
2001,IRL,GRC,
2003,IRL,GRC,
2004,IRL,GRC,
2005,IRL,GRC,
2006,IRL,GRC,
2007,IRL,GRC,
2008,IRL,GRC,.0585964876287074
2009,IRL,GRC,.0641783341185996
2010,IRL,GRC,.0768246002292505
2011,IRL,GRC,.0676164646164627
2012,IRL,GRC,.0394436529878682
2013,IRL,GRC,.0445340432607811
2014,IRL,GRC,.0630089848572841
2015,IRL,GRC,.05791810030798
2017,IRL,GRC,.0377439441778781
2019,IRL,GRC,.0508201770103586
2021,IRL,GRC,.0478342569339514
2022,IRL,GRC,.0389831797040946
2024,IRL,GRC,.0717115584126972
2025,IRL,GRC,
1974,ISR,GRC,
1976,ISR,GRC,
1977,ISR,GRC,
1978,ISR,GRC,
1979,ISR,GRC,
1981,ISR,GRC,
1983,ISR,GRC,
1985,ISR,GRC,
1987,ISR,GRC,
1988,ISR,GRC,
1989,ISR,GRC,
1990,ISR,GRC,
1991,ISR,GRC,
1992,ISR,GRC,
1993,ISR,GRC,
1995,ISR,GRC,.1161188069498568
1998,ISR,GRC,.1292483159950857
2001,ISR,GRC,.1247715810262112
2002,ISR,GRC,.1115123792011068
2003,ISR,GRC,.1148828404728722
2004,ISR,GRC,.1105738666278211
2005,ISR,GRC,.104730640771206
2006,ISR,GRC,.1156979256756564
2007,ISR,GRC,.1137358556397182
2008,ISR,GRC,.1000225865027268
2009,ISR,GRC,.1056044329926197
2010,ISR,GRC,.1182506991032701
2011,ISR,GRC,.1090425634904822
2012,ISR,GRC,.0808697518618876
2013,ISR,GRC,.0859601421348002
2014,ISR,GRC,.1044350837313028
2015,ISR,GRC,.0993441991819991
2017,ISR,GRC,.0791700430518974
2019,ISR,GRC,.0922462758843778
2021,ISR,GRC,.0892603558079702
2022,ISR,GRC,.0804092785781139
2024,ISR,GRC,.1131376572867165
2025,ISR,GRC,
2026,ISR,GRC,
1974,ITA,GRC,
1976,ITA,GRC,
1977,ITA,GRC,
1978,ITA,GRC,
1979,ITA,GRC,
1980,ITA,GRC,
1983,ITA,GRC,
1985,ITA,GRC,
1987,ITA,GRC,
1988,ITA,GRC,
1989,ITA,GRC,
1990,ITA,GRC,
1991,ITA,GRC,
1992,ITA,GRC,
1993,ITA,GRC,
1997,ITA,GRC,.0210263080342555
2011,ITA,GRC,.0224517990652824
2012,ITA,GRC,-.0057210125633121
2013,ITA,GRC,-.0006306222903997
2014,ITA,GRC,.0178443193061036
2015,ITA,GRC,.0127534347568001
2017,ITA,GRC,-.0074207213733025
2019,ITA,GRC,.0056555114591784
2021,ITA,GRC,.002669591382771
2022,ITA,GRC,-.0061814858470856
2024,ITA,GRC,.026546892861517
2025,ITA,GRC,
2026,ITA,GRC,
1974,LUX,GRC,
1976,LUX,GRC,
1977,LUX,GRC,
1978,LUX,GRC,
1979,LUX,GRC,
1980,LUX,GRC,
1981,LUX,GRC,
1983,LUX,GRC,
1985,LUX,GRC,
1987,LUX,GRC,
1988,LUX,GRC,
1989,LUX,GRC,
1990,LUX,GRC,
1991,LUX,GRC,
1992,LUX,GRC,
1993,LUX,GRC,
2024,LUX,GRC,.0846705097015251
2025,LUX,GRC,
2026,LUX,GRC,
1974,MCO,GRC,
1976,MCO,GRC,
1977,MCO,GRC,
1978,MCO,GRC,
1979,MCO,GRC,
2004,MCO,GRC,
2005,MCO,GRC,
2006,MCO,GRC,
1974,NLD,GRC,
1976,NLD,GRC,
1977,NLD,GRC,
1978,NLD,GRC,
1979,NLD,GRC,
1980,NLD,GRC,
1981,NLD,GRC,
1983,NLD,GRC,
1987,NLD,GRC,
1988,NLD,GRC,
1989,NLD,GRC,
1990,NLD,GRC,
1992,NLD,GRC,
1993,NLD,GRC,
1994,NLD,GRC,
1996,NLD,GRC,.0299612065375303
1997,NLD,GRC,.0123360207400094
1998,NLD,GRC,.03396726427564
2001,NLD,GRC,.0294905293067658
2003,NLD,GRC,.0196017887534266
2004,NLD,GRC,.0152928149083759
2005,NLD,GRC,.009449589051761
2006,NLD,GRC,.020416873956211
2007,NLD,GRC,.0184548039202733
2008,NLD,GRC,.0047415347832812
2009,NLD,GRC,.0103233812731733
2010,NLD,GRC,.0229696473838244
2011,NLD,GRC,.0137615117710365
2012,NLD,GRC,-.0144112998575583
2013,NLD,GRC,-.0093209095846459
2014,NLD,GRC,.0091540320118575
2015,NLD,GRC,.004063147462554
2017,NLD,GRC,-.0161110086675482
2019,NLD,GRC,-.0030347758350679
2021,NLD,GRC,-.0060206959114752
2022,NLD,GRC,-.0148717731413318
2024,NLD,GRC,.0178566055672706
2025,NLD,GRC,
1974,NOR,GRC,
1976,NOR,GRC,
1977,NOR,GRC,
1978,NOR,GRC,
1979,NOR,GRC,
1980,NOR,GRC,
1981,NOR,GRC,
1983,NOR,GRC,
1985,NOR,GRC,
1987,NOR,GRC,
1988,NOR,GRC,
1989,NOR,GRC,
1990,NOR,GRC,
1991,NOR,GRC,
1992,NOR,GRC,
1993,NOR,GRC,
1994,NOR,GRC,
1995,NOR,GRC,.0508528324024714
1996,NOR,GRC,.0599762837095917
1997,NOR,GRC,.0423510979120706
1998,NOR,GRC,.0639823414477009
2001,NOR,GRC,.0595056064788272
2003,NOR,GRC,.049616865925488
2004,NOR,GRC,.0453078920804376
2005,NOR,GRC,.0394646662238213
2006,NOR,GRC,.0504319511282713
2007,NOR,GRC,.048469881092334
2008,NOR,GRC,.0347566119553426
2009,NOR,GRC,.0403384584452346
2010,NOR,GRC,.0529847245558853
2011,NOR,GRC,.0437765889430974
2012,NOR,GRC,.0156037773145031
2013,NOR,GRC,.0206941675874157
2014,NOR,GRC,.0391691091839182
2015,NOR,GRC,.0340782246346149
2017,NOR,GRC,.0139040685045124
2019,NOR,GRC,.0269803013369929
2021,NOR,GRC,.0239943812605853
2022,NOR,GRC,.0151433040307293
2024,NOR,GRC,.0478716827393319
2025,NOR,GRC,
2026,NOR,GRC,
1974,PRT,GRC,
1976,PRT,GRC,
1977,PRT,GRC,
1978,PRT,GRC,
1979,PRT,GRC,
1980,PRT,GRC,
1981,PRT,GRC,
1983,PRT,GRC,
1985,PRT,GRC,
1987,PRT,GRC,
1988,PRT,GRC,
1989,PRT,GRC,
1990,PRT,GRC,
1991,PRT,GRC,
1992,PRT,GRC,
1993,PRT,GRC,
1994,PRT,GRC,
1995,PRT,GRC,.1021433810408493
1996,PRT,GRC,.1112668323479704
1997,PRT,GRC,.093641646550449
1998,PRT,GRC,.1152728900860797
2001,PRT,GRC,.1107961551172053
2003,PRT,GRC,.1009074145638661
2004,PRT,GRC,.0965984407188159
2005,PRT,GRC,.0907552148622002
2006,PRT,GRC,.1017224997666502
2007,PRT,GRC,.0997604297307128
2008,PRT,GRC,.0860471605937208
2009,PRT,GRC,.0916290070836128
2010,PRT,GRC,.1042752731942634
2011,PRT,GRC,.0950671375814759
2012,PRT,GRC,.0668943259528816
2014,PRT,GRC,.0904596578222969
2015,PRT,GRC,.0853687732729932
2017,PRT,GRC,.0651946171428909
2019,PRT,GRC,.0782708499753712
2021,PRT,GRC,.0752849298989637
2022,PRT,GRC,.0664338526691078
2024,PRT,GRC,.09916223137771
2025,PRT,GRC,
2026,PRT,GRC,
1974,ESP,GRC,
1976,ESP,GRC,
1977,ESP,GRC,
1978,ESP,GRC,
1979,ESP,GRC,
1980,ESP,GRC,
1981,ESP,GRC,
1983,ESP,GRC,
1985,ESP,GRC,
1987,ESP,GRC,
1988,ESP,GRC,
1989,ESP,GRC,
1990,ESP,GRC,
1991,ESP,GRC,
1992,ESP,GRC,
1993,ESP,GRC,
1994,ESP,GRC,
1995,ESP,GRC,
1996,ESP,GRC,
1997,ESP,GRC,
1998,ESP,GRC,
2001,ESP,GRC,
2002,ESP,GRC,
2003,ESP,GRC,
2004,ESP,GRC,
2005,ESP,GRC,
2006,ESP,GRC,
2007,ESP,GRC,
2008,ESP,GRC,
2009,ESP,GRC,
2010,ESP,GRC,
2011,ESP,GRC,
2012,ESP,GRC,
2013,ESP,GRC,
2014,ESP,GRC,
2015,ESP,GRC,
2017,ESP,GRC,
2019,ESP,GRC,
2021,ESP,GRC,
2022,ESP,GRC,
2024,ESP,GRC,
2025,ESP,GRC,
1974,SWE,GRC,
1977,SWE,GRC,
1978,SWE,GRC,
1979,SWE,GRC,
1980,SWE,GRC,
1981,SWE,GRC,
1983,SWE,GRC,
1985,SWE,GRC,
1987,SWE,GRC,
1988,SWE,GRC,
1989,SWE,GRC,
1990,SWE,GRC,
1991,SWE,GRC,
1992,SWE,GRC,
1993,SWE,GRC,
1994,SWE,GRC,
1995,SWE,GRC,.0394113967637016
1996,SWE,GRC,.0485348480708219
1997,SWE,GRC,.0309096622733009
1998,SWE,GRC,.0525409058089317
2001,SWE,GRC,.0480641708400589
2002,SWE,GRC,.0348049690149525
2003,SWE,GRC,.038175430286718
2004,SWE,GRC,.0338664564416675
2005,SWE,GRC,.0280232305850522
2006,SWE,GRC,.0389905154895016
2007,SWE,GRC,.0370284454535643
2008,SWE,GRC,.0233151763165729
2009,SWE,GRC,.0288970228064647
2010,SWE,GRC,.0415432889171154
2011,SWE,GRC,.0323351533043279
2012,SWE,GRC,.0041623416757328
2013,SWE,GRC,.0092527319486463
2014,SWE,GRC,.0277276735451489
2015,SWE,GRC,.0226367889958453
2017,SWE,GRC,.002462632865743
2019,SWE,GRC,.0155388656982235
2021,SWE,GRC,.0125529456218161
2022,SWE,GRC,.0037018683919591
2024,SWE,GRC,.036430247100562
2025,SWE,GRC,
2026,SWE,GRC,
1974,CHE,GRC,
1976,CHE,GRC,
1977,CHE,GRC,
1978,CHE,GRC,
1979,CHE,GRC,
1980,CHE,GRC,
1981,CHE,GRC,
1983,CHE,GRC,
1985,CHE,GRC,
1987,CHE,GRC,
1988,CHE,GRC,
1989,CHE,GRC,
1990,CHE,GRC,
1991,CHE,GRC,
1992,CHE,GRC,
1993,CHE,GRC,
1994,CHE,GRC,
1996,CHE,GRC,.0340979957640394
1997,CHE,GRC,.0164728099665182
1998,CHE,GRC,.0381040535021481
2002,CHE,GRC,.0203681167081694
2004,CHE,GRC,.0194296041348845
2005,CHE,GRC,.0135863782782691
2006,CHE,GRC,.0245536631827187
2007,CHE,GRC,.0225915931467812
2008,CHE,GRC,.0088783240097894
2009,CHE,GRC,.014460170499682
2010,CHE,GRC,.0271064366103327
2011,CHE,GRC,.0178983009975445
2012,CHE,GRC,-.0102745106310493
2013,CHE,GRC,-.0051841203581368
2014,CHE,GRC,.0132908212383658
2015,CHE,GRC,.008199936689062
2017,CHE,GRC,-.0119742194410401
2019,CHE,GRC,.0011020133914403
2021,CHE,GRC,-.0018839066849671
2022,CHE,GRC,-.0107349839148231
2024,CHE,GRC,.0219933947937797
2025,CHE,GRC,
2026,CHE,GRC,
1974,GBR,GRC,
1976,GBR,GRC,
1977,GBR,GRC,
1978,GBR,GRC,
1979,GBR,GRC,
1980,GBR,GRC,
1981,GBR,GRC,
1983,GBR,GRC,
1985,GBR,GRC,
1987,GBR,GRC,
1988,GBR,GRC,
1989,GBR,GRC,
1990,GBR,GRC,
1991,GBR,GRC,
1992,GBR,GRC,
1993,GBR,GRC,
1994,GBR,GRC,
1995,GBR,GRC,
1996,GBR,GRC,
1997,GBR,GRC,
1998,GBR,GRC,
2001,GBR,GRC,
2002,GBR,GRC,
2003,GBR,GRC,
2004,GBR,GRC,
2005,GBR,GRC,
2006,GBR,GRC,
2007,GBR,GRC,
2008,GBR,GRC,
2009,GBR,GRC,
2010,GBR,GRC,
2011,GBR,GRC,
2012,GBR,GRC,
2013,GBR,GRC,
2014,GBR,GRC,
2015,GBR,GRC,.0351331466921825
2017,GBR,GRC,.01495899056208
2019,GBR,GRC,.0280352233945608
2021,GBR,GRC,.0250493033181534
2022,GBR,GRC,.0161982260882964
2024,GBR,GRC,.0489266047968994
2025,GBR,GRC,
2026,GBR,GRC,
1974,YUG,GRC,
1976,YUG,GRC,
1981,YUG,GRC,
1983,YUG,GRC,
1987,YUG,GRC,
1988,YUG,GRC,
1989,YUG,GRC,
1990,YUG,GRC,
1991,YUG,GRC,
1992,YUG,GRC,
1975,BEL,TUR,
1978,BEL,TUR,
1980,BEL,TUR,
1981,BEL,TUR,
1982,BEL,TUR,
1983,BEL,TUR,
1984,BEL,TUR,
1985,BEL,TUR,
1986,BEL,TUR,
1987,BEL,TUR,
1988,BEL,TUR,
1989,BEL,TUR,
1990,BEL,TUR,
1991,BEL,TUR,
1992,BEL,TUR,
1993,BEL,TUR,
1995,BEL,TUR,.0238043476510109
1996,BEL,TUR,.0329277989581315
1998,BEL,TUR,.0369338566962407
1999,BEL,TUR,.0374255007231978
2000,BEL,TUR,-.0005692222095212
2002,BEL,TUR,.0191979199022624
2003,BEL,TUR,.0225683811740273
2004,BEL,TUR,.0182594073289763
2005,BEL,TUR,.0124161814723613
2006,BEL,TUR,.0233834663768111
2007,BEL,TUR,.0214213963408728
2008,BEL,TUR,.0077081272038814
2009,BEL,TUR,.013289973693774
2010,BEL,TUR,.0259362398044253
2012,BEL,TUR,-.0114447074369577
1975,FIN,TUR,
1978,FIN,TUR,
1980,FIN,TUR,
1981,FIN,TUR,
1982,FIN,TUR,
1983,FIN,TUR,
1984,FIN,TUR,
1985,FIN,TUR,
1986,FIN,TUR,
1987,FIN,TUR,
1988,FIN,TUR,
1989,FIN,TUR,
1990,FIN,TUR,
1991,FIN,TUR,
1992,FIN,TUR,
1993,FIN,TUR,
1996,FIN,TUR,.0551784741482705
1998,FIN,TUR,.0591845318863797
2000,FIN,TUR,.0216814529806179
2002,FIN,TUR,.0414485950924014
2004,FIN,TUR,.0405100825191158
2005,FIN,TUR,.0346668566625002
2006,FIN,TUR,.0456341415669502
2007,FIN,TUR,.0436720715310129
2008,FIN,TUR,.0299588023940213
2009,FIN,TUR,.0355406488839134
2010,FIN,TUR,.0481869149945643
2012,FIN,TUR,.0108059677531816
1975,FRA,TUR,
1978,FRA,TUR,
1980,FRA,TUR,
1981,FRA,TUR,
1983,FRA,TUR,
1984,FRA,TUR,
1985,FRA,TUR,
1986,FRA,TUR,
1987,FRA,TUR,
1988,FRA,TUR,
1989,FRA,TUR,
1990,FRA,TUR,
1991,FRA,TUR,
1992,FRA,TUR,
1993,FRA,TUR,
1995,FRA,TUR,.0653108558275746
1996,FRA,TUR,.0744343071346955
1997,FRA,TUR,.0568091213371741
1998,FRA,TUR,.0784403648728055
1999,FRA,TUR,.0789320088997607
2000,FRA,TUR,.040937285967042
2001,FRA,TUR,.0739636299039305
2002,FRA,TUR,.0607044280788267
2003,FRA,TUR,.0640748893505901
2004,FRA,TUR,.0597659155055402
2005,FRA,TUR,.0539226896489244
2006,FRA,TUR,.0648899745533748
2007,FRA,TUR,.0629279045174367
2008,FRA,TUR,.0492146353804451
2009,FRA,TUR,.0547964818703373
2010,FRA,TUR,.0674427479809883
2012,FRA,TUR,.0300618007396066
1975,DEU,TUR,
1978,DEU,TUR,
1980,DEU,TUR,
1981,DEU,TUR,
1982,DEU,TUR,
1983,DEU,TUR,
1984,DEU,TUR,
1985,DEU,TUR,
1986,DEU,TUR,
1987,DEU,TUR,
1988,DEU,TUR,
1989,DEU,TUR,
1990,DEU,TUR,
1991,DEU,TUR,
1992,DEU,TUR,
1993,DEU,TUR,
1995,DEU,TUR,.0114343501193309
1997,DEU,TUR,.0029326156289307
1998,DEU,TUR,.0245638591645609
1999,DEU,TUR,.0250555031915184
2000,DEU,TUR,-.0129392197412014
2001,DEU,TUR,.0200871241956863
2002,DEU,TUR,.0068279223705828
2003,DEU,TUR,.0101983836423473
2004,DEU,TUR,.0058894097972974
2005,DEU,TUR,.000046183940682
2006,DEU,TUR,.0110134688451317
2007,DEU,TUR,.0090513988091936
2008,DEU,TUR,-.0046618703277985
2009,DEU,TUR,.0009199761620942
2010,DEU,TUR,.0135662422727453
2012,DEU,TUR,-.0238147049686373
1975,IRL,TUR,
1978,IRL,TUR,
1980,IRL,TUR,
1981,IRL,TUR,
1982,IRL,TUR,
1984,IRL,TUR,
1985,IRL,TUR,
1986,IRL,TUR,
1987,IRL,TUR,
1988,IRL,TUR,
1989,IRL,TUR,
1990,IRL,TUR,
1991,IRL,TUR,
1992,IRL,TUR,
1993,IRL,TUR,
1995,IRL,TUR,
1996,IRL,TUR,
1997,IRL,TUR,
1998,IRL,TUR,
1999,IRL,TUR,
2000,IRL,TUR,
2001,IRL,TUR,
2003,IRL,TUR,
2004,IRL,TUR,
2005,IRL,TUR,
2006,IRL,TUR,
2007,IRL,TUR,
2008,IRL,TUR,.0588332234991661
2009,IRL,TUR,.0644150699890584
2010,IRL,TUR,.0770613360997088
2012,IRL,TUR,.0396803888583264
1975,ISR,MLT,
1991,ISR,MLT,
1992,ISR,MLT,
1993,ISR,MLT,
1995,ISR,MLT,
1998,ISR,MLT,
1999,ISR,MLT,
2000,ISR,MLT,
2001,ISR,MLT,
2002,ISR,MLT,
2003,ISR,MLT,
2004,ISR,MLT,
2005,ISR,MLT,
2006,ISR,MLT,
2009,ISR,MLT,
2012,ISR,MLT,
2013,ISR,MLT,
2014,ISR,MLT,
2016,ISR,MLT,
2019,ISR,MLT,
2021,ISR,MLT,
2025,ISR,MLT,
2026,ISR,MLT,
1975,ISR,TUR,
1978,ISR,TUR,
1981,ISR,TUR,
1982,ISR,TUR,
1983,ISR,TUR,
1985,ISR,TUR,
1986,ISR,TUR,
1987,ISR,TUR,
1988,ISR,TUR,
1989,ISR,TUR,
1990,ISR,TUR,
1991,ISR,TUR,
1992,ISR,TUR,
1993,ISR,TUR,
1995,ISR,TUR,.1163555428203134
1998,ISR,TUR,.1294850518655441
1999,ISR,TUR,.1299766958925
2000,ISR,TUR,.0919819729597812
2001,ISR,TUR,.1250083168966699
2002,ISR,TUR,.1117491150715653
2003,ISR,TUR,.1151195763433308
2004,ISR,TUR,.1108106024982802
2005,ISR,TUR,.1049673766416646
2006,ISR,TUR,.115934661546114
2007,ISR,TUR,.1139725915101767
2008,ISR,TUR,.1002593223731847
2009,ISR,TUR,.1058411688630773
2010,ISR,TUR,.1184874349737283
2012,ISR,TUR,.081106487732346
1975,ITA,TUR,
1978,ITA,TUR,
1980,ITA,TUR,
1983,ITA,TUR,
1984,ITA,TUR,
1985,ITA,TUR,
1987,ITA,TUR,
1988,ITA,TUR,
1989,ITA,TUR,
1990,ITA,TUR,
1991,ITA,TUR,
1992,ITA,TUR,
1993,ITA,TUR,
1997,ITA,TUR,.0212630439047145
2012,ITA,TUR,-.0054842766928538
1975,LUX,TUR,
1978,LUX,TUR,
1980,LUX,TUR,
1981,LUX,TUR,
1982,LUX,TUR,
1983,LUX,TUR,
1984,LUX,TUR,
1985,LUX,TUR,
1986,LUX,TUR,
1987,LUX,TUR,
1988,LUX,TUR,
1989,LUX,TUR,
1990,LUX,TUR,
1991,LUX,TUR,
1992,LUX,TUR,
1993,LUX,TUR,
1975,MLT,ISR,
1991,MLT,ISR,
1992,MLT,ISR,
1993,MLT,ISR,
1995,MLT,ISR,.0775543660687748
1998,MLT,ISR,.0906838751140046
1999,MLT,ISR,.0911755191409614
2000,MLT,ISR,.0531807962082422
2001,MLT,ISR,.0862071401451311
2002,MLT,ISR,.0729479383200267
2003,MLT,ISR,.0763183995917919
2005,MLT,ISR,.066166199890125
2006,MLT,ISR,.0771334847945758
2008,MLT,ISR,.0614581456216461
2009,MLT,ISR,.0670399921115389
2010,MLT,ISR,.0796862582221891
2015,MLT,ISR,.0607797583009183
2016,MLT,ISR,.0532278762029001
2017,MLT,ISR,.0406056021708167
2018,MLT,ISR,.053213963677772
2019,MLT,ISR,.0536818350032969
2021,MLT,ISR,.0506959149268897
2023,MLT,ISR,.0610050572371076
2024,MLT,ISR,.0745732164056356
2025,MLT,ISR,
2026,MLT,ISR,
1975,MLT,TUR,
1991,MLT,TUR,
1992,MLT,TUR,
1993,MLT,TUR,
1995,MLT,TUR,.0689323977510402
1996,MLT,TUR,.0780558490581606
1997,MLT,TUR,.0604306632606387
1998,MLT,TUR,.0820619067962701
1999,MLT,TUR,.0825535508232257
2000,MLT,TUR,.0445588278905066
2001,MLT,TUR,.0775851718273956
2002,MLT,TUR,.0643259700022909
2003,MLT,TUR,.0676964312740557
2004,MLT,TUR,.0633874574290055
2005,MLT,TUR,.05754423157239
2006,MLT,TUR,.0685115164768401
2007,MLT,TUR,.0665494464409024
2008,MLT,TUR,.0528361773039104
2009,MLT,TUR,.058418023793803
2010,MLT,TUR,.0710642899044537
2012,MLT,TUR,.0336833426630715
1975,MCO,TUR,
1978,MCO,TUR,
2004,MCO,TUR,
2005,MCO,TUR,
2006,MCO,TUR,
1975,NLD,TUR,
1978,NLD,TUR,
1980,NLD,TUR,
1981,NLD,TUR,
1982,NLD,TUR,
1983,NLD,TUR,
1984,NLD,TUR,
1986,NLD,TUR,
1987,NLD,TUR,
1988,NLD,TUR,
1989,NLD,TUR,
1990,NLD,TUR,
1992,NLD,TUR,
1993,NLD,TUR,
1996,NLD,TUR,.0301979424079898
1997,NLD,TUR,.0125727566104676
1998,NLD,TUR,.0342040001460978
1999,NLD,TUR,.0346956441730549
2000,NLD,TUR,-.0032990787596652
2001,NLD,TUR,.029727265177224
2003,NLD,TUR,.0198385246238847
2004,NLD,TUR,.0155295507788336
2005,NLD,TUR,.0096863249222183
2006,NLD,TUR,.0206536098266685
2007,NLD,TUR,.0186915397907306
2008,NLD,TUR,.0049782706537384
2009,NLD,TUR,.0105601171436323
2010,NLD,TUR,.0232063832542828
2012,NLD,TUR,-.0141745639870999
1975,NOR,TUR,
1978,NOR,TUR,
1980,NOR,TUR,
1981,NOR,TUR,
1982,NOR,TUR,
1983,NOR,TUR,
1984,NOR,TUR,
1985,NOR,TUR,
1986,NOR,TUR,
1987,NOR,TUR,
1988,NOR,TUR,
1989,NOR,TUR,
1990,NOR,TUR,
1991,NOR,TUR,
1992,NOR,TUR,
1993,NOR,TUR,
1995,NOR,TUR,.0510895682729293
1996,NOR,TUR,.06021301958005
1997,NOR,TUR,.0425878337825287
1998,NOR,TUR,.064219077318159
1999,NOR,TUR,.0647107213451157
2000,NOR,TUR,.0267159984123968
2001,NOR,TUR,.0597423423492852
2003,NOR,TUR,.0498536017959451
2004,NOR,TUR,.0455446279508951
2005,NOR,TUR,.0397014020942795
2006,NOR,TUR,.0506686869987295
2007,NOR,TUR,.0487066169627927
2008,NOR,TUR,.034993347825801
2009,NOR,TUR,.0405751943156933
2010,NOR,TUR,.0532214604263437
2012,NOR,TUR,.0158405131849609
1975,PRT,TUR,
1978,PRT,TUR,
1980,PRT,TUR,
1981,PRT,TUR,
1982,PRT,TUR,
1983,PRT,TUR,
1984,PRT,TUR,
1985,PRT,TUR,
1986,PRT,TUR,
1987,PRT,TUR,
1988,PRT,TUR,
1989,PRT,TUR,
1990,PRT,TUR,
1991,PRT,TUR,
1992,PRT,TUR,
1993,PRT,TUR,
1995,PRT,TUR,.1023801169113078
1996,PRT,TUR,.1115035682184286
1997,PRT,TUR,.0938783824209073
1998,PRT,TUR,.1155096259565385
1999,PRT,TUR,.1160012699834946
2001,PRT,TUR,.111032890987664
2003,PRT,TUR,.1011441504343241
2004,PRT,TUR,.0968351765892738
2005,PRT,TUR,.0909919507326584
2006,PRT,TUR,.1019592356371086
2007,PRT,TUR,.0999971656011704
2008,PRT,TUR,.0862838964641789
2009,PRT,TUR,.0918657429540711
2010,PRT,TUR,.1045120090647224
2012,PRT,TUR,.0671310618233394
1975,ESP,TUR,
1978,ESP,TUR,
1980,ESP,TUR,
1981,ESP,TUR,
1982,ESP,TUR,
1983,ESP,TUR,
1984,ESP,TUR,
1985,ESP,TUR,
1986,ESP,TUR,
1987,ESP,TUR,
1988,ESP,TUR,
1989,ESP,TUR,
1990,ESP,TUR,
1991,ESP,TUR,
1992,ESP,TUR,
1993,ESP,TUR,
1995,ESP,TUR,
1996,ESP,TUR,
1997,ESP,TUR,
1998,ESP,TUR,
1999,ESP,TUR,
2000,ESP,TUR,
2001,ESP,TUR,
2002,ESP,TUR,
2003,ESP,TUR,
2004,ESP,TUR,
2005,ESP,TUR,
2006,ESP,TUR,
2007,ESP,TUR,
2008,ESP,TUR,
2009,ESP,TUR,
2010,ESP,TUR,
2012,ESP,TUR,
1975,SWE,TUR,
1978,SWE,TUR,
1980,SWE,TUR,
1981,SWE,TUR,
1982,SWE,TUR,
1983,SWE,TUR,
1984,SWE,TUR,
1985,SWE,TUR,
1986,SWE,TUR,
1987,SWE,TUR,
1988,SWE,TUR,
1989,SWE,TUR,
1990,SWE,TUR,
1991,SWE,TUR,
1992,SWE,TUR,
1993,SWE,TUR,
1995,SWE,TUR,.0396481326341592
1996,SWE,TUR,.0487715839412797
1997,SWE,TUR,.0311463981437585
1998,SWE,TUR,.0527776416793899
1999,SWE,TUR,.0532692857063466
2000,SWE,TUR,.015274562773627
2001,SWE,TUR,.0483009067105157
2002,SWE,TUR,.0350417048854109
2003,SWE,TUR,.0384121661571765
2004,SWE,TUR,.0341031923121256
2005,SWE,TUR,.0282599664555103
2006,SWE,TUR,.0392272513599598
2007,SWE,TUR,.037265181324023
2008,SWE,TUR,.0235519121870308
2009,SWE,TUR,.0291337586769233
2010,SWE,TUR,.0417800247875739
2012,SWE,TUR,.0043990775461915
1975,CHE,TUR,
1978,CHE,TUR,
1980,CHE,TUR,
1981,CHE,TUR,
1982,CHE,TUR,
1983,CHE,TUR,
1984,CHE,TUR,
1985,CHE,TUR,
1986,CHE,TUR,
1987,CHE,TUR,
1988,CHE,TUR,
1989,CHE,TUR,
1990,CHE,TUR,
1991,CHE,TUR,
1992,CHE,TUR,
1993,CHE,TUR,
1996,CHE,TUR,.0343347316344976
1997,CHE,TUR,.016709545836976
1998,CHE,TUR,.0383407893726061
2000,CHE,TUR,.0008377104668442
2002,CHE,TUR,.0206048525786279
2004,CHE,TUR,.019666340005343
2005,CHE,TUR,.0138231141487272
2006,CHE,TUR,.0247903990531773
2007,CHE,TUR,.0228283290172394
2008,CHE,TUR,.009115059880248
2009,CHE,TUR,.0146969063701395
2010,CHE,TUR,.0273431724807911
2012,CHE,TUR,-.0100377747605911
1975,TUR,NLD,
1978,TUR,NLD,
1980,TUR,NLD,
1981,TUR,NLD,
1982,TUR,NLD,
1983,TUR,NLD,
1984,TUR,NLD,
1986,TUR,NLD,
1987,TUR,NLD,
1988,TUR,NLD,
1989,TUR,NLD,
1990,TUR,NLD,
1992,TUR,NLD,
1993,TUR,NLD,
1996,TUR,NLD,-.0167454160823919
1997,TUR,NLD,-.0343706018799127
1998,TUR,NLD,-.0127393583442827
1999,TUR,NLD,-.0122477143173262
2000,TUR,NLD,-.0502424372500451
2001,TUR,NLD,-.0172160933131567
2003,TUR,NLD,-.0271048338664964
2004,TUR,NLD,-.0314138077115465
1975,TUR,GBR,
1978,TUR,GBR,
1980,TUR,GBR,
1981,TUR,GBR,
1982,TUR,GBR,
1983,TUR,GBR,
1984,TUR,GBR,
1985,TUR,GBR,
1986,TUR,GBR,
1987,TUR,GBR,
1988,TUR,GBR,
1989,TUR,GBR,
1990,TUR,GBR,
1991,TUR,GBR,
1992,TUR,GBR,
1993,TUR,GBR,
1995,TUR,GBR,-.132782319039204
1996,TUR,GBR,-.1236588677320837
1997,TUR,GBR,-.1412840535296047
1998,TUR,GBR,-.1196528099939748
1999,TUR,GBR,-.1191611659670179
2000,TUR,GBR,-.1571558888997373
2001,TUR,GBR,-.1241295449628484
2002,TUR,GBR,-.1373887467879526
2003,TUR,GBR,-.1340182855161879
2004,TUR,GBR,-.138327259361238
2005,TUR,GBR,-.1441704852178532
2006,TUR,GBR,-.1332032003134033
2007,TUR,GBR,-.1351652703493409
2008,TUR,GBR,-.1488785394863331
2009,TUR,GBR,-.1432966929964402
2010,TUR,GBR,-.13065042688579
2011,TUR,GBR,-.1398585624985779
2012,TUR,GBR,-.1680313741271721
1975,TUR,ITA,
1978,TUR,ITA,
1980,TUR,ITA,
1983,TUR,ITA,
1984,TUR,ITA,
1985,TUR,ITA,
1987,TUR,ITA,
1988,TUR,ITA,
1989,TUR,ITA,
1990,TUR,ITA,
1991,TUR,ITA,
1992,TUR,ITA,
1993,TUR,ITA,
1997,TUR,ITA,
2011,TUR,ITA,
2012,TUR,ITA,
1975,TUR,FRA,
1978,TUR,FRA,
1980,TUR,FRA,
1981,TUR,FRA,
1983,TUR,FRA,
1984,TUR,FRA,
1985,TUR,FRA,
1986,TUR,FRA,
1987,TUR,FRA,
1988,TUR,FRA,
1989,TUR,FRA,
1990,TUR,FRA,
1991,TUR,FRA,
1992,TUR,FRA,
1993,TUR,FRA,
1995,TUR,FRA,-.1076797494795309
1996,TUR,FRA,-.0985562981724101
1997,TUR,FRA,-.1161814839699312
1998,TUR,FRA,-.0945502404343005
1999,TUR,FRA,-.0940585964073444
2000,TUR,FRA,-.1320533193400632
2001,TUR,FRA,-.0990269754031748
2002,TUR,FRA,-.1122861772282796
2003,TUR,FRA,-.1089157159565145
2004,TUR,FRA,-.1132246898015652
2005,TUR,FRA,-.1190679156581809
2006,TUR,FRA,-.1081006307537305
2007,TUR,FRA,-.1100627007896677
2008,TUR,FRA,-.1237759699266596
2009,TUR,FRA,-.1181941234367673
2010,TUR,FRA,-.1055478573261169
2011,TUR,FRA,-.1147559929389048
2012,TUR,FRA,-.1429288045674992
1975,TUR,LUX,
1978,TUR,LUX,
1980,TUR,LUX,
1981,TUR,LUX,
1982,TUR,LUX,
1983,TUR,LUX,
1984,TUR,LUX,
1985,TUR,LUX,
1986,TUR,LUX,
1987,TUR,LUX,
1988,TUR,LUX,
1989,TUR,LUX,
1990,TUR,LUX,
1991,TUR,LUX,
1992,TUR,LUX,
1993,TUR,LUX,
1975,TUR,CHE,
1978,TUR,CHE,
1980,TUR,CHE,
1981,TUR,CHE,
1982,TUR,CHE,
1983,TUR,CHE,
1984,TUR,CHE,
1985,TUR,CHE,
1986,TUR,CHE,
1987,TUR,CHE,
1988,TUR,CHE,
1989,TUR,CHE,
1990,TUR,CHE,
1991,TUR,CHE,
1992,TUR,CHE,
1993,TUR,CHE,
1996,TUR,CHE,-.0192426675784511
1997,TUR,CHE,-.0368678533759722
1998,TUR,CHE,-.0152366098403418
2000,TUR,CHE,-.0527396887461041
2002,TUR,CHE,-.0329725466343208
2005,TUR,CHE,-.0397542850642213
2006,TUR,CHE,-.0287870001597714
2011,TUR,CHE,-.0354423623449456
1975,TUR,FIN,
1978,TUR,FIN,
1980,TUR,FIN,
1981,TUR,FIN,
1982,TUR,FIN,
1983,TUR,FIN,
1984,TUR,FIN,
1985,TUR,FIN,
1986,TUR,FIN,
1987,TUR,FIN,
1988,TUR,FIN,
1989,TUR,FIN,
1990,TUR,FIN,
1991,TUR,FIN,
1992,TUR,FIN,
1993,TUR,FIN,
1996,TUR,FIN,
1998,TUR,FIN,
2000,TUR,FIN,
2002,TUR,FIN,
2006,TUR,FIN,
2007,TUR,FIN,
2008,TUR,FIN,
2009,TUR,FIN,
2011,TUR,FIN,
1975,TUR,SWE,
1978,TUR,SWE,
1980,TUR,SWE,
1981,TUR,SWE,
1982,TUR,SWE,
1983,TUR,SWE,
1984,TUR,SWE,
1985,TUR,SWE,
1986,TUR,SWE,
1987,TUR,SWE,
1988,TUR,SWE,
1989,TUR,SWE,
1990,TUR,SWE,
1991,TUR,SWE,
1992,TUR,SWE,
1993,TUR,SWE,
1995,TUR,SWE,
1996,TUR,SWE,
1997,TUR,SWE,
1998,TUR,SWE,
1999,TUR,SWE,
2000,TUR,SWE,
2001,TUR,SWE,
2002,TUR,SWE,
2003,TUR,SWE,
2004,TUR,SWE,
2005,TUR,SWE,
2006,TUR,SWE,
2007,TUR,SWE,
2008,TUR,SWE,
2009,TUR,SWE,
2011,TUR,SWE,
2012,TUR,SWE,
1975,TUR,IRL,
1978,TUR,IRL,
1980,TUR,IRL,
1981,TUR,IRL,
1982,TUR,IRL,
1984,TUR,IRL,
1985,TUR,IRL,
1986,TUR,IRL,
1987,TUR,IRL,
1988,TUR,IRL,
1989,TUR,IRL,
1990,TUR,IRL,
1991,TUR,IRL,
1992,TUR,IRL,
1993,TUR,IRL,
1995,TUR,IRL,
1996,TUR,IRL,
1997,TUR,IRL,
1998,TUR,IRL,
1999,TUR,IRL,
2000,TUR,IRL,
2001,TUR,IRL,
2003,TUR,IRL,
2004,TUR,IRL,
2006,TUR,IRL,
2007,TUR,IRL,
2010,TUR,IRL,
2011,TUR,IRL,
2012,TUR,IRL,
1975,TUR,ESP,
1978,TUR,ESP,
1980,TUR,ESP,
1981,TUR,ESP,
1982,TUR,ESP,
1983,TUR,ESP,
1984,TUR,ESP,
1985,TUR,ESP,
1986,TUR,ESP,
1987,TUR,ESP,
1988,TUR,ESP,
1989,TUR,ESP,
1990,TUR,ESP,
1991,TUR,ESP,
1992,TUR,ESP,
1993,TUR,ESP,
1995,TUR,ESP,
1996,TUR,ESP,
1997,TUR,ESP,
1998,TUR,ESP,
1999,TUR,ESP,
2000,TUR,ESP,
2001,TUR,ESP,
2002,TUR,ESP,
2003,TUR,ESP,
2004,TUR,ESP,
2005,TUR,ESP,
2006,TUR,ESP,
2007,TUR,ESP,
2008,TUR,ESP,
2009,TUR,ESP,
2010,TUR,ESP,
2011,TUR,ESP,
2012,TUR,ESP,
1975,TUR,ISR,
1978,TUR,ISR,
1981,TUR,ISR,
1982,TUR,ISR,
1983,TUR,ISR,
1985,TUR,ISR,
1986,TUR,ISR,
1987,TUR,ISR,
1988,TUR,ISR,
1989,TUR,ISR,
1990,TUR,ISR,
1991,TUR,ISR,
1992,TUR,ISR,
1993,TUR,ISR,
1995,TUR,ISR,
1998,TUR,ISR,
1999,TUR,ISR,
2000,TUR,ISR,
2001,TUR,ISR,
2002,TUR,ISR,
2003,TUR,ISR,
2005,TUR,ISR,
2006,TUR,ISR,
2008,TUR,ISR,
2009,TUR,ISR,
2010,TUR,ISR,
1975,TUR,MLT,
1991,TUR,MLT,
1992,TUR,MLT,
1993,TUR,MLT,
1995,TUR,MLT,
1996,TUR,MLT,
1997,TUR,MLT,
1998,TUR,MLT,
1999,TUR,MLT,
2000,TUR,MLT,
2001,TUR,MLT,
2002,TUR,MLT,
2003,TUR,MLT,
2004,TUR,MLT,
2005,TUR,MLT,
2006,TUR,MLT,
2009,TUR,MLT,
2012,TUR,MLT,
1975,TUR,YUG,
1981,TUR,YUG,
1982,TUR,YUG,
1983,TUR,YUG,
1984,TUR,YUG,
1986,TUR,YUG,
1987,TUR,YUG,
1988,TUR,YUG,
1989,TUR,YUG,
1990,TUR,YUG,
1991,TUR,YUG,
1992,TUR,YUG,
1975,TUR,MCO,
1978,TUR,MCO,
1975,TUR,BEL,
1978,TUR,BEL,
1980,TUR,BEL,
1981,TUR,BEL,
1982,TUR,BEL,
1983,TUR,BEL,
1984,TUR,BEL,
1985,TUR,BEL,
1986,TUR,BEL,
1987,TUR,BEL,
1988,TUR,BEL,
1989,TUR,BEL,
1990,TUR,BEL,
1991,TUR,BEL,
1992,TUR,BEL,
1993,TUR,BEL,
1995,TUR,BEL,-.0282136447386176
1996,TUR,BEL,-.0190901934314974
1998,TUR,BEL,-.0150841356933883
1999,TUR,BEL,-.0145924916664315
2000,TUR,BEL,-.0525872145991503
2002,TUR,BEL,-.032820072487366
2003,TUR,BEL,-.0294496112156017
2004,TUR,BEL,-.0337585850606523
2010,TUR,BEL,-.0260817525852035
1975,TUR,PRT,
1978,TUR,PRT,
1980,TUR,PRT,
1981,TUR,PRT,
1982,TUR,PRT,
1983,TUR,PRT,
1984,TUR,PRT,
1985,TUR,PRT,
1986,TUR,PRT,
1987,TUR,PRT,
1988,TUR,PRT,
1989,TUR,PRT,
1990,TUR,PRT,
1991,TUR,PRT,
1992,TUR,PRT,
1993,TUR,PRT,
1995,TUR,PRT,
1996,TUR,PRT,
1997,TUR,PRT,
1998,TUR,PRT,
1999,TUR,PRT,
2001,TUR,PRT,
2003,TUR,PRT,
2008,TUR,PRT,
2009,TUR,PRT,
2010,TUR,PRT,
1975,TUR,DEU,
1978,TUR,DEU,
1980,TUR,DEU,
1981,TUR,DEU,
1982,TUR,DEU,
1983,TUR,DEU,
1984,TUR,DEU,
1985,TUR,DEU,
1986,TUR,DEU,
1987,TUR,DEU,
1988,TUR,DEU,
1989,TUR,DEU,
1990,TUR,DEU,
1991,TUR,DEU,
1992,TUR,DEU,
1993,TUR,DEU,
1995,TUR,DEU,-.1765148831623518
1997,TUR,DEU,-.1850166176527527
1998,TUR,DEU,-.163385374117122
1999,TUR,DEU,-.1628937300901646
2000,TUR,DEU,-.2008884530228843
2001,TUR,DEU,-.1678621090859962
2002,TUR,DEU,-.181121310911101
2003,TUR,DEU,-.1777508496393358
2004,TUR,DEU,-.1820598234843863
2005,TUR,DEU,-.1879030493410013
2006,TUR,DEU,-.1769357644365518
2007,TUR,DEU,-.178897834472489
2008,TUR,DEU,-.192611103609481
2009,TUR,DEU,-.1870292571195884
2010,TUR,DEU,-.1743829910089378
2011,TUR,DEU,-.1835911266217257
2012,TUR,DEU,-.2117639382503202
1975,TUR,NOR,
1978,TUR,NOR,
1980,TUR,NOR,
1981,TUR,NOR,
1982,TUR,NOR,
1983,TUR,NOR,
1984,TUR,NOR,
1985,TUR,NOR,
1986,TUR,NOR,
1987,TUR,NOR,
1988,TUR,NOR,
1989,TUR,NOR,
1990,TUR,NOR,
1991,TUR,NOR,
1992,TUR,NOR,
1993,TUR,NOR,
1995,TUR,NOR,
1996,TUR,NOR,
1997,TUR,NOR,
1998,TUR,NOR,
1999,TUR,NOR,
2000,TUR,NOR,
2001,TUR,NOR,
2003,TUR,NOR,
2004,TUR,NOR,
2005,TUR,NOR,
2006,TUR,NOR,
2008,TUR,NOR,
2009,TUR,NOR,
2010,TUR,NOR,
2012,TUR,NOR,
1975,GBR,TUR,
1978,GBR,TUR,
1980,GBR,TUR,
1981,GBR,TUR,
1982,GBR,TUR,
1983,GBR,TUR,
1984,GBR,TUR,
1985,GBR,TUR,
1986,GBR,TUR,
1987,GBR,TUR,
1988,GBR,TUR,
1989,GBR,TUR,
1990,GBR,TUR,
1991,GBR,TUR,
1992,GBR,TUR,
1993,GBR,TUR,
1995,GBR,TUR,.052144490330497
1996,GBR,TUR,.0612679416376173
1997,GBR,TUR,.0436427558400963
1998,GBR,TUR,.0652739993757268
1999,GBR,TUR,.065765643402684
2000,GBR,TUR,.0277709204699639
2001,GBR,TUR,.0607972644068528
2002,GBR,TUR,.0475380625817481
2003,GBR,TUR,.0509085238535135
2004,GBR,TUR,.0465995500084632
2005,GBR,TUR,.0407563241518474
2006,GBR,TUR,.0517236090562976
2007,GBR,TUR,.0497615390203587
2008,GBR,TUR,.0360482698833681
2009,GBR,TUR,.04163011637326
2010,GBR,TUR,.0542763824839109
2012,GBR,TUR,.0168954352425285
1975,YUG,TUR,
1981,YUG,TUR,
1982,YUG,TUR,
1983,YUG,TUR,
1984,YUG,TUR,
1986,YUG,TUR,
1987,YUG,TUR,
1988,YUG,TUR,
1989,YUG,TUR,
1990,YUG,TUR,
1991,YUG,TUR,
1992,YUG,TUR,
1976,AUT,ISR,
1977,AUT,ISR,
1978,AUT,ISR,
1979,AUT,ISR,
1981,AUT,ISR,
1982,AUT,ISR,
1983,AUT,ISR,
1985,AUT,ISR,
1986,AUT,ISR,
1987,AUT,ISR,
1988,AUT,ISR,
1989,AUT,ISR,
1990,AUT,ISR,
1991,AUT,ISR,
1992,AUT,ISR,
1993,AUT,ISR,
1995,AUT,ISR,
1999,AUT,ISR,
2000,AUT,ISR,
2002,AUT,ISR,
2003,AUT,ISR,
2005,AUT,ISR,
2015,AUT,ISR,.0276804368875346
2016,AUT,ISR,.0201285547895158
2017,AUT,ISR,.007506280757433
2018,AUT,ISR,.0201146422643871
2019,AUT,ISR,.0205825135899131
2021,AUT,ISR,.0175965935135059
2023,AUT,ISR,.0279057358237231
2024,AUT,ISR,.0414738949922519
2025,AUT,ISR,
2026,AUT,ISR,
1976,AUT,GRC,
1977,AUT,GRC,
1978,AUT,GRC,
1979,AUT,GRC,
1980,AUT,GRC,
1981,AUT,GRC,
1983,AUT,GRC,
1985,AUT,GRC,
1987,AUT,GRC,
1988,AUT,GRC,
1989,AUT,GRC,
1990,AUT,GRC,
1991,AUT,GRC,
1992,AUT,GRC,
1993,AUT,GRC,
1994,AUT,GRC,
1995,AUT,GRC,.0355963404671974
1996,AUT,GRC,.0447197917743179
1997,AUT,GRC,.0270946059767965
2002,AUT,GRC,.0309899127184486
2003,AUT,GRC,.0343603739902136
2004,AUT,GRC,.0300514001451632
2005,AUT,GRC,.024208174288548
2007,AUT,GRC,.0332133891570606
2011,AUT,GRC,.028520097007824
2012,AUT,GRC,.0003472853792288
2013,AUT,GRC,.0054376756521418
2014,AUT,GRC,.0239126172486445
2015,AUT,GRC,.0188217326993412
2017,AUT,GRC,-.0013524234307611
2019,AUT,GRC,.0117238094017194
2021,AUT,GRC,.0087378893253124
2022,AUT,GRC,-.0001131879045447
2024,AUT,GRC,.0326151908040579
2025,AUT,GRC,
2026,AUT,GRC,
1976,FRA,GRC,
1977,FRA,GRC,
1978,FRA,GRC,
1979,FRA,GRC,
1980,FRA,GRC,
1981,FRA,GRC,
1983,FRA,GRC,
1985,FRA,GRC,
1987,FRA,GRC,
1988,FRA,GRC,
1989,FRA,GRC,
1990,FRA,GRC,
1991,FRA,GRC,
1992,FRA,GRC,
1993,FRA,GRC,
1994,FRA,GRC,
1995,FRA,GRC,
1996,FRA,GRC,
1997,FRA,GRC,
1998,FRA,GRC,
2001,FRA,GRC,
2002,FRA,GRC,
2003,FRA,GRC,
2004,FRA,GRC,
2005,FRA,GRC,
2006,FRA,GRC,
2007,FRA,GRC,
2008,FRA,GRC,
2009,FRA,GRC,
2010,FRA,GRC,
2011,FRA,GRC,
2012,FRA,GRC,
2013,FRA,GRC,.0349154551420608
2014,FRA,GRC,.0533903967385637
2015,FRA,GRC,.0482995121892605
2017,FRA,GRC,.0281253560591578
2019,FRA,GRC,.0412015888916382
2021,FRA,GRC,.0382156688152314
2022,FRA,GRC,.0293645915853745
2024,FRA,GRC,.062092970293977
2025,FRA,GRC,
2026,FRA,GRC,
1976,GRC,FRA,
1977,GRC,FRA,
1978,GRC,FRA,
1979,GRC,FRA,
1980,GRC,FRA,
1981,GRC,FRA,
1983,GRC,FRA,
1985,GRC,FRA,
1987,GRC,FRA,
1988,GRC,FRA,
1989,GRC,FRA,
1990,GRC,FRA,
1991,GRC,FRA,
1992,GRC,FRA,
1993,GRC,FRA,
1994,GRC,FRA,
1995,GRC,FRA,-.0658490301458712
1996,GRC,FRA,-.0567255788387508
1997,GRC,FRA,-.0743507646362721
1998,GRC,FRA,-.0527195211006415
2001,GRC,FRA,-.0571962560695153
2002,GRC,FRA,-.0704554578946203
2003,GRC,FRA,-.0670849966228551
2004,GRC,FRA,-.0713939704679057
2005,GRC,FRA,-.0772371963245209
2006,GRC,FRA,-.0662699114200709
2007,GRC,FRA,-.0682319814560087
2008,GRC,FRA,-.0819452505930003
2009,GRC,FRA,-.0763634041031077
2010,GRC,FRA,-.063717137992458
2011,GRC,FRA,-.072925273605244
2012,GRC,FRA,-.1010980852338399
2013,GRC,FRA,-.0960076949609267
2014,GRC,FRA,-.0775327533644241
2015,GRC,FRA,-.082623637913728
2016,GRC,FRA,-.0901755200117468
2017,GRC,FRA,-.10279779404383
2018,GRC,FRA,-.0901894325368751
2019,GRC,FRA,-.0897215612113499
2021,GRC,FRA,-.0927074812877571
2022,GRC,FRA,-.1015585585176137
2023,GRC,FRA,-.0823983389775397
2024,GRC,FRA,-.0688301798090106
2025,GRC,FRA,
2026,GRC,FRA,
1976,GRC,AUT,
1977,GRC,AUT,
1978,GRC,AUT,
1979,GRC,AUT,
1980,GRC,AUT,
1981,GRC,AUT,
1983,GRC,AUT,
1985,GRC,AUT,
1987,GRC,AUT,
1988,GRC,AUT,
1989,GRC,AUT,
1990,GRC,AUT,
1991,GRC,AUT,
1992,GRC,AUT,
1993,GRC,AUT,
1994,GRC,AUT,
1995,GRC,AUT,.0129603254897548
1996,GRC,AUT,.0220837767968752
1997,GRC,AUT,.0044585909993538
2002,GRC,AUT,.0083538977410061
2003,GRC,AUT,.011724359012771
2004,GRC,AUT,.0074153851677202
2011,GRC,AUT,.005884082030381
2014,GRC,AUT,.0012766022712023
2015,GRC,AUT,-.0038142822781018
2016,GRC,AUT,-.011366164376121
2017,GRC,AUT,-.0239884384082038
2018,GRC,AUT,-.0113800769012491
2023,GRC,AUT,-.0035889833419132
2024,GRC,AUT,.0099791758266151
2025,GRC,AUT,
2026,GRC,AUT,
1976,ISR,AUT,
1977,ISR,AUT,
1978,ISR,AUT,
1979,ISR,AUT,
1981,ISR,AUT,
1982,ISR,AUT,
1983,ISR,AUT,
1985,ISR,AUT,
1986,ISR,AUT,
1987,ISR,AUT,
1988,ISR,AUT,
1989,ISR,AUT,
1990,ISR,AUT,
1991,ISR,AUT,
1992,ISR,AUT,
1993,ISR,AUT,
1995,ISR,AUT,.0483597076111272
1999,ISR,AUT,.061980860683314
2000,ISR,AUT,.0239861377505945
2002,ISR,AUT,.0437532798623787
2003,ISR,AUT,.0471237411341433
2004,ISR,AUT,.0428147672890931
2011,ISR,AUT,.0412834641517538
2014,ISR,AUT,.0366759843925739
2015,ISR,AUT,.0315850998432713
2016,ISR,AUT,.0240332177452525
2017,ISR,AUT,.0114109437131687
2018,ISR,AUT,.0240193052201237
2023,ISR,AUT,.0318103987794591
2024,ISR,AUT,.0453785579479878
2025,ISR,AUT,
2026,ISR,AUT,
1978,AUT,TUR,
1980,AUT,TUR,
1981,AUT,TUR,
1982,AUT,TUR,
1983,AUT,TUR,
1984,AUT,TUR,
1985,AUT,TUR,
1986,AUT,TUR,
1987,AUT,TUR,
1988,AUT,TUR,
1989,AUT,TUR,
1990,AUT,TUR,
1991,AUT,TUR,
1992,AUT,TUR,
1993,AUT,TUR,
1995,AUT,TUR,.0358330763376557
1996,AUT,TUR,.0449565276447759
1997,AUT,TUR,.0273313418472555
1999,AUT,TUR,.0494542294098421
2000,AUT,TUR,.011459506477123
2002,AUT,TUR,.0312266485889069
2003,AUT,TUR,.0345971098606714
2004,AUT,TUR,.0302881360156215
2005,AUT,TUR,.0244449101590064
2007,AUT,TUR,.033450125027518
2012,AUT,TUR,.0005840212496871
1978,DNK,ISR,
1979,DNK,ISR,
1981,DNK,ISR,
1982,DNK,ISR,
1983,DNK,ISR,
1985,DNK,ISR,
1986,DNK,ISR,
1987,DNK,ISR,
1988,DNK,ISR,
1989,DNK,ISR,
1990,DNK,ISR,
1991,DNK,ISR,
1992,DNK,ISR,
1993,DNK,ISR,
1995,DNK,ISR,.0515455797935482
1999,DNK,ISR,.0651667328657344
2000,DNK,ISR,.0271720099330159
2001,DNK,ISR,.0601983538699039
2002,DNK,ISR,.0469391520447992
2005,DNK,ISR,.0401574136148988
2006,DNK,ISR,.0511246985193481
2008,DNK,ISR,.0354493593464194
2009,DNK,ISR,.0410312058363118
2010,DNK,ISR,.0536774719469626
2015,DNK,ISR,.0347709720256918
2016,DNK,ISR,.0272190899276726
2017,DNK,ISR,.0145968158955895
2018,DNK,ISR,.0272051774025441
2019,DNK,ISR,.0276730487280699
2021,DNK,ISR,.0246871286516628
2023,DNK,ISR,.0349962709618799
2024,DNK,ISR,.0485644301304088
2025,DNK,ISR,
2026,DNK,ISR,
1978,DNK,GRC,
1979,DNK,GRC,
1980,DNK,GRC,
1981,DNK,GRC,
1983,DNK,GRC,
1985,DNK,GRC,
1987,DNK,GRC,
1988,DNK,GRC,
1989,DNK,GRC,
1990,DNK,GRC,
1991,DNK,GRC,
1992,DNK,GRC,
1993,DNK,GRC,
1995,DNK,GRC,.0426868756053543
1997,DNK,GRC,.0341851411149535
2001,DNK,GRC,.0513396496817105
2002,DNK,GRC,.0380804478566059
2004,DNK,GRC,.0371419352833205
2005,DNK,GRC,.0312987094267051
2006,DNK,GRC,.0422659943311554
2007,DNK,GRC,.0403039242952173
2008,DNK,GRC,.0265906551582256
2009,DNK,GRC,.0321725016481182
2010,DNK,GRC,.0448187677587687
2011,DNK,GRC,.0356106321459808
2012,DNK,GRC,.0074378205173862
2013,DNK,GRC,.0125282107902986
2014,DNK,GRC,.031003152386802
2015,DNK,GRC,.0259122678374983
2017,DNK,GRC,.005738111707396
2019,DNK,GRC,.0188143445398762
2021,DNK,GRC,.0158284244634692
2022,DNK,GRC,.0069773472336123
2024,DNK,GRC,.0397057259422149
2025,DNK,GRC,
2026,DNK,GRC,
1978,DNK,TUR,
1980,DNK,TUR,
1981,DNK,TUR,
1982,DNK,TUR,
1983,DNK,TUR,
1984,DNK,TUR,
1985,DNK,TUR,
1986,DNK,TUR,
1987,DNK,TUR,
1988,DNK,TUR,
1989,DNK,TUR,
1990,DNK,TUR,
1991,DNK,TUR,
1992,DNK,TUR,
1993,DNK,TUR,
1995,DNK,TUR,.0429236114758128
1997,DNK,TUR,.034421876985412
1999,DNK,TUR,.0565447645479988
2000,DNK,TUR,.01855004161528
2001,DNK,TUR,.0515763855521686
2002,DNK,TUR,.0383171837270639
2004,DNK,TUR,.0373786711537779
2005,DNK,TUR,.0315354452971628
2006,DNK,TUR,.0425027302016132
2007,DNK,TUR,.0405406601656755
2008,DNK,TUR,.0268273910286836
2009,DNK,TUR,.0324092375185761
2010,DNK,TUR,.0450555036292267
2012,DNK,TUR,.0076745563878445
1978,GRC,DNK,
1979,GRC,DNK,
1980,GRC,DNK,
1981,GRC,DNK,
1983,GRC,DNK,
1985,GRC,DNK,
1987,GRC,DNK,
1988,GRC,DNK,
1989,GRC,DNK,
1990,GRC,DNK,
1991,GRC,DNK,
1992,GRC,DNK,
1993,GRC,DNK,
1995,GRC,DNK,.0733863645042618
1997,GRC,DNK,.0648846300138615
2001,GRC,DNK,.082039138580618
2002,GRC,DNK,.0687799367555138
2005,GRC,DNK,.0619981983256127
2006,GRC,DNK,.0729654832300625
2008,GRC,DNK,.0572901440571331
2009,GRC,DNK,.0628719905470251
2010,GRC,DNK,.0755182566576762
2011,GRC,DNK,.0663101210448887
2012,GRC,DNK,.0381373094162939
2013,GRC,DNK,.0432276996892062
2014,GRC,DNK,.0617026412857095
2017,GRC,DNK,.0364376006063035
2018,GRC,DNK,.0490459621132585
2019,GRC,DNK,.049513833438784
2025,GRC,DNK,
2026,GRC,DNK,
1978,GRC,TUR,
1980,GRC,TUR,
1981,GRC,TUR,
1983,GRC,TUR,
1985,GRC,TUR,
1987,GRC,TUR,
1988,GRC,TUR,
1989,GRC,TUR,
1990,GRC,TUR,
1991,GRC,TUR,
1992,GRC,TUR,
1993,GRC,TUR,
1995,GRC,TUR,.0809561606989411
1996,GRC,TUR,.090079612006062
1997,GRC,TUR,.0724544262085411
1998,GRC,TUR,.094085669744171
2001,GRC,TUR,.0896089347752976
2002,GRC,TUR,.0763497329501925
2003,GRC,TUR,.0797201942219579
2004,GRC,TUR,.075411220376907
2005,GRC,TUR,.0695679945202919
2006,GRC,TUR,.0805352794247416
2007,GRC,TUR,.078573209388804
2008,GRC,TUR,.0648599402518122
2009,GRC,TUR,.070441786741705
2010,GRC,TUR,.0830880528523555
2012,GRC,TUR,.0457071056109731
1978,ISR,DNK,
1979,ISR,DNK,
1981,ISR,DNK,
1982,ISR,DNK,
1983,ISR,DNK,
1985,ISR,DNK,
1986,ISR,DNK,
1987,ISR,DNK,
1988,ISR,DNK,
1989,ISR,DNK,
1990,ISR,DNK,
1991,ISR,DNK,
1992,ISR,DNK,
1993,ISR,DNK,
1995,ISR,DNK,.108785746625634
1999,ISR,DNK,.122406899697822
2000,ISR,DNK,.0844121767651014
2001,ISR,DNK,.1174385207019908
2002,ISR,DNK,.1041793188768859
2005,ISR,DNK,.0973975804469857
2006,ISR,DNK,.1083648653514351
2008,ISR,DNK,.0926895261785053
2009,ISR,DNK,.0982713726683977
2010,ISR,DNK,.1109176387790489
2011,ISR,DNK,.1017095031662614
2012,ISR,DNK,.0735366915376668
2013,ISR,DNK,.0786270818105792
2014,ISR,DNK,.0971020234070823
2017,ISR,DNK,.0718369827276764
2018,ISR,DNK,.0844453442346311
2019,ISR,DNK,.0849132155601565
2025,ISR,DNK,
2026,ISR,DNK,
1978,TUR,GRC,
1980,TUR,GRC,
1981,TUR,GRC,
1983,TUR,GRC,
1985,TUR,GRC,
1987,TUR,GRC,
1988,TUR,GRC,
1989,TUR,GRC,
1990,TUR,GRC,
1991,TUR,GRC,
1992,TUR,GRC,
1993,TUR,GRC,
1995,TUR,GRC,.0388887054948238
1996,TUR,GRC,.0480121568019446
1997,TUR,GRC,.0303869710044231
1998,TUR,GRC,.0520182145400533
2001,TUR,GRC,.0475414795711797
2002,TUR,GRC,.0342822777460748
2003,TUR,GRC,.0376527390178399
2004,TUR,GRC,.0333437651727896
2005,TUR,GRC,.0275005393161742
2006,TUR,GRC,.0384678242206239
2007,TUR,GRC,.0365057541846864
2008,TUR,GRC,.0227924850476946
2009,TUR,GRC,.0283743315375874
2010,TUR,GRC,.0410205976482375
2011,TUR,GRC,.0318124620354499
2012,TUR,GRC,.0036396504068554
1978,TUR,AUT,
1980,TUR,AUT,
1981,TUR,AUT,
1982,TUR,AUT,
1983,TUR,AUT,
1984,TUR,AUT,
1985,TUR,AUT,
1986,TUR,AUT,
1987,TUR,AUT,
1988,TUR,AUT,
1989,TUR,AUT,
1990,TUR,AUT,
1991,TUR,AUT,
1992,TUR,AUT,
1993,TUR,AUT,
1995,TUR,AUT,-.0288703938439048
1996,TUR,AUT,-.0197469425367845
1997,TUR,AUT,-.0373721283343056
1999,TUR,AUT,-.0152492407717185
2000,TUR,AUT,-.0532439637044378
2002,TUR,AUT,-.0334768215926537
2003,TUR,AUT,-.0301063603208885
2004,TUR,AUT,-.0344153341659394
2011,TUR,AUT,-.0359466373032786
1978,TUR,DNK,
1980,TUR,DNK,
1981,TUR,DNK,
1982,TUR,DNK,
1983,TUR,DNK,
1984,TUR,DNK,
1985,TUR,DNK,
1986,TUR,DNK,
1987,TUR,DNK,
1988,TUR,DNK,
1989,TUR,DNK,
1990,TUR,DNK,
1991,TUR,DNK,
1992,TUR,DNK,
1993,TUR,DNK,
1995,TUR,DNK,
1997,TUR,DNK,
1999,TUR,DNK,
2000,TUR,DNK,
2001,TUR,DNK,
2002,TUR,DNK,
2005,TUR,DNK,
2006,TUR,DNK,
2008,TUR,DNK,
2009,TUR,DNK,
2010,TUR,DNK,
2011,TUR,DNK,
2012,TUR,DNK,
1980,AUT,MAR,
1980,BEL,MAR,
1980,DNK,MAR,
1980,FIN,MAR,
1980,FRA,MAR,
1980,DEU,MAR,
1980,GRC,MAR,
1980,IRL,MAR,
1980,ITA,MAR,
1980,LUX,MAR,
1980,MAR,IRL,
1980,MAR,DEU,
1980,MAR,GBR,
1980,MAR,CHE,
1980,MAR,NLD,
1980,MAR,ITA,
1980,MAR,PRT,
1980,MAR,AUT,
1980,MAR,LUX,
1980,MAR,SWE,
1980,MAR,FRA,
1980,MAR,ESP,
1980,MAR,GRC,
1980,MAR,DNK,
1980,MAR,TUR,
1980,MAR,NOR,
1980,MAR,BEL,
1980,MAR,FIN,
1980,NLD,MAR,
1980,NOR,MAR,
1980,PRT,MAR,
1980,ESP,MAR,
1980,SWE,MAR,
1980,CHE,MAR,
1980,TUR,MAR,
1980,GBR,MAR,
1981,AUT,CYP,
1982,AUT,CYP,
1983,AUT,CYP,
1984,AUT,CYP,
1985,AUT,CYP,
1986,AUT,CYP,
1987,AUT,CYP,
1989,AUT,CYP,
1990,AUT,CYP,
1991,AUT,CYP,
1992,AUT,CYP,
1993,AUT,CYP,
1994,AUT,CYP,
1995,AUT,CYP,
1996,AUT,CYP,
1997,AUT,CYP,
1999,AUT,CYP,
2000,AUT,CYP,
2002,AUT,CYP,
2003,AUT,CYP,
2004,AUT,CYP,
2005,AUT,CYP,
2012,AUT,CYP,-.0015660981789018
2015,AUT,CYP,.0169083491412111
2016,AUT,CYP,.0093564670431906
2017,AUT,CYP,-.0032658069888921
2018,AUT,CYP,.0093425545180634
2019,AUT,CYP,.0098104258435884
2021,AUT,CYP,.0068245057671807
2023,AUT,CYP,.017133648077398
2024,AUT,CYP,.0307018072459274
2026,AUT,CYP,
1981,BEL,CYP,
1982,BEL,CYP,
1983,BEL,CYP,
1984,BEL,CYP,
1985,BEL,CYP,
1986,BEL,CYP,
1987,BEL,CYP,
1989,BEL,CYP,
1990,BEL,CYP,
1991,BEL,CYP,
1992,BEL,CYP,
1993,BEL,CYP,
1995,BEL,CYP,
1996,BEL,CYP,
1998,BEL,CYP,
1999,BEL,CYP,
2000,BEL,CYP,
2002,BEL,CYP,
2003,BEL,CYP,
2004,BEL,CYP,
2005,BEL,CYP,
2010,BEL,CYP,.0237861203758363
2012,BEL,CYP,-.0135948268655464
2015,BEL,CYP,.0048796204545654
2016,BEL,CYP,-.0026722616434538
2017,BEL,CYP,-.0152945356755363
2018,BEL,CYP,-.0026861741685816
2019,BEL,CYP,-.0022183028430565
2021,BEL,CYP,-.0052042229194634
2023,BEL,CYP,.0051049193907536
2024,BEL,CYP,.0186730785592825
2026,BEL,CYP,
1981,CYP,GBR,
1982,CYP,GBR,
1983,CYP,GBR,
1984,CYP,GBR,
1985,CYP,GBR,
1986,CYP,GBR,
1987,CYP,GBR,
1989,CYP,GBR,
1990,CYP,GBR,
1991,CYP,GBR,
1992,CYP,GBR,
1993,CYP,GBR,
1994,CYP,GBR,
1995,CYP,GBR,-.0880721359525688
1996,CYP,GBR,-.0789486846454483
1997,CYP,GBR,-.0965738704429685
1998,CYP,GBR,-.074942626907339
1999,CYP,GBR,-.0744509828803818
2000,CYP,GBR,-.1124457058131012
2002,CYP,GBR,-.0926785637013168
2003,CYP,GBR,-.0893081024295516
2004,CYP,GBR,-.0936170762746028
2005,CYP,GBR,-.0994603021312175
2006,CYP,GBR,-.0884930172267681
2007,CYP,GBR,-.0904550872627059
2008,CYP,GBR,-.1041683563996973
2009,CYP,GBR,-.0985865099098047
2010,CYP,GBR,-.0859402437991538
2011,CYP,GBR,-.095148379411942
2012,CYP,GBR,-.123321191040537
2013,CYP,GBR,-.1182308007676239
2015,CYP,GBR,-.1048467437204249
2016,CYP,GBR,-.1123986258184446
2017,CYP,GBR,-.1250208998505273
2018,CYP,GBR,-.1124125383435721
2019,CYP,GBR,-.1119446670180469
2021,CYP,GBR,-.114930587094454
2022,CYP,GBR,-.12378166432431
2023,CYP,GBR,-.1046214447842362
2024,CYP,GBR,-.0910532856157084
2025,CYP,GBR,
2026,CYP,GBR,
1981,CYP,DEU,
1982,CYP,DEU,
1983,CYP,DEU,
1984,CYP,DEU,
1985,CYP,DEU,
1986,CYP,DEU,
1987,CYP,DEU,
1989,CYP,DEU,
1990,CYP,DEU,
1991,CYP,DEU,
1992,CYP,DEU,
1993,CYP,DEU,
1994,CYP,DEU,
1995,CYP,DEU,-.1318047000757163
1997,CYP,DEU,-.1403064345661165
1998,CYP,DEU,-.1186751910304867
1999,CYP,DEU,-.1181835470035298
2000,CYP,DEU,-.1561782699362488
2002,CYP,DEU,-.1364111278244648
2003,CYP,DEU,-.1330406665526995
2004,CYP,DEU,-.1373496403977505
2005,CYP,DEU,-.1431928662543663
2006,CYP,DEU,-.1322255813499163
2007,CYP,DEU,-.134187651385853
2008,CYP,DEU,-.1479009205228456
2009,CYP,DEU,-.1423190740329525
2010,CYP,DEU,-.1296728079223021
2011,CYP,DEU,-.1388809435350902
2012,CYP,DEU,-.1670537551636845
2013,CYP,DEU,-.1619633648907717
2015,CYP,DEU,-.1485793078435732
2016,CYP,DEU,-.1561311899415924
2017,CYP,DEU,-.1687534639736751
2018,CYP,DEU,-.1561451024667197
2019,CYP,DEU,-.155677231141195
2021,CYP,DEU,-.1586631512176019
2022,CYP,DEU,-.1675142284474585
2023,CYP,DEU,-.1483540089073843
2024,CYP,DEU,-.134785849738856
2025,CYP,DEU,
2026,CYP,DEU,
1981,CYP,FRA,
1983,CYP,FRA,
1984,CYP,FRA,
1985,CYP,FRA,
1986,CYP,FRA,
1987,CYP,FRA,
1989,CYP,FRA,
1990,CYP,FRA,
1991,CYP,FRA,
1992,CYP,FRA,
1993,CYP,FRA,
1994,CYP,FRA,
1995,CYP,FRA,-.0629695663928951
1996,CYP,FRA,-.0538461150857742
1997,CYP,FRA,-.0714713008832963
1998,CYP,FRA,-.0498400573476651
1999,CYP,FRA,-.0493484133207084
2000,CYP,FRA,-.0873431362534276
2002,CYP,FRA,-.0675759941416436
2003,CYP,FRA,-.0642055328698791
2004,CYP,FRA,-.0685145067149297
2005,CYP,FRA,-.0743577325715446
2006,CYP,FRA,-.0633904476670949
2007,CYP,FRA,-.065352517703032
2008,CYP,FRA,-.079065786840024
2009,CYP,FRA,-.0734839403501314
2010,CYP,FRA,-.0608376742394812
2011,CYP,FRA,-.0700458098522685
2012,CYP,FRA,-.0982186214808636
2013,CYP,FRA,-.0931282312079506
2015,CYP,FRA,-.0797441741607518
2016,CYP,FRA,-.0872960562587702
2017,CYP,FRA,-.0999183302908545
2018,CYP,FRA,-.0873099687838988
2019,CYP,FRA,-.0868420974583731
2021,CYP,FRA,-.089828017534781
2022,CYP,FRA,-.0986790947646371
2023,CYP,FRA,-.079518875224563
2024,CYP,FRA,-.0659507160560343
2025,CYP,FRA,
2026,CYP,FRA,
1981,CYP,CHE,
1982,CYP,CHE,
1983,CYP,CHE,
1984,CYP,CHE,
1985,CYP,CHE,
1986,CYP,CHE,
1987,CYP,CHE,
1989,CYP,CHE,
1990,CYP,CHE,
1991,CYP,CHE,
1992,CYP,CHE,
1993,CYP,CHE,
1994,CYP,CHE,
1996,CYP,CHE,.0254675155081849
1997,CYP,CHE,.007842329710663
1998,CYP,CHE,.0294735732462935
2000,CYP,CHE,-.0080295056594691
2002,CYP,CHE,.0117376364523147
2005,CYP,CHE,.0049558980224145
2006,CYP,CHE,.0159231829268643
2011,CYP,CHE,.0092678207416904
2019,CYP,CHE,-.0075284668644139
2021,CYP,CHE,-.0105143869408219
2022,CYP,CHE,-.019365464170678
2023,CYP,CHE,-.0002052446306041
2024,CYP,CHE,.0133629145379238
2025,CYP,CHE,
1981,CYP,IRL,
1982,CYP,IRL,
1984,CYP,IRL,
1985,CYP,IRL,
1986,CYP,IRL,
1987,CYP,IRL,
1989,CYP,IRL,
1990,CYP,IRL,
1991,CYP,IRL,
1992,CYP,IRL,
1993,CYP,IRL,
1994,CYP,IRL,
1995,CYP,IRL,.0366598524754398
1996,CYP,IRL,.0457833037825601
1997,CYP,IRL,.0281581179850395
1998,CYP,IRL,.0497893615206697
1999,CYP,IRL,.050281005547627
2000,CYP,IRL,.0122862826149077
2003,CYP,IRL,.0354238859984559
2004,CYP,IRL,.0311149121534057
2006,CYP,IRL,.0362389712012404
2007,CYP,IRL,.0342769011653032
2010,CYP,IRL,.0387917446288541
2011,CYP,IRL,.0295836090160663
2012,CYP,IRL,.0014107973874718
2013,CYP,IRL,.0065011876603849
2018,CYP,IRL,.0123194500844367
2024,CYP,IRL,.0336787028123001
1981,CYP,ISR,
1982,CYP,ISR,
1983,CYP,ISR,
1985,CYP,ISR,
1986,CYP,ISR,
1987,CYP,ISR,
1989,CYP,ISR,
1990,CYP,ISR,
1991,CYP,ISR,
1992,CYP,ISR,
1993,CYP,ISR,
1995,CYP,ISR,.092457592769653
1998,CYP,ISR,.1055871018148815
1999,CYP,ISR,.1060787458418382
2000,CYP,ISR,.0680840229091204
2002,CYP,ISR,.0878511650209042
2003,CYP,ISR,.0912216262926693
2005,CYP,ISR,.0810694265910033
2006,CYP,ISR,.0920367114954535
2008,CYP,ISR,.0763613723225237
2009,CYP,ISR,.0819432188124161
2010,CYP,ISR,.0945894849230672
2015,CYP,ISR,.0756829850017959
2016,CYP,ISR,.0681311029037781
2017,CYP,ISR,.0555088288716944
2018,CYP,ISR,.0681171903786488
2019,CYP,ISR,.0685850617041744
2021,CYP,ISR,.0655991416277675
2023,CYP,ISR,.0759082839379838
2024,CYP,ISR,.0894764431065133
2025,CYP,ISR,
2026,CYP,ISR,
1981,CYP,GRC,
1983,CYP,GRC,
1985,CYP,GRC,
1987,CYP,GRC,
1989,CYP,GRC,
1990,CYP,GRC,
1991,CYP,GRC,
1992,CYP,GRC,
1993,CYP,GRC,
1994,CYP,GRC,
1995,CYP,GRC,.083598888581458
1996,CYP,GRC,.0927223398885798
1997,CYP,GRC,.0750971540910574
1998,CYP,GRC,.096728397626688
2002,CYP,GRC,.0789924608327105
2003,CYP,GRC,.0823629221044755
2004,CYP,GRC,.0780539482594245
2005,CYP,GRC,.0722107224028096
2006,CYP,GRC,.0831780073072586
2007,CYP,GRC,.0812159372713206
2008,CYP,GRC,.0675026681343298
2009,CYP,GRC,.0730845146242212
2010,CYP,GRC,.0857307807348726
2011,CYP,GRC,.0765226451220854
2012,CYP,GRC,.0483498334934901
2013,CYP,GRC,.0534402237664028
2015,CYP,GRC,.0668242808136029
2017,CYP,GRC,.0466501246834997
2019,CYP,GRC,.0597263575159798
2021,CYP,GRC,.056740437439573
2022,CYP,GRC,.0478893602097162
2024,CYP,GRC,.0806177389183196
2025,CYP,GRC,
2026,CYP,GRC,
1981,CYP,NLD,
1982,CYP,NLD,
1983,CYP,NLD,
1984,CYP,NLD,
1986,CYP,NLD,
1987,CYP,NLD,
1989,CYP,NLD,
1990,CYP,NLD,
1992,CYP,NLD,
1993,CYP,NLD,
1994,CYP,NLD,
1996,CYP,NLD,.0279647670042434
1997,CYP,NLD,.0103395812067233
1998,CYP,NLD,.0319708247423531
1999,CYP,NLD,.0324624687693102
2000,CYP,NLD,-.0055322541634095
2003,CYP,NLD,.01760534922014
2004,CYP,NLD,.0132963753750892
2013,CYP,NLD,-.0113173491179324
2016,CYP,NLD,-.0054851741687524
2017,CYP,NLD,-.018107448200835
2018,CYP,NLD,-.0054990866938804
2019,CYP,NLD,-.005031215368355
2021,CYP,NLD,-.0080171354447623
2022,CYP,NLD,-.0168682126746188
2025,CYP,NLD,
1981,CYP,SWE,
1982,CYP,SWE,
1983,CYP,SWE,
1984,CYP,SWE,
1985,CYP,SWE,
1986,CYP,SWE,
1987,CYP,SWE,
1989,CYP,SWE,
1990,CYP,SWE,
1991,CYP,SWE,
1992,CYP,SWE,
1993,CYP,SWE,
1994,CYP,SWE,
1995,CYP,SWE,.1525589249383685
1996,CYP,SWE,.1616823762454886
1997,CYP,SWE,.1440571904479677
1998,CYP,SWE,.1656884339835982
1999,CYP,SWE,.1661800780105547
2000,CYP,SWE,.1281853550778356
2002,CYP,SWE,.1479524971896194
2003,CYP,SWE,.1513229584613842
2004,CYP,SWE,.1470139846163334
2005,CYP,SWE,.1411707587597182
2006,CYP,SWE,.1521380436641683
2007,CYP,SWE,.1501759736282316
2008,CYP,SWE,.1364627044912395
2009,CYP,SWE,.1420445509811316
2011,CYP,SWE,.1454826814789946
2012,CYP,SWE,.1173098698503993
2013,CYP,SWE,.1224002601233123
2015,CYP,SWE,.1357843171705123
2016,CYP,SWE,.1282324350724928
2017,CYP,SWE,.1156101610404099
2018,CYP,SWE,.1282185225473643
2019,CYP,SWE,.1286863938728892
2021,CYP,SWE,.1257004737964829
2022,CYP,SWE,.1168493965666256
2023,CYP,SWE,.1360096161067003
2024,CYP,SWE,.1495777752752289
2025,CYP,SWE,
2026,CYP,SWE,
1981,CYP,LUX,
1982,CYP,LUX,
1983,CYP,LUX,
1984,CYP,LUX,
1985,CYP,LUX,
1986,CYP,LUX,
1987,CYP,LUX,
1989,CYP,LUX,
1990,CYP,LUX,
1991,CYP,LUX,
1992,CYP,LUX,
1993,CYP,LUX,
2024,CYP,LUX,-.0125149880380753
2025,CYP,LUX,
1981,CYP,DNK,
1982,CYP,DNK,
1983,CYP,DNK,
1984,CYP,DNK,
1985,CYP,DNK,
1986,CYP,DNK,
1987,CYP,DNK,
1989,CYP,DNK,
1990,CYP,DNK,
1991,CYP,DNK,
1992,CYP,DNK,
1993,CYP,DNK,
1995,CYP,DNK,.0762658282572379
1997,CYP,DNK,.0677640937668375
1999,CYP,DNK,.0898869813294257
2000,CYP,DNK,.0518922583967049
2002,CYP,DNK,.0716594005084895
2005,CYP,DNK,.0648776620785889
2006,CYP,DNK,.0758449469830382
2008,CYP,DNK,.0601696078101096
2009,CYP,DNK,.0657514543000019
2010,CYP,DNK,.0783977204106523
2011,CYP,DNK,.0691895847978649
2012,CYP,DNK,.0410167731692698
2013,CYP,DNK,.0461071634421825
2017,CYP,DNK,.0393170643592795
2018,CYP,DNK,.0519254258662353
2019,CYP,DNK,.0523932971917603
2025,CYP,DNK,
2026,CYP,DNK,
1981,CYP,BEL,
1982,CYP,BEL,
1983,CYP,BEL,
1984,CYP,BEL,
1985,CYP,BEL,
1986,CYP,BEL,
1987,CYP,BEL,
1989,CYP,BEL,
1990,CYP,BEL,
1991,CYP,BEL,
1992,CYP,BEL,
1993,CYP,BEL,
1995,CYP,BEL,.0164965383480174
1996,CYP,BEL,.0256199896551385
1998,CYP,BEL,.029626047393248
1999,CYP,BEL,.0301176914202049
2000,CYP,BEL,-.0078770315125151
2002,CYP,BEL,.0118901105992692
2003,CYP,BEL,.0152605718710341
2004,CYP,BEL,.0109515980259836
2010,CYP,BEL,.0186284305014322
2013,CYP,BEL,-.0136621264670376
2015,CYP,BEL,-.0002780694198382
2016,CYP,BEL,-.0078299515178576
2017,CYP,BEL,-.0204522255499411
2021,CYP,BEL,-.010361912793868
2022,CYP,BEL,-.0192129900237241
2023,CYP,BEL,-.00005277048365
2026,CYP,BEL,
1981,CYP,ESP,
1982,CYP,ESP,
1983,CYP,ESP,
1984,CYP,ESP,
1985,CYP,ESP,
1986,CYP,ESP,
1987,CYP,ESP,
1989,CYP,ESP,
1990,CYP,ESP,
1991,CYP,ESP,
1992,CYP,ESP,
1993,CYP,ESP,
1994,CYP,ESP,
1995,CYP,ESP,-.0572725663537669
1996,CYP,ESP,-.0481491150466452
1997,CYP,ESP,-.0657743008441672
1998,CYP,ESP,-.0441430573085362
1999,CYP,ESP,-.0436514132815798
2000,CYP,ESP,-.0816461362142992
2002,CYP,ESP,-.0618789941025145
2003,CYP,ESP,-.0585085328307502
2004,CYP,ESP,-.0628175066758003
2005,CYP,ESP,-.0686607325324155
2006,CYP,ESP,-.0576934476279664
2007,CYP,ESP,-.0596555176639036
2008,CYP,ESP,-.0733687868008943
2009,CYP,ESP,-.0677869403110026
2010,CYP,ESP,-.0551406742003518
2011,CYP,ESP,-.0643488098131396
2012,CYP,ESP,-.0925216214417335
2013,CYP,ESP,-.0874312311688221
2015,CYP,ESP,-.0740471741216223
2016,CYP,ESP,-.0815990562196421
2017,CYP,ESP,-.094221330251725
2018,CYP,ESP,-.0816129687447695
2019,CYP,ESP,-.0811450974192443
2021,CYP,ESP,-.0841310174956521
2022,CYP,ESP,-.0929820947255074
2023,CYP,ESP,-.0738218751854343
2024,CYP,ESP,-.0602537160169059
2025,CYP,ESP,
1981,CYP,YUG,
1982,CYP,YUG,
1983,CYP,YUG,
1984,CYP,YUG,
1986,CYP,YUG,
1987,CYP,YUG,
1989,CYP,YUG,
1990,CYP,YUG,
1991,CYP,YUG,
1992,CYP,YUG,
1981,CYP,FIN,
1982,CYP,FIN,
1983,CYP,FIN,
1984,CYP,FIN,
1985,CYP,FIN,
1986,CYP,FIN,
1987,CYP,FIN,
1989,CYP,FIN,
1990,CYP,FIN,
1991,CYP,FIN,
1992,CYP,FIN,
1993,CYP,FIN,
1994,CYP,FIN,
1996,CYP,FIN,.0090874042076054
1998,CYP,FIN,.0130934619457138
2000,CYP,FIN,-.0244096169600481
2002,CYP,FIN,-.0046424748482641
2006,CYP,FIN,-.0004569283737154
2007,CYP,FIN,-.0024189984096528
2008,CYP,FIN,-.0161322675466444
2009,CYP,FIN,-.0105504210567516
2011,CYP,FIN,-.0071122905588891
2013,CYP,FIN,-.0301947119145709
2018,CYP,FIN,-.0243764494905191
2021,CYP,FIN,-.0268944982414014
2022,CYP,FIN,-.0357455754712572
2023,CYP,FIN,-.016585355931183
2024,CYP,FIN,-.0030171967626552
2025,CYP,FIN,
2026,CYP,FIN,
1981,CYP,AUT,
1982,CYP,AUT,
1983,CYP,AUT,
1984,CYP,AUT,
1985,CYP,AUT,
1986,CYP,AUT,
1987,CYP,AUT,
1989,CYP,AUT,
1990,CYP,AUT,
1991,CYP,AUT,
1992,CYP,AUT,
1993,CYP,AUT,
1994,CYP,AUT,
1995,CYP,AUT,.0158397892427312
1996,CYP,AUT,.0249632405498513
1997,CYP,AUT,.0073380547523305
1999,CYP,AUT,.0294609423149172
2000,CYP,AUT,-.0085337806178018
2002,CYP,AUT,.0112333614939824
2003,CYP,AUT,.0146038227657479
2004,CYP,AUT,.0102948489206968
2011,CYP,AUT,.0087635457833567
2015,CYP,AUT,-.0009348185251256
2016,CYP,AUT,-.0084867006231449
2017,CYP,AUT,-.0211089746552282
2018,CYP,AUT,-.0085006131482727
2023,CYP,AUT,-.0007095195889368
2024,CYP,AUT,.0128586395795913
2025,CYP,AUT,
2026,CYP,AUT,
1981,CYP,TUR,
1982,CYP,TUR,
1983,CYP,TUR,
1984,CYP,TUR,
1985,CYP,TUR,
1986,CYP,TUR,
1987,CYP,TUR,
1989,CYP,TUR,
1990,CYP,TUR,
1991,CYP,TUR,
1992,CYP,TUR,
1993,CYP,TUR,
1995,CYP,TUR,.0838356244519179
1996,CYP,TUR,.0929590757590376
1997,CYP,TUR,.075333889961517
1998,CYP,TUR,.0969651334971468
1999,CYP,TUR,.0974567775241038
2000,CYP,TUR,.0594620545913848
2002,CYP,TUR,.0792291967031687
2003,CYP,TUR,.0825996579749343
2004,CYP,TUR,.0782906841298828
2005,CYP,TUR,.072447458273268
2006,CYP,TUR,.0834147431777182
2007,CYP,TUR,.0814526731417808
2008,CYP,TUR,.0677394040047885
2009,CYP,TUR,.0733212504946811
2010,CYP,TUR,.0859675166053317
2012,CYP,TUR,.0485865693639489
1981,CYP,PRT,
1982,CYP,PRT,
1983,CYP,PRT,
1984,CYP,PRT,
1985,CYP,PRT,
1986,CYP,PRT,
1987,CYP,PRT,
1989,CYP,PRT,
1990,CYP,PRT,
1991,CYP,PRT,
1992,CYP,PRT,
1993,CYP,PRT,
1994,CYP,PRT,
1995,CYP,PRT,.0549669699320215
1996,CYP,PRT,.064090421239142
1997,CYP,PRT,.0464652354416215
1998,CYP,PRT,.0680964789772514
1999,CYP,PRT,.0685881230042087
2003,CYP,PRT,.0537310034550387
2008,CYP,PRT,.0388707494848933
2009,CYP,PRT,.0444525959747855
2010,CYP,PRT,.0570988620854355
2017,CYP,PRT,.0180182060340629
2018,CYP,PRT,.0306265675410179
2021,CYP,PRT,.0281085187901359
2022,CYP,PRT,.0192574415602799
2023,CYP,PRT,.0384176611003535
2024,CYP,PRT,.0519858202688825
2025,CYP,PRT,
1981,CYP,NOR,
1982,CYP,NOR,
1983,CYP,NOR,
1984,CYP,NOR,
1985,CYP,NOR,
1986,CYP,NOR,
1987,CYP,NOR,
1989,CYP,NOR,
1990,CYP,NOR,
1991,CYP,NOR,
1992,CYP,NOR,
1993,CYP,NOR,
1994,CYP,NOR,
1995,CYP,NOR,.0664570063956686
1996,CYP,NOR,.0755804577027887
1997,CYP,NOR,.0579552719052676
1998,CYP,NOR,.0795865154408986
1999,CYP,NOR,.080078159467855
2000,CYP,NOR,.0420834365351364
2003,CYP,NOR,.0652210399186851
2004,CYP,NOR,.0609120660736343
2005,CYP,NOR,.0550688402170195
2006,CYP,NOR,.066036125121469
2008,CYP,NOR,.0503607859485393
2009,CYP,NOR,.055942632438431
2010,CYP,NOR,.0685888985490827
2012,CYP,NOR,.0312079513077001
2013,CYP,NOR,.0362983415806128
2015,CYP,NOR,.0496823986278118
2017,CYP,NOR,.0295082424977096
2018,CYP,NOR,.0421166040046643
2019,CYP,NOR,.04258447533019
2021,CYP,NOR,.0395985552537831
2022,CYP,NOR,.0307474780239264
2023,CYP,NOR,.0499076975640005
2024,CYP,NOR,.063475856732529
2025,CYP,NOR,
2026,CYP,NOR,
1981,DNK,CYP,
1982,DNK,CYP,
1983,DNK,CYP,
1984,DNK,CYP,
1985,DNK,CYP,
1986,DNK,CYP,
1987,DNK,CYP,
1989,DNK,CYP,
1990,DNK,CYP,
1991,DNK,CYP,
1992,DNK,CYP,
1993,DNK,CYP,
1995,DNK,CYP,.0407734920472232
1997,DNK,CYP,.0322717575568228
1999,DNK,CYP,.0543946451194101
2000,DNK,CYP,.0163999221866907
2002,DNK,CYP,.0361670642984744
2004,DNK,CYP,.0352285517251893
2005,DNK,CYP,.0293853258685741
2010,DNK,CYP,.0429053842006375
2012,DNK,CYP,.0055244369592549
2015,DNK,CYP,.0239988842793672
2016,DNK,CYP,.0164470021813485
2017,DNK,CYP,.0038247281492649
2018,DNK,CYP,.0164330896562199
2019,DNK,CYP,.0169009609817454
2021,DNK,CYP,.0139150409053375
2023,DNK,CYP,.0242241832155558
2024,DNK,CYP,.0377923423840837
2026,DNK,CYP,
1981,FIN,CYP,
1982,FIN,CYP,
1983,FIN,CYP,
1984,FIN,CYP,
1985,FIN,CYP,
1986,FIN,CYP,
1987,FIN,CYP,
1989,FIN,CYP,
1990,FIN,CYP,
1991,FIN,CYP,
1992,FIN,CYP,
1993,FIN,CYP,
1994,FIN,CYP,
1996,FIN,CYP,.0530283547196818
1998,FIN,CYP,.0570344124577906
2000,FIN,CYP,.0195313335520284
2002,FIN,CYP,.0392984756638121
2004,FIN,CYP,.0383599630905273
2005,FIN,CYP,.0325167372339116
2010,FIN,CYP,.046036795565975
2012,FIN,CYP,.0086558483245935
2015,FIN,CYP,.0271302956447045
2016,FIN,CYP,.0195784135466855
2017,FIN,CYP,.0069561395146024
2018,FIN,CYP,.0195645010215576
2019,FIN,CYP,.020032372347083
2021,FIN,CYP,.0170464522706757
2023,FIN,CYP,.0273555945808927
2024,FIN,CYP,.0409237537494218
2026,FIN,CYP,
1981,FRA,CYP,
1983,FRA,CYP,
1984,FRA,CYP,
1985,FRA,CYP,
1986,FRA,CYP,
1987,FRA,CYP,
1989,FRA,CYP,
1990,FRA,CYP,
1991,FRA,CYP,
1992,FRA,CYP,
1993,FRA,CYP,
1994,FRA,CYP,
1995,FRA,CYP,
1996,FRA,CYP,
1997,FRA,CYP,
1998,FRA,CYP,
1999,FRA,CYP,
2000,FRA,CYP,
2002,FRA,CYP,
2003,FRA,CYP,
2004,FRA,CYP,
2005,FRA,CYP,
2010,FRA,CYP,
2012,FRA,CYP,
2015,FRA,CYP,.046386128631129
2016,FRA,CYP,.0388342465331102
2017,FRA,CYP,.026211972501027
2018,FRA,CYP,.0388203340079821
2019,FRA,CYP,.039288205333507
2021,FRA,CYP,.0363022852571004
2023,FRA,CYP,.0466114275673175
2024,FRA,CYP,.0601795867358456
2026,FRA,CYP,
1981,DEU,CYP,
1982,DEU,CYP,
1983,DEU,CYP,
1984,DEU,CYP,
1985,DEU,CYP,
1986,DEU,CYP,
1987,DEU,CYP,
1989,DEU,CYP,
1990,DEU,CYP,
1991,DEU,CYP,
1992,DEU,CYP,
1993,DEU,CYP,
1994,DEU,CYP,
1995,DEU,CYP,
1997,DEU,CYP,
1998,DEU,CYP,
1999,DEU,CYP,
2000,DEU,CYP,
2002,DEU,CYP,
2003,DEU,CYP,
2004,DEU,CYP,
2005,DEU,CYP,
2010,DEU,CYP,
2012,DEU,CYP,
2015,DEU,CYP,
2016,DEU,CYP,
2017,DEU,CYP,
2018,DEU,CYP,
2019,DEU,CYP,
2021,DEU,CYP,-.0175742204511436
2023,DEU,CYP,-.0072650781409259
2024,DEU,CYP,.0063030810276026
2026,DEU,CYP,
1981,GRC,CYP,
1983,GRC,CYP,
1985,GRC,CYP,
1987,GRC,CYP,
1989,GRC,CYP,
1990,GRC,CYP,
1991,GRC,CYP,
1992,GRC,CYP,
1993,GRC,CYP,
1994,GRC,CYP,
1995,GRC,CYP,.0788060412703525
1996,GRC,CYP,.0879294925774733
1997,GRC,CYP,.0703043067799515
1998,GRC,CYP,.0919355503155814
2002,GRC,CYP,.0741996135216036
2003,GRC,CYP,.0775700747933697
2004,GRC,CYP,.0732611009483181
2005,GRC,CYP,.0674178750917023
2010,GRC,CYP,.0809379334237663
2012,GRC,CYP,.0435569861823842
2015,GRC,CYP,.0620314335024955
2016,GRC,CYP,.0544795514044765
2017,GRC,CYP,.0418572773723935
2018,GRC,CYP,.054465638879349
2019,GRC,CYP,.0549335102048742
2021,GRC,CYP,.0519475901284669
2023,GRC,CYP,.0622567324386842
2024,GRC,CYP,.0758248916072129
2026,GRC,CYP,
1981,IRL,CYP,
1982,IRL,CYP,
1984,IRL,CYP,
1985,IRL,CYP,
1986,IRL,CYP,
1987,IRL,CYP,
1989,IRL,CYP,
1990,IRL,CYP,
1991,IRL,CYP,
1992,IRL,CYP,
1993,IRL,CYP,
1994,IRL,CYP,
1995,IRL,CYP,
1996,IRL,CYP,
1997,IRL,CYP,
1998,IRL,CYP,
1999,IRL,CYP,
2000,IRL,CYP,
2003,IRL,CYP,
2004,IRL,CYP,
2005,IRL,CYP,
2010,IRL,CYP,.0749112166711201
2012,IRL,CYP,.0375302694297375
2015,IRL,CYP,.0560047167498495
2016,IRL,CYP,.0484528346518306
2017,IRL,CYP,.0358305606197472
2018,IRL,CYP,.0484389221267039
2019,IRL,CYP,.0489067934522276
2021,IRL,CYP,.0459208733758204
2023,IRL,CYP,.056230015686038
2024,IRL,CYP,.0697981748545662
1981,ISR,CYP,
1982,ISR,CYP,
1983,ISR,CYP,
1985,ISR,CYP,
1986,ISR,CYP,
1987,ISR,CYP,
1989,ISR,CYP,
1990,ISR,CYP,
1991,ISR,CYP,
1992,ISR,CYP,
1993,ISR,CYP,
1995,ISR,CYP,
1998,ISR,CYP,
1999,ISR,CYP,
2000,ISR,CYP,
2002,ISR,CYP,
2003,ISR,CYP,
2004,ISR,CYP,
2005,ISR,CYP,
2010,ISR,CYP,
2012,ISR,CYP,
2015,ISR,CYP,
2016,ISR,CYP,
2017,ISR,CYP,
2018,ISR,CYP,
2019,ISR,CYP,
2021,ISR,CYP,
2023,ISR,CYP,
2024,ISR,CYP,
2026,ISR,CYP,
1981,LUX,CYP,
1982,LUX,CYP,
1983,LUX,CYP,
1984,LUX,CYP,
1985,LUX,CYP,
1986,LUX,CYP,
1987,LUX,CYP,
1989,LUX,CYP,
1990,LUX,CYP,
1991,LUX,CYP,
1992,LUX,CYP,
1993,LUX,CYP,
2024,LUX,CYP,.0827571261433938
2026,LUX,CYP,
1981,NLD,CYP,
1982,NLD,CYP,
1983,NLD,CYP,
1984,NLD,CYP,
1986,NLD,CYP,
1987,NLD,CYP,
1989,NLD,CYP,
1990,NLD,CYP,
1992,NLD,CYP,
1993,NLD,CYP,
1994,NLD,CYP,
1996,NLD,CYP,
1997,NLD,CYP,
1998,NLD,CYP,
1999,NLD,CYP,
2000,NLD,CYP,
2003,NLD,CYP,
2004,NLD,CYP,
2005,NLD,CYP,
2010,NLD,CYP,.0210562638256933
2012,NLD,CYP,-.0163246834156889
2015,NLD,CYP,.0021497639044226
2016,NLD,CYP,-.0054021181935963
2017,NLD,CYP,-.0180243922256796
2018,NLD,CYP,-.0054160307187238
2019,NLD,CYP,-.0049481593931993
2021,NLD,CYP,-.007934079469606
2023,NLD,CYP,.0023750628406103
2024,NLD,CYP,.0159432220091391
1981,NOR,CYP,
1982,NOR,CYP,
1983,NOR,CYP,
1984,NOR,CYP,
1985,NOR,CYP,
1986,NOR,CYP,
1987,NOR,CYP,
1989,NOR,CYP,
1990,NOR,CYP,
1991,NOR,CYP,
1992,NOR,CYP,
1993,NOR,CYP,
1994,NOR,CYP,
1995,NOR,CYP,.0489394488443403
1996,NOR,CYP,.0580629001514602
1997,NOR,CYP,.04043771435394
1998,NOR,CYP,.0620689578895698
1999,NOR,CYP,.0625606019165264
2000,NOR,CYP,.0245658789838071
2003,NOR,CYP,.0477034823673569
2004,NOR,CYP,.0433945085223063
2005,NOR,CYP,.0375512826656906
2010,NOR,CYP,.0510713409977541
2012,NOR,CYP,.0136903937563713
2015,NOR,CYP,.0321648410764838
2016,NOR,CYP,.0246129589784646
2017,NOR,CYP,.0119906849463818
2018,NOR,CYP,.0245990464533369
2019,NOR,CYP,.0250669177788623
2021,NOR,CYP,.0220809977024548
2023,NOR,CYP,.0323901400126721
2024,NOR,CYP,.0459582991812009
2026,NOR,CYP,
1981,PRT,CYP,
1982,PRT,CYP,
1983,PRT,CYP,
1984,PRT,CYP,
1985,PRT,CYP,
1986,PRT,CYP,
1987,PRT,CYP,
1989,PRT,CYP,
1990,PRT,CYP,
1991,PRT,CYP,
1992,PRT,CYP,
1993,PRT,CYP,
1994,PRT,CYP,
1995,PRT,CYP,.1002299974827187
1996,PRT,CYP,.1093534487898394
1997,PRT,CYP,.0917282629923185
1998,PRT,CYP,.1133595065279494
1999,PRT,CYP,.1138511505549052
2003,PRT,CYP,.0989940310057354
2004,PRT,CYP,.0946850571606848
2005,PRT,CYP,.0888418313040693
2010,PRT,CYP,.1023618896361329
2012,PRT,CYP,.0649809423947509
2015,PRT,CYP,.0834553897148624
2017,PRT,CYP,.0632812335847599
2018,PRT,CYP,.0758895950917152
2019,PRT,CYP,.0763574664172406
2021,PRT,CYP,.0733715463408328
2023,PRT,CYP,.0836806886510507
2024,PRT,CYP,.097248847819579
2026,PRT,CYP,
1981,ESP,CYP,
1982,ESP,CYP,
1983,ESP,CYP,
1984,ESP,CYP,
1985,ESP,CYP,
1986,ESP,CYP,
1987,ESP,CYP,
1989,ESP,CYP,
1990,ESP,CYP,
1991,ESP,CYP,
1992,ESP,CYP,
1993,ESP,CYP,
1994,ESP,CYP,
1995,ESP,CYP,
1996,ESP,CYP,
1997,ESP,CYP,
1998,ESP,CYP,
1999,ESP,CYP,
2000,ESP,CYP,
2002,ESP,CYP,
2003,ESP,CYP,
2004,ESP,CYP,
2005,ESP,CYP,
2010,ESP,CYP,
2012,ESP,CYP,
2015,ESP,CYP,
2016,ESP,CYP,
2017,ESP,CYP,
2018,ESP,CYP,
2019,ESP,CYP,
2021,ESP,CYP,
2023,ESP,CYP,
2024,ESP,CYP,
1981,SWE,CYP,
1982,SWE,CYP,
1983,SWE,CYP,
1984,SWE,CYP,
1985,SWE,CYP,
1986,SWE,CYP,
1987,SWE,CYP,
1989,SWE,CYP,
1990,SWE,CYP,
1991,SWE,CYP,
1992,SWE,CYP,
1993,SWE,CYP,
1994,SWE,CYP,
1995,SWE,CYP,
1996,SWE,CYP,
1997,SWE,CYP,
1998,SWE,CYP,
1999,SWE,CYP,
2000,SWE,CYP,
2002,SWE,CYP,
2003,SWE,CYP,
2004,SWE,CYP,
2005,SWE,CYP,
2010,SWE,CYP,.0396299053589852
2012,SWE,CYP,.0022489581176026
2015,SWE,CYP,.0207234054377147
2016,SWE,CYP,.0131715233396949
2017,SWE,CYP,.000549249307612
2018,SWE,CYP,.013157610814568
2019,SWE,CYP,.0136254821400928
2021,SWE,CYP,.0106395620636846
2023,SWE,CYP,.0209487043739015
2024,SWE,CYP,.0345168635424315
2026,SWE,CYP,
1981,CHE,CYP,
1982,CHE,CYP,
1983,CHE,CYP,
1984,CHE,CYP,
1985,CHE,CYP,
1986,CHE,CYP,
1987,CHE,CYP,
1989,CHE,CYP,
1990,CHE,CYP,
1991,CHE,CYP,
1992,CHE,CYP,
1993,CHE,CYP,
1994,CHE,CYP,
1996,CHE,CYP,
1997,CHE,CYP,
1998,CHE,CYP,
2000,CHE,CYP,
2002,CHE,CYP,
2004,CHE,CYP,
2005,CHE,CYP,
2010,CHE,CYP,
2012,CHE,CYP,-.0121878941891807
2015,CHE,CYP,.0062865531309307
2016,CHE,CYP,-.0012653289670879
2017,CHE,CYP,-.0138876029991715
2018,CHE,CYP,-.0012792414922161
2019,CHE,CYP,-.0008113701666908
2021,CHE,CYP,-.0037972902430981
2023,CHE,CYP,.0065118520671194
2024,CHE,CYP,.0200800112356482
2026,CHE,CYP,
1981,TUR,CYP,
1982,TUR,CYP,
1983,TUR,CYP,
1984,TUR,CYP,
1985,TUR,CYP,
1986,TUR,CYP,
1987,TUR,CYP,
1989,TUR,CYP,
1990,TUR,CYP,
1991,TUR,CYP,
1992,TUR,CYP,
1993,TUR,CYP,
1995,TUR,CYP,.0369753219366935
1996,TUR,CYP,.0460987732438133
1997,TUR,CYP,.0284735874462927
1998,TUR,CYP,.0501048309819217
1999,TUR,CYP,.0505964750088795
2000,TUR,CYP,.0126017520761597
2002,TUR,CYP,.0323688941879445
2003,TUR,CYP,.0357393554597096
2004,TUR,CYP,.0314303816146588
2005,TUR,CYP,.0255871557580438
2010,TUR,CYP,.039107214090107
2012,TUR,CYP,.001726266848725
1981,GBR,CYP,
1982,GBR,CYP,
1983,GBR,CYP,
1984,GBR,CYP,
1985,GBR,CYP,
1986,GBR,CYP,
1987,GBR,CYP,
1989,GBR,CYP,
1990,GBR,CYP,
1991,GBR,CYP,
1992,GBR,CYP,
1993,GBR,CYP,
1994,GBR,CYP,
1995,GBR,CYP,
1996,GBR,CYP,
1997,GBR,CYP,
1998,GBR,CYP,
1999,GBR,CYP,
2000,GBR,CYP,
2002,GBR,CYP,
2003,GBR,CYP,
2004,GBR,CYP,
2005,GBR,CYP,
2010,GBR,CYP,
2012,GBR,CYP,
2015,GBR,CYP,
2016,GBR,CYP,
2017,GBR,CYP,
2018,GBR,CYP,
2019,GBR,CYP,
2021,GBR,CYP,
2023,GBR,CYP,
2024,GBR,CYP,
2026,GBR,CYP,
1981,YUG,CYP,
1982,YUG,CYP,
1983,YUG,CYP,
1984,YUG,CYP,
1986,YUG,CYP,
1987,YUG,CYP,
1989,YUG,CYP,
1990,YUG,CYP,
1991,YUG,CYP,
1992,YUG,CYP,
1983,CYP,ITA,
1984,CYP,ITA,
1985,CYP,ITA,
1987,CYP,ITA,
1989,CYP,ITA,
1990,CYP,ITA,
1991,CYP,ITA,
1992,CYP,ITA,
1993,CYP,ITA,
1997,CYP,ITA,.1002609607345182
2011,CYP,ITA,.1016864517655461
2012,CYP,ITA,.0735136401369509
2013,CYP,ITA,.0786040304098643
2015,CYP,ITA,.0919880874570626
2016,CYP,ITA,.0844362053590438
2017,CYP,ITA,.0718139313269606
2018,CYP,ITA,.0844222928339165
2019,CYP,ITA,.0848901641594412
2021,CYP,ITA,.0819042440830339
2022,CYP,ITA,.0730531668531771
2023,CYP,ITA,.0922133863932517
2024,CYP,ITA,.1057815455617805
2025,CYP,ITA,
2026,CYP,ITA,
1983,ITA,CYP,
1984,ITA,CYP,
1985,ITA,CYP,
1987,ITA,CYP,
1989,ITA,CYP,
1990,ITA,CYP,
1991,ITA,CYP,
1992,ITA,CYP,
1993,ITA,CYP,
1997,ITA,CYP,.0191129244761255
2012,ITA,CYP,-.0076343961214427
2015,ITA,CYP,.0108400511986691
2016,ITA,CYP,.0032881691006497
2017,ITA,CYP,-.0093341049314332
2018,ITA,CYP,.0032742565755221
2019,ITA,CYP,.0037421279010474
2021,ITA,CYP,.0007562078246398
2023,ITA,CYP,.011065350134857
2024,ITA,CYP,.0246335093033858
2026,ITA,CYP,
1986,AUT,ISL,
1987,AUT,ISL,
1988,AUT,ISL,
1989,AUT,ISL,
1990,AUT,ISL,
1991,AUT,ISL,
1992,AUT,ISL,
1993,AUT,ISL,
1994,AUT,ISL,
1995,AUT,ISL,
1996,AUT,ISL,
1997,AUT,ISL,
1999,AUT,ISL,
2000,AUT,ISL,
2003,AUT,ISL,
2004,AUT,ISL,
2011,AUT,ISL,.0795131676890488
2012,AUT,ISL,.0513403560604542
2013,AUT,ISL,.0564307463333664
2014,AUT,ISL,.0749056879298695
2019,AUT,ISL,.0627168800829439
2021,AUT,ISL,.0597309600065357
2022,AUT,ISL,.0508798827766805
2025,AUT,ISL,
1986,BEL,ISL,
1987,BEL,ISL,
1988,BEL,ISL,
1989,BEL,ISL,
1990,BEL,ISL,
1991,BEL,ISL,
1992,BEL,ISL,
1993,BEL,ISL,
1995,BEL,ISL,
1996,BEL,ISL,
1999,BEL,ISL,
2000,BEL,ISL,
2003,BEL,ISL,
2004,BEL,ISL,
2008,BEL,ISL,
2009,BEL,ISL,
2010,BEL,ISL,.0766925746151907
2011,BEL,ISL,.0674844390024034
2012,BEL,ISL,.039311627373809
2013,BEL,ISL,.0444020176467213
2014,BEL,ISL,.0628769592432248
2019,BEL,ISL,.0506881513962984
2021,BEL,ISL,.0477022313198917
2022,BEL,ISL,.0388511540900353
2025,BEL,ISL,
1986,CYP,ISL,
1987,CYP,ISL,
1989,CYP,ISL,
1990,CYP,ISL,
1991,CYP,ISL,
1992,CYP,ISL,
1993,CYP,ISL,
1994,CYP,ISL,
1995,CYP,ISL,.1345919592626834
1996,CYP,ISL,.1437154105698041
1997,CYP,ISL,.1260902247722823
1999,CYP,ISL,.1482131123348697
2000,CYP,ISL,.1102183894021516
2003,CYP,ISL,.1333559927856997
2004,CYP,ISL,.1290470189406497
2008,CYP,ISL,.1184957388155552
2009,CYP,ISL,.1240775853054468
2010,CYP,ISL,.1367238514160976
2011,CYP,ISL,.1275157158033098
2012,CYP,ISL,.0993429041747154
2013,CYP,ISL,.104433294447628
2019,CYP,ISL,.1107194281972054
2021,CYP,ISL,.1077335081207988
2022,CYP,ISL,.0988824308909418
2025,CYP,ISL,
1986,DNK,ISL,
1987,DNK,ISL,
1988,DNK,ISL,
1989,DNK,ISL,
1990,DNK,ISL,
1991,DNK,ISL,
1992,DNK,ISL,
1993,DNK,ISL,
1995,DNK,ISL,.0936799462865792
1997,DNK,ISL,.0851782117961781
1999,DNK,ISL,.107301099358765
2000,DNK,ISL,.0693063764260462
2001,DNK,ISL,.1023327203629344
2004,DNK,ISL,.0881350059645436
2008,DNK,ISL,.0775837258394489
2009,DNK,ISL,.0831655723293421
2010,DNK,ISL,.0958118384399925
2011,DNK,ISL,.0866037028272054
2012,DNK,ISL,.0584308911986104
2013,DNK,ISL,.0635212814715233
2014,DNK,ISL,.0819962230680261
2019,DNK,ISL,.0698074152211002
2021,DNK,ISL,.0668214951446933
2022,DNK,ISL,.0579704179148368
2025,DNK,ISL,
1986,FIN,ISL,
1987,FIN,ISL,
1988,FIN,ISL,
1989,FIN,ISL,
1990,FIN,ISL,
1991,FIN,ISL,
1992,FIN,ISL,
1993,FIN,ISL,
1994,FIN,ISL,
1996,FIN,ISL,.1059348089590366
2000,FIN,ISL,.0724377877913842
2004,FIN,ISL,.0912664173298827
2008,FIN,ISL,.0807151372047871
2009,FIN,ISL,.0862969836946783
2010,FIN,ISL,.0989432498053304
2011,FIN,ISL,.0897351141925428
2012,FIN,ISL,.0615623025639478
2013,FIN,ISL,.0666526928368607
2014,FIN,ISL,.0851276344333636
2019,FIN,ISL,.0729388265864377
2021,FIN,ISL,.0699529065100313
2022,FIN,ISL,.0611018292801739
2025,FIN,ISL,
1986,FRA,ISL,
1987,FRA,ISL,
1988,FRA,ISL,
1989,FRA,ISL,
1990,FRA,ISL,
1991,FRA,ISL,
1992,FRA,ISL,
1993,FRA,ISL,
1994,FRA,ISL,
1995,FRA,ISL,
1996,FRA,ISL,
1997,FRA,ISL,
1999,FRA,ISL,
2000,FRA,ISL,
2001,FRA,ISL,
2003,FRA,ISL,
2004,FRA,ISL,
2008,FRA,ISL,
2009,FRA,ISL,
2010,FRA,ISL,
2011,FRA,ISL,
2012,FRA,ISL,
2013,FRA,ISL,
2014,FRA,ISL,
2019,FRA,ISL,
2021,FRA,ISL,
2022,FRA,ISL,
2025,FRA,ISL,
1986,DEU,ISL,
1987,DEU,ISL,
1988,DEU,ISL,
1989,DEU,ISL,
1990,DEU,ISL,
1991,DEU,ISL,
1992,DEU,ISL,
1993,DEU,ISL,
1994,DEU,ISL,
1995,DEU,ISL,
1997,DEU,ISL,
1999,DEU,ISL,
2000,DEU,ISL,
2001,DEU,ISL,
2003,DEU,ISL,
2004,DEU,ISL,
2008,DEU,ISL,
2009,DEU,ISL,
2010,DEU,ISL,
2011,DEU,ISL,
2012,DEU,ISL,
2013,DEU,ISL,
2014,DEU,ISL,
2019,DEU,ISL,
2021,DEU,ISL,.0353322337882123
2022,DEU,ISL,.0264811565583558
2025,DEU,ISL,
1986,ISL,BEL,
1987,ISL,BEL,
1988,ISL,BEL,
1989,ISL,BEL,
1990,ISL,BEL,
1991,ISL,BEL,
1992,ISL,BEL,
1993,ISL,BEL,
1995,ISL,BEL,.0383792179910088
1996,ISL,BEL,.0475026692981296
1999,ISL,BEL,.0520003710631951
2000,ISL,BEL,.0140056481304763
2003,ISL,BEL,.0371432515140246
2004,ISL,BEL,.0328342776689749
2010,ISL,BEL,.0405111101444235
2013,ISL,BEL,.0082205531759533
2015,ISL,BEL,.0216046102231524
2016,ISL,BEL,.0140527281251338
2017,ISL,BEL,.0014304540930503
2021,ISL,BEL,.0115207668491239
2022,ISL,BEL,.0026696896192672
2023,ISL,BEL,.0218299091593413
1986,ISL,CHE,
1987,ISL,CHE,
1988,ISL,CHE,
1989,ISL,CHE,
1990,ISL,CHE,
1991,ISL,CHE,
1992,ISL,CHE,
1993,ISL,CHE,
1994,ISL,CHE,
1996,ISL,CHE,.0473501951511756
1997,ISL,CHE,.0297250093536543
2000,ISL,CHE,.0138531739835222
2005,ISL,CHE,.0268385776654049
2006,ISL,CHE,.0378058625698552
2011,ISL,CHE,.0311505003846812
2014,ISL,CHE,.0265430206255019
2019,ISL,CHE,.0143542127785756
2021,ISL,CHE,.0113682927021693
2022,ISL,CHE,.0025172154723126
2023,ISL,CHE,.0216774350123866
2024,ISL,CHE,.0352455941809148
2025,ISL,CHE,
1986,ISL,LUX,
1987,ISL,LUX,
1988,ISL,LUX,
1989,ISL,LUX,
1990,ISL,LUX,
1991,ISL,LUX,
1992,ISL,LUX,
1993,ISL,LUX,
2024,ISL,LUX,.0093676916049158
2025,ISL,LUX,
1986,ISL,IRL,
1987,ISL,IRL,
1988,ISL,IRL,
1989,ISL,IRL,
1990,ISL,IRL,
1991,ISL,IRL,
1992,ISL,IRL,
1993,ISL,IRL,
1994,ISL,IRL,
1995,ISL,IRL,.058542532118431
1996,ISL,IRL,.0676659834255512
1997,ISL,IRL,.0500407976280308
1999,ISL,IRL,.0721636851906179
2000,ISL,IRL,.034168962257898
2001,ISL,IRL,.0671953061947873
2003,ISL,IRL,.0573065656414476
2004,ISL,IRL,.0529975917963968
2006,ISL,IRL,.0581216508442318
2007,ISL,IRL,.0561595808082949
2010,ISL,IRL,.0606744242718454
2011,ISL,IRL,.0514662886590567
2012,ISL,IRL,.0232934770304626
2013,ISL,IRL,.0283838673033753
2018,ISL,IRL,.0342021297274274
2024,ISL,IRL,.0555613824552916
1986,ISL,SWE,
1987,ISL,SWE,
1988,ISL,SWE,
1989,ISL,SWE,
1990,ISL,SWE,
1991,ISL,SWE,
1992,ISL,SWE,
1993,ISL,SWE,
1994,ISL,SWE,
1995,ISL,SWE,.1744416045813588
1996,ISL,SWE,.1835650558884788
1997,ISL,SWE,.165939870090958
1999,ISL,SWE,.1880627576535468
2000,ISL,SWE,.1500680347208266
2001,ISL,SWE,.1830943786577144
2003,ISL,SWE,.1732056381043754
2004,ISL,SWE,.1688966642593253
2005,ISL,SWE,.1630534384027104
2006,ISL,SWE,.1740207233071592
2007,ISL,SWE,.172058653271222
2008,ISL,SWE,.1583453841342308
2009,ISL,SWE,.1639272306241223
2011,ISL,SWE,.1673653611219862
2012,ISL,SWE,.139192549493391
2013,ISL,SWE,.1442829397663037
2014,ISL,SWE,.1627578813628065
2015,ISL,SWE,.1576669968135038
2016,ISL,SWE,.1501151147154824
2017,ISL,SWE,.1374928406833996
2018,ISL,SWE,.1501012021903557
2019,ISL,SWE,.1505690735158816
2021,ISL,SWE,.147583153439473
2022,ISL,SWE,.1387320762096182
2023,ISL,SWE,.1578922957496908
2024,ISL,SWE,.1714604549182198
2025,ISL,SWE,
1986,ISL,DNK,
1987,ISL,DNK,
1988,ISL,DNK,
1989,ISL,DNK,
1990,ISL,DNK,
1991,ISL,DNK,
1992,ISL,DNK,
1993,ISL,DNK,
1995,ISL,DNK,.0981485079002291
1997,ISL,DNK,.0896467734098287
1999,ISL,DNK,.111769660972416
2000,ISL,DNK,.0737749380396973
2001,ISL,DNK,.1068012819765854
2005,ISL,DNK,.0867603417215795
2006,ISL,DNK,.0977276266260294
2008,ISL,DNK,.0820522874530992
2009,ISL,DNK,.0876341339429927
2010,ISL,DNK,.1002804000536432
2011,ISL,DNK,.0910722644408563
2012,ISL,DNK,.0628994528122609
2013,ISL,DNK,.0679898430851739
2014,ISL,DNK,.0864647846816763
2017,ISL,DNK,.0611997440022703
2018,ISL,DNK,.0738081055092252
2019,ISL,DNK,.0742759768347502
2025,ISL,DNK,
1986,ISL,GBR,
1987,ISL,GBR,
1988,ISL,GBR,
1989,ISL,GBR,
1990,ISL,GBR,
1991,ISL,GBR,
1992,ISL,GBR,
1993,ISL,GBR,
1994,ISL,GBR,
1995,ISL,GBR,-.066189456309577
1996,ISL,GBR,-.0570660050024571
1997,ISL,GBR,-.0746911907999778
1999,ISL,GBR,-.0525683032373906
2000,ISL,GBR,-.0905630261701098
2001,ISL,GBR,-.0575366822332213
2003,ISL,GBR,-.0674254227865609
2004,ISL,GBR,-.0717343966316114
2005,ISL,GBR,-.0775776224882265
2006,ISL,GBR,-.0666103375837767
2007,ISL,GBR,-.0685724076197141
2008,ISL,GBR,-.0822856767567063
2009,ISL,GBR,-.076703830266814
2010,ISL,GBR,-.064057564156163
2011,ISL,GBR,-.0732656997689511
2012,ISL,GBR,-.101438511397546
2013,ISL,GBR,-.0963481211246331
2014,ISL,GBR,-.0778731795281296
2015,ISL,GBR,-.082964064077434
2016,ISL,GBR,-.0905159461754526
2017,ISL,GBR,-.1031382202075361
2018,ISL,GBR,-.090529858700581
2019,ISL,GBR,-.0900619873750554
2021,ISL,GBR,-.0930479074514629
2022,ISL,GBR,-.1018989846813192
2023,ISL,GBR,-.0827387651412458
2024,ISL,GBR,-.0691706059727166
2025,ISL,GBR,
1986,ISL,DEU,
1987,ISL,DEU,
1988,ISL,DEU,
1989,ISL,DEU,
1990,ISL,DEU,
1991,ISL,DEU,
1992,ISL,DEU,
1993,ISL,DEU,
1994,ISL,DEU,
1995,ISL,DEU,-.1099220204327247
1997,ISL,DEU,-.1184237549231255
1999,ISL,DEU,-.0963008673605384
2000,ISL,DEU,-.1342955902932573
2001,ISL,DEU,-.101269246356369
2003,ISL,DEU,-.111157986909709
2004,ISL,DEU,-.1154669607547596
2005,ISL,DEU,-.1213101866113747
2006,ISL,DEU,-.1103429017069245
2007,ISL,DEU,-.112304971742862
2008,ISL,DEU,-.1260182408798543
2009,ISL,DEU,-.1204363943899613
2010,ISL,DEU,-.1077901282793111
2011,ISL,DEU,-.1169982638920987
2012,ISL,DEU,-.1451710755206937
2013,ISL,DEU,-.1400806852477809
2014,ISL,DEU,-.121605743651278
2015,ISL,DEU,-.1266966282005818
2016,ISL,DEU,-.1342485102986006
2017,ISL,DEU,-.1468707843306833
2018,ISL,DEU,-.1342624228237285
2019,ISL,DEU,-.1337945514982036
2021,ISL,DEU,-.1367804715746112
2022,ISL,DEU,-.1456315488044669
2023,ISL,DEU,-.1264713292643934
2024,ISL,DEU,-.1129031700958649
2025,ISL,DEU,
1986,ISL,TUR,
1987,ISL,TUR,
1988,ISL,TUR,
1989,ISL,TUR,
1990,ISL,TUR,
1991,ISL,TUR,
1992,ISL,TUR,
1993,ISL,TUR,
1995,ISL,TUR,.1057183040949085
1996,ISL,TUR,.1148417554020291
1997,ISL,TUR,.0972165696045082
1999,ISL,TUR,.1193394571670956
2000,ISL,TUR,.0813447342343756
2001,ISL,TUR,.1143710781712648
2003,ISL,TUR,.1044823376179252
2004,ISL,TUR,.1001733637728737
2005,ISL,TUR,.0943301379162596
2006,ISL,TUR,.1052974228207084
2007,ISL,TUR,.1033353527847715
2008,ISL,TUR,.0896220836477795
2009,ISL,TUR,.0952039301376722
2010,ISL,TUR,.1078501962483236
2012,ISL,TUR,.07046924900694
1986,ISL,ESP,
1987,ISL,ESP,
1988,ISL,ESP,
1989,ISL,ESP,
1990,ISL,ESP,
1991,ISL,ESP,
1992,ISL,ESP,
1993,ISL,ESP,
1994,ISL,ESP,
1995,ISL,ESP,-.0353898867107749
1996,ISL,ESP,-.0262664354036541
1997,ISL,ESP,-.0438916212011757
1999,ISL,ESP,-.0217687336385887
2000,ISL,ESP,-.0597634565713076
2001,ISL,ESP,-.0267371126344191
2003,ISL,ESP,-.0366258531877589
2004,ISL,ESP,-.040934827032809
2005,ISL,ESP,-.0467780528894241
2006,ISL,ESP,-.0358107679849744
2007,ISL,ESP,-.0377728380209119
2008,ISL,ESP,-.0514861071579039
2009,ISL,ESP,-.0459042606680117
2010,ISL,ESP,-.0332579945573608
2011,ISL,ESP,-.0424661301701485
2012,ISL,ESP,-.0706389417987431
2013,ISL,ESP,-.0655485515258301
2014,ISL,ESP,-.0470736099293272
2015,ISL,ESP,-.0521644944786316
2016,ISL,ESP,-.05971637657665
2017,ISL,ESP,-.0723386506087336
2018,ISL,ESP,-.0597302891017787
2019,ISL,ESP,-.0592624177762535
2021,ISL,ESP,-.0622483378526603
2022,ISL,ESP,-.0710994150825169
2023,ISL,ESP,-.0519391955424433
2024,ISL,ESP,-.038371036373914
2025,ISL,ESP,
1986,ISL,YUG,
1987,ISL,YUG,
1988,ISL,YUG,
1989,ISL,YUG,
1990,ISL,YUG,
1991,ISL,YUG,
1992,ISL,YUG,
1986,ISL,NOR,
1987,ISL,NOR,
1988,ISL,NOR,
1989,ISL,NOR,
1990,ISL,NOR,
1991,ISL,NOR,
1992,ISL,NOR,
1993,ISL,NOR,
1994,ISL,NOR,
1995,ISL,NOR,.0883396860386593
1996,ISL,NOR,.0974631373457797
1997,ISL,NOR,.0798379515482585
1999,ISL,NOR,.1019608391108457
2000,ISL,NOR,.0639661161781264
2001,ISL,NOR,.0969924601150154
2003,ISL,NOR,.0871037195616772
2004,ISL,NOR,.0827947457166252
2005,ISL,NOR,.0769515198600106
2006,ISL,NOR,.0879188047644588
2008,ISL,NOR,.0722434655915301
2009,ISL,NOR,.0778253120814231
2010,ISL,NOR,.0904715781920742
2012,ISL,NOR,.0530906309506911
2013,ISL,NOR,.0581810212236045
2014,ISL,NOR,.076655962820107
2015,ISL,NOR,.0715650782708042
2017,ISL,NOR,.0513909221407002
2018,ISL,NOR,.0639992836476554
2019,ISL,NOR,.0644671549731808
2021,ISL,NOR,.0614812348967733
2022,ISL,NOR,.0526301576669174
2023,ISL,NOR,.0717903772069913
2024,ISL,NOR,.0853585363755197
2025,ISL,NOR,
1986,ISL,NLD,
1987,ISL,NLD,
1988,ISL,NLD,
1989,ISL,NLD,
1990,ISL,NLD,
1992,ISL,NLD,
1993,ISL,NLD,
1994,ISL,NLD,
1996,ISL,NLD,.0498474466472348
1997,ISL,NLD,.0322222608497137
1999,ISL,NLD,.0543451484123006
2000,ISL,NLD,.0163504254795814
2001,ISL,NLD,.0493767694164703
2003,ISL,NLD,.0394880288631304
2004,ISL,NLD,.0351790550180804
2013,ISL,NLD,.0105653305250585
2014,ISL,NLD,.0290402721215616
2016,ISL,NLD,.016397505474238
2017,ISL,NLD,.0037752314421559
2018,ISL,NLD,.016383592949111
2019,ISL,NLD,.0168514642746354
2021,ISL,NLD,.013865544198229
2022,ISL,NLD,.0050144669683724
2025,ISL,NLD,
1986,ISL,PRT,
1987,ISL,PRT,
1988,ISL,PRT,
1989,ISL,PRT,
1990,ISL,PRT,
1991,ISL,PRT,
1992,ISL,PRT,
1993,ISL,PRT,
1994,ISL,PRT,
1995,ISL,PRT,.0768496495750128
1996,ISL,PRT,.0859731008821347
1997,ISL,PRT,.0683479150846119
1999,ISL,PRT,.0904708026471998
2001,ISL,PRT,.0855024236513689
2003,ISL,PRT,.0756136830980288
2008,ISL,PRT,.0607534291278837
2009,ISL,PRT,.0663352756177757
2010,ISL,PRT,.0789815417284271
2017,ISL,PRT,.0399008856770545
2018,ISL,PRT,.052509247184009
2021,ISL,PRT,.0499911984331266
2022,ISL,PRT,.0411401212032706
2023,ISL,PRT,.0603003407433445
2024,ISL,PRT,.0738684999118731
2025,ISL,PRT,
1986,ISL,FIN,
1987,ISL,FIN,
1988,ISL,FIN,
1989,ISL,FIN,
1990,ISL,FIN,
1991,ISL,FIN,
1992,ISL,FIN,
1993,ISL,FIN,
1994,ISL,FIN,
1996,ISL,FIN,.0309700838505952
2000,ISL,FIN,-.0025269373170572
2006,ISL,FIN,.0214257512692767
2007,ISL,FIN,.0194636812333385
2008,ISL,FIN,.0057504120963458
2009,ISL,FIN,.0113322585862388
2011,ISL,FIN,.0147703890841027
2013,ISL,FIN,-.0083120322715803
2014,ISL,FIN,.0101629093249229
2018,ISL,FIN,-.0024937698475285
2021,ISL,FIN,-.00501181859841
2022,ISL,FIN,-.013862895828267
2023,ISL,FIN,.0052973237118078
2024,ISL,FIN,.0188654828803365
2025,ISL,FIN,
1986,ISL,FRA,
1987,ISL,FRA,
1988,ISL,FRA,
1989,ISL,FRA,
1990,ISL,FRA,
1991,ISL,FRA,
1992,ISL,FRA,
1993,ISL,FRA,
1994,ISL,FRA,
1995,ISL,FRA,-.0410868867499038
1996,ISL,FRA,-.0319634354427838
1997,ISL,FRA,-.0495886212403048
1999,ISL,FRA,-.0274657336777178
2000,ISL,FRA,-.0654604566104366
2001,ISL,FRA,-.0324341126735483
2003,ISL,FRA,-.0423228532268873
2004,ISL,FRA,-.0466318270719381
2005,ISL,FRA,-.0524750529285535
2006,ISL,FRA,-.0415077680241031
2007,ISL,FRA,-.0434698380600408
2008,ISL,FRA,-.0571831071970335
2009,ISL,FRA,-.0516012607071409
2010,ISL,FRA,-.0389549945964903
2011,ISL,FRA,-.0481631302092785
2012,ISL,FRA,-.0763359418378726
2013,ISL,FRA,-.0712455515649594
2014,ISL,FRA,-.0527706099684564
2015,ISL,FRA,-.0578614945177607
2016,ISL,FRA,-.0654133766157797
2017,ISL,FRA,-.0780356506478627
2018,ISL,FRA,-.0654272891409074
2019,ISL,FRA,-.0649594178153828
2021,ISL,FRA,-.0679453378917899
2022,ISL,FRA,-.0767964151216462
2023,ISL,FRA,-.0576361955815718
2024,ISL,FRA,-.0440680364130428
2025,ISL,FRA,
1986,ISL,AUT,
1987,ISL,AUT,
1988,ISL,AUT,
1989,ISL,AUT,
1990,ISL,AUT,
1991,ISL,AUT,
1992,ISL,AUT,
1993,ISL,AUT,
1994,ISL,AUT,
1995,ISL,AUT,.0377224688857225
1996,ISL,AUT,.0468459201928426
1997,ISL,AUT,.0292207343953206
1999,ISL,AUT,.0513436219579088
2000,ISL,AUT,.0133488990251893
2003,ISL,AUT,.036486502408739
2004,ISL,AUT,.0321775285636874
2011,ISL,AUT,.0306462254263478
2014,ISL,AUT,.0260387456671698
2015,ISL,AUT,.0209478611178653
2016,ISL,AUT,.0133959790198466
2017,ISL,AUT,.0007737049877637
2018,ISL,AUT,.0133820664947183
2023,ISL,AUT,.0211731600540536
2024,ISL,AUT,.0347413192225826
2025,ISL,AUT,
1986,ISL,ISR,
1987,ISL,ISR,
1988,ISL,ISR,
1989,ISL,ISR,
1990,ISL,ISR,
1991,ISL,ISR,
1992,ISL,ISR,
1993,ISL,ISR,
1995,ISL,ISR,.1143402724126437
1999,ISL,ISR,.1279614254848306
2000,ISL,ISR,.0899667025521108
2001,ISL,ISR,.1229930464890006
2003,ISL,ISR,.1131043059356605
2005,ISL,ISR,.1029521062339947
2006,ISL,ISR,.1139193911384443
2008,ISL,ISR,.0982440519655155
2009,ISL,ISR,.1038258984554076
2010,ISL,ISR,.1164721645660582
2015,ISL,ISR,.097565664644788
2016,ISL,ISR,.0900137825467687
2017,ISL,ISR,.0773915085146851
2018,ISL,ISR,.0899998700216403
2019,ISL,ISR,.0904677413471664
2021,ISL,ISR,.0874818212707592
2023,ISL,ISR,.0977909635809753
2024,ISL,ISR,.1113591227495048
2025,ISL,ISR,
1986,ISL,CYP,
1987,ISL,CYP,
1989,ISL,CYP,
1990,ISL,CYP,
1991,ISL,CYP,
1992,ISL,CYP,
1993,ISL,CYP,
1994,ISL,CYP,
1995,ISL,CYP,.103568184666319
1996,ISL,CYP,.1126916359734404
1997,ISL,CYP,.0950664501759186
1999,ISL,CYP,.1171893377385058
2000,ISL,CYP,.079194614805787
2003,ISL,CYP,.1023322181893357
2004,ISL,CYP,.0980232443442858
2005,ISL,CYP,.0921800184876698
2010,ISL,CYP,.1057000768197336
2012,ISL,CYP,.0683191295783512
2015,ISL,CYP,.0867935768984634
2016,ISL,CYP,.0792416948004438
2017,ISL,CYP,.0666194207683604
2018,ISL,CYP,.0792277822753154
2019,ISL,CYP,.079695653600841
2021,ISL,CYP,.0767097335244344
2023,ISL,CYP,.0870188758346513
2024,ISL,CYP,.1005870350031803
1986,IRL,ISL,
1987,IRL,ISL,
1988,IRL,ISL,
1989,IRL,ISL,
1990,IRL,ISL,
1991,IRL,ISL,
1992,IRL,ISL,
1993,IRL,ISL,
1994,IRL,ISL,
1995,IRL,ISL,
1996,IRL,ISL,
1997,IRL,ISL,
1999,IRL,ISL,
2000,IRL,ISL,
2001,IRL,ISL,
2003,IRL,ISL,
2004,IRL,ISL,
2008,IRL,ISL,.109589558309932
2009,IRL,ISL,.1151714047998252
2010,IRL,ISL,.1278176709104754
2011,IRL,ISL,.1186095352976877
2012,IRL,ISL,.0904367236690924
2013,IRL,ISL,.0955271139420057
2014,IRL,ISL,.1140020555385086
2019,IRL,ISL,.1018132476915831
2021,IRL,ISL,.0988273276151755
2022,IRL,ISL,.0899762503853193
2025,IRL,ISL,
1986,ISR,ISL,
1987,ISR,ISL,
1988,ISR,ISL,
1989,ISR,ISL,
1990,ISR,ISL,
1991,ISR,ISL,
1992,ISR,ISL,
1993,ISR,ISL,
1995,ISR,ISL,
1999,ISR,ISL,
2000,ISR,ISL,
2001,ISR,ISL,
2003,ISR,ISL,
2004,ISR,ISL,
2008,ISR,ISL,
2009,ISR,ISL,
2010,ISR,ISL,
2011,ISR,ISL,
2012,ISR,ISL,
2013,ISR,ISL,
2014,ISR,ISL,
2019,ISR,ISL,
2021,ISR,ISL,
2022,ISR,ISL,
2025,ISR,ISL,
1986,LUX,ISL,
1987,LUX,ISL,
1988,LUX,ISL,
1989,LUX,ISL,
1990,LUX,ISL,
1991,LUX,ISL,
1992,LUX,ISL,
1993,LUX,ISL,
2025,LUX,ISL,
1986,NLD,ISL,
1987,NLD,ISL,
1988,NLD,ISL,
1989,NLD,ISL,
1990,NLD,ISL,
1992,NLD,ISL,
1993,NLD,ISL,
1994,NLD,ISL,
1996,NLD,ISL,
1997,NLD,ISL,
1999,NLD,ISL,
2000,NLD,ISL,
2001,NLD,ISL,
2003,NLD,ISL,
2004,NLD,ISL,
2008,NLD,ISL,.0557346054645056
2009,NLD,ISL,.0613164519543983
2010,NLD,ISL,.0739627180650484
2011,NLD,ISL,.064754582452261
2012,NLD,ISL,.0365817708236666
2013,NLD,ISL,.0416721610965792
2014,NLD,ISL,.0601471026930815
2019,NLD,ISL,.0479582948461559
2021,NLD,ISL,.0449723747697492
2022,NLD,ISL,.0361212975398923
2025,NLD,ISL,
1986,NOR,ISL,
1987,NOR,ISL,
1988,NOR,ISL,
1989,NOR,ISL,
1990,NOR,ISL,
1991,NOR,ISL,
1992,NOR,ISL,
1993,NOR,ISL,
1994,NOR,ISL,
1995,NOR,ISL,.1018459030836959
1996,NOR,ISL,.1109693543908153
1997,NOR,ISL,.0933441685932949
1999,NOR,ISL,.1154670561558814
2000,NOR,ISL,.0774723332231623
2001,NOR,ISL,.1104986771600515
2003,NOR,ISL,.1006099366067122
2004,NOR,ISL,.0963009627616614
2008,NOR,ISL,.0857496826365665
2009,NOR,ISL,.0913315291264578
2010,NOR,ISL,.1039777952371098
2011,NOR,ISL,.0947696596243221
2012,NOR,ISL,.0665968479957267
2013,NOR,ISL,.0716872382686396
2014,NOR,ISL,.090162179865143
2019,NOR,ISL,.0779733720182174
2021,NOR,ISL,.0749874519418097
2022,NOR,ISL,.0661363747119534
2025,NOR,ISL,
1986,PRT,ISL,
1987,PRT,ISL,
1988,PRT,ISL,
1989,PRT,ISL,
1990,PRT,ISL,
1991,PRT,ISL,
1992,PRT,ISL,
1993,PRT,ISL,
1994,PRT,ISL,
1995,PRT,ISL,.1531364517220739
1996,PRT,ISL,.1622599030291951
1997,PRT,ISL,.1446347172316734
1999,PRT,ISL,.1667576047942604
2001,PRT,ISL,.1617892257984306
2003,PRT,ISL,.1519004852450902
2004,PRT,ISL,.1475915114000398
2008,PRT,ISL,.1370402312749444
2009,PRT,ISL,.1426220777648367
2010,PRT,ISL,.155268343875488
2011,PRT,ISL,.1460602082627002
2012,PRT,ISL,.1178873966341059
2014,PRT,ISL,.141452728503521
2019,PRT,ISL,.1292639206565956
2021,PRT,ISL,.1262780005801887
2022,PRT,ISL,.1174269233503321
2025,PRT,ISL,
1986,ESP,ISL,
1987,ESP,ISL,
1988,ESP,ISL,
1989,ESP,ISL,
1990,ESP,ISL,
1991,ESP,ISL,
1992,ESP,ISL,
1993,ESP,ISL,
1994,ESP,ISL,
1995,ESP,ISL,
1996,ESP,ISL,
1997,ESP,ISL,
1999,ESP,ISL,
2000,ESP,ISL,
2001,ESP,ISL,
2003,ESP,ISL,
2004,ESP,ISL,
2008,ESP,ISL,
2009,ESP,ISL,
2010,ESP,ISL,
2011,ESP,ISL,
2012,ESP,ISL,
2013,ESP,ISL,
2014,ESP,ISL,
2019,ESP,ISL,
2021,ESP,ISL,
2022,ESP,ISL,
2025,ESP,ISL,
1986,SWE,ISL,
1987,SWE,ISL,
1988,SWE,ISL,
1989,SWE,ISL,
1990,SWE,ISL,
1991,SWE,ISL,
1992,SWE,ISL,
1993,SWE,ISL,
1994,SWE,ISL,
1995,SWE,ISL,
1996,SWE,ISL,
1997,SWE,ISL,
1999,SWE,ISL,
2000,SWE,ISL,
2001,SWE,ISL,
2003,SWE,ISL,
2004,SWE,ISL,
2008,SWE,ISL,.074308246997797
2009,SWE,ISL,.0798900934876895
2010,SWE,ISL,.0925363595983402
2011,SWE,ISL,.0833282239855525
2012,SWE,ISL,.0551554123569582
2013,SWE,ISL,.0602458026298708
2014,SWE,ISL,.0787207442263735
2019,SWE,ISL,.066531936379448
2021,SWE,ISL,.0635460163030401
2022,SWE,ISL,.054694939073184
2025,SWE,ISL,
1986,CHE,ISL,
1987,CHE,ISL,
1988,CHE,ISL,
1989,CHE,ISL,
1990,CHE,ISL,
1991,CHE,ISL,
1992,CHE,ISL,
1993,CHE,ISL,
1994,CHE,ISL,
1996,CHE,ISL,
1997,CHE,ISL,
2000,CHE,ISL,
2004,CHE,ISL,
2008,CHE,ISL,
2009,CHE,ISL,
2010,CHE,ISL,
2011,CHE,ISL,.0688913716787696
2012,CHE,ISL,.0407185600501745
2013,CHE,ISL,.0458089503230872
2014,CHE,ISL,.0642838919195903
2019,CHE,ISL,.0520950840726641
2021,CHE,ISL,.0491091639962571
2022,CHE,ISL,.0402580867664005
2025,CHE,ISL,
1986,TUR,ISL,
1987,TUR,ISL,
1988,TUR,ISL,
1989,TUR,ISL,
1990,TUR,ISL,
1991,TUR,ISL,
1992,TUR,ISL,
1993,TUR,ISL,
1995,TUR,ISL,
1996,TUR,ISL,
1997,TUR,ISL,
1999,TUR,ISL,
2000,TUR,ISL,
2001,TUR,ISL,
2003,TUR,ISL,
2004,TUR,ISL,
2008,TUR,ISL,
2009,TUR,ISL,
2010,TUR,ISL,
2011,TUR,ISL,
2012,TUR,ISL,
1986,GBR,ISL,
1987,GBR,ISL,
1988,GBR,ISL,
1989,GBR,ISL,
1990,GBR,ISL,
1991,GBR,ISL,
1992,GBR,ISL,
1993,GBR,ISL,
1994,GBR,ISL,
1995,GBR,ISL,
1996,GBR,ISL,
1997,GBR,ISL,
1999,GBR,ISL,
2000,GBR,ISL,
2001,GBR,ISL,
2003,GBR,ISL,
2004,GBR,ISL,
2008,GBR,ISL,
2009,GBR,ISL,
2010,GBR,ISL,
2011,GBR,ISL,
2012,GBR,ISL,
2013,GBR,ISL,
2014,GBR,ISL,
2019,GBR,ISL,
2021,GBR,ISL,
2022,GBR,ISL,
2025,GBR,ISL,
1986,YUG,ISL,
1987,YUG,ISL,
1988,YUG,ISL,
1989,YUG,ISL,
1990,YUG,ISL,
1991,YUG,ISL,
1992,YUG,ISL,
1987,GRC,ISL,
1988,GRC,ISL,
1989,GRC,ISL,
1990,GRC,ISL,
1991,GRC,ISL,
1992,GRC,ISL,
1993,GRC,ISL,
1994,GRC,ISL,
1995,GRC,ISL,.1317124955097069
1996,GRC,ISL,.1408359468168284
1997,GRC,ISL,.1232107610193068
2001,GRC,ISL,.1403652695860635
2003,GRC,ISL,.1304765290327239
2004,GRC,ISL,.1261675551876735
2008,GRC,ISL,.1156162750625792
2009,GRC,ISL,.1211981215524706
2010,GRC,ISL,.1338443876631219
2011,GRC,ISL,.1246362520503342
2012,GRC,ISL,.0964634404217394
2013,GRC,ISL,.1015538306946518
2014,GRC,ISL,.1200287722911547
2019,GRC,ISL,.107839964444229
2021,GRC,ISL,.1048540443678218
2022,GRC,ISL,.0960029671379658
2025,GRC,ISL,
1987,ISL,ITA,
1988,ISL,ITA,
1989,ISL,ITA,
1990,ISL,ITA,
1991,ISL,ITA,
1992,ISL,ITA,
1993,ISL,ITA,
1997,ISL,ITA,.1221436403775101
2011,ISL,ITA,.1235691314085369
2012,ISL,ITA,.0953963197799429
2013,ISL,ITA,.1004867100528547
2014,ISL,ITA,.1189616516493585
2015,ISL,ITA,.1138707671000543
2016,ISL,ITA,.1063188850020353
2017,ISL,ITA,.0936966109699521
2018,ISL,ITA,.1063049724769078
2019,ISL,ITA,.1067728438024319
2021,ISL,ITA,.1037869237260252
2022,ISL,ITA,.0949358464961687
2023,ISL,ITA,.114096066036243
2024,ISL,ITA,.127664225204772
2025,ISL,ITA,
1987,ISL,GRC,
1988,ISL,GRC,
1989,ISL,GRC,
1990,ISL,GRC,
1991,ISL,GRC,
1992,ISL,GRC,
1993,ISL,GRC,
1994,ISL,GRC,
1995,ISL,GRC,.1054815682244507
1996,ISL,GRC,.1146050195315711
1997,ISL,GRC,.0969798337340502
2001,ISL,GRC,.1141343423008057
2003,ISL,GRC,.1042456017474668
2004,ISL,GRC,.0999366279024165
2005,ISL,GRC,.0940934020458013
2006,ISL,GRC,.1050606869502503
2007,ISL,GRC,.1030986169143134
2008,ISL,GRC,.0893853477773214
2009,ISL,GRC,.0949671942672141
2010,ISL,GRC,.1076134603778642
2011,ISL,GRC,.0984053247650769
2012,ISL,GRC,.0702325131364827
2013,ISL,GRC,.0753229034093951
2014,ISL,GRC,.0937978450058976
2015,ISL,GRC,.0887069604565943
2017,ISL,GRC,.0685328043264912
2019,ISL,GRC,.0816090371589721
2021,ISL,GRC,.0786231170825651
2022,ISL,GRC,.0697720398527089
2024,ISL,GRC,.1025004185613108
2025,ISL,GRC,
1987,ITA,ISL,
1988,ITA,ISL,
1989,ITA,ISL,
1990,ITA,ISL,
1991,ITA,ISL,
1992,ITA,ISL,
1993,ITA,ISL,
1997,ITA,ISL,
2011,ITA,ISL,.0734448697465076
2012,ITA,ISL,.045272058117913
2013,ITA,ISL,.0503624483908253
2014,ITA,ISL,.0688373899873286
2019,ITA,ISL,.0566485821404032
2021,ITA,ISL,.0536626620639947
2022,ITA,ISL,.044811584834139
2025,ITA,ISL,
1991,CYP,MLT,
1992,CYP,MLT,
1993,CYP,MLT,
1994,CYP,MLT,
1995,CYP,MLT,.0930180221022492
1996,CYP,MLT,.1021414734093697
1997,CYP,MLT,.0845162876118488
1998,CYP,MLT,.1061475311474789
1999,CYP,MLT,.1066391751744352
2000,CYP,MLT,.0686444522417162
2002,CYP,MLT,.0884115943534994
2003,CYP,MLT,.0917820556252645
2004,CYP,MLT,.0874730817802144
2005,CYP,MLT,.0816298559235997
2006,CYP,MLT,.0925971408280498
2009,CYP,MLT,.082503648145012
2012,CYP,MLT,.0577689670142807
2013,CYP,MLT,.0628593572871937
2016,CYP,MLT,.0686915322363735
2019,CYP,MLT,.0691454910367704
2021,CYP,MLT,.066159570960363
2025,CYP,MLT,
2026,CYP,MLT,
1991,DNK,MLT,
1992,DNK,MLT,
1993,DNK,MLT,
1995,DNK,MLT,.0521060091261442
1997,DNK,MLT,.0436042746357433
1999,DNK,MLT,.0657271621983307
2000,DNK,MLT,.0277324392656113
2001,DNK,MLT,.0607587832025007
2002,DNK,MLT,.0474995813773965
2004,DNK,MLT,.0465610688041093
2005,DNK,MLT,.0407178429474941
2006,DNK,MLT,.0516851278519444
2009,DNK,MLT,.041591635168908
2012,DNK,MLT,.0168569540381754
2013,DNK,MLT,.0219473443110886
2014,DNK,MLT,.0404222859075913
2016,DNK,MLT,.0277795192602689
2019,DNK,MLT,.0282334780606658
2021,DNK,MLT,.0252475579842582
2025,DNK,MLT,
2026,DNK,MLT,
1991,GRC,MLT,
1992,GRC,MLT,
1993,GRC,MLT,
1994,GRC,MLT,
1995,GRC,MLT,.0901385583492726
1996,GRC,MLT,.0992620096563931
1997,GRC,MLT,.081636823858872
1998,GRC,MLT,.1032680673945032
2001,GRC,MLT,.0987913324256287
2002,GRC,MLT,.0855321306005243
2003,GRC,MLT,.0889025918722886
2004,GRC,MLT,.0845936180272388
2005,GRC,MLT,.0787503921706237
2006,GRC,MLT,.0897176770750727
2009,GRC,MLT,.0796241843920354
2012,GRC,MLT,.0548895032613049
2013,GRC,MLT,.0599798935342173
2014,GRC,MLT,.0784548351307205
2016,GRC,MLT,.0658120684833977
2019,GRC,MLT,.0662660272837949
2021,GRC,MLT,.0632801072073872
2025,GRC,MLT,
2026,GRC,MLT,
1991,ISL,MLT,
1992,ISL,MLT,
1993,ISL,MLT,
1994,ISL,MLT,
1995,ISL,MLT,.1149007017452399
1996,ISL,MLT,.1240241530523604
1997,ISL,MLT,.1063989672548398
1999,ISL,MLT,.1285218548174268
2000,ISL,MLT,.0905271318847073
2001,ISL,MLT,.1235534758215964
2003,ISL,MLT,.1136647352682564
2004,ISL,MLT,.1093557614232061
2005,ISL,MLT,.1035125355665903
2006,ISL,MLT,.1144798204710405
2009,ISL,MLT,.1043863277880026
2012,ISL,MLT,.079651646657272
2013,ISL,MLT,.0847420369301841
2014,ISL,MLT,.1032169785266871
2016,ISL,MLT,.0905742118793642
2019,ISL,MLT,.0910281706797616
2021,ISL,MLT,.0880422506033547
2025,ISL,MLT,
1991,MLT,CYP,
1992,MLT,CYP,
1993,MLT,CYP,
1994,MLT,CYP,
1995,MLT,CYP,.0667822783224509
1996,MLT,CYP,.075905729629571
1997,MLT,CYP,.0582805438320507
1998,MLT,CYP,.0799117873676804
1999,MLT,CYP,.0804034313946371
2000,MLT,CYP,.0424087084619181
2002,MLT,CYP,.062175850573702
2003,MLT,CYP,.0655463118454672
2004,MLT,CYP,.0612373380004163
2005,MLT,CYP,.0553941121438007
2010,MLT,CYP,.0689141704758645
2012,MLT,CYP,.0315332232344825
2015,MLT,CYP,.0500076705545938
2016,MLT,CYP,.0424557884565752
2017,MLT,CYP,.0298335144244915
2018,MLT,CYP,.0424418759314473
2019,MLT,CYP,.0429097472569719
2021,MLT,CYP,.0399238271805649
2023,MLT,CYP,.050232969490783
2024,MLT,CYP,.063801128659311
2026,MLT,CYP,
1991,MLT,GRC,
1992,MLT,GRC,
1993,MLT,GRC,
1994,MLT,GRC,
1995,MLT,GRC,.0686956618805813
1996,MLT,GRC,.0778191131877017
1997,MLT,GRC,.0601939273901806
1998,MLT,GRC,.0818251709258116
2001,MLT,GRC,.0773484359569369
2002,MLT,GRC,.0640892341318328
2003,MLT,GRC,.0674596954035973
2004,MLT,GRC,.0631507215585474
2005,MLT,GRC,.0573074957019318
2006,MLT,GRC,.0682747806063829
2007,MLT,GRC,.0663127105704444
2008,MLT,GRC,.0525994414334521
2009,MLT,GRC,.0581812879233446
2010,MLT,GRC,.0708275540339955
2011,MLT,GRC,.0616194184212074
2012,MLT,GRC,.0334466067926131
2013,MLT,GRC,.0385369970655258
2014,MLT,GRC,.0570119386620286
2015,MLT,GRC,.0519210541127249
2017,MLT,GRC,.0317468979826234
2019,MLT,GRC,.044823130815103
2021,MLT,GRC,.0418372107386963
2022,MLT,GRC,.0329861335088394
2024,MLT,GRC,.0657145122174416
2025,MLT,GRC,
2026,MLT,GRC,
1991,MLT,ISL,
1992,MLT,ISL,
1993,MLT,ISL,
1994,MLT,ISL,
1995,MLT,ISL,
1996,MLT,ISL,
1997,MLT,ISL,
1999,MLT,ISL,
2000,MLT,ISL,
2001,MLT,ISL,
2003,MLT,ISL,
2004,MLT,ISL,
2008,MLT,ISL,
2009,MLT,ISL,
2010,MLT,ISL,
2011,MLT,ISL,
2012,MLT,ISL,
2013,MLT,ISL,
2014,MLT,ISL,
2019,MLT,ISL,
2021,MLT,ISL,
2022,MLT,ISL,
2025,MLT,ISL,
1991,MLT,DNK,
1992,MLT,DNK,
1993,MLT,DNK,
1995,MLT,DNK,.0613626015563603
1997,MLT,DNK,.0528608670659598
1999,MLT,DNK,.0749837546285475
2000,MLT,DNK,.0369890316958281
2001,MLT,DNK,.0700153756327161
2002,MLT,DNK,.0567561738076111
2005,MLT,DNK,.0499744353777115
2006,MLT,DNK,.0609417202821609
2008,MLT,DNK,.0452663811092319
2009,MLT,DNK,.0508482275991239
2010,MLT,DNK,.0634944937097748
2011,MLT,DNK,.0542863580969871
2012,MLT,DNK,.0261135464683927
2013,MLT,DNK,.0312039367413054
2014,MLT,DNK,.0496788783378081
2017,MLT,DNK,.0244138376584018
2018,MLT,DNK,.0370221991653567
2019,MLT,DNK,.0374900704908827
2025,MLT,DNK,
2026,MLT,DNK,
1993,AUT,HRV,
1994,AUT,HRV,
1995,AUT,HRV,.0179643716025477
1996,AUT,HRV,.0270878229096685
1997,AUT,HRV,.0094626371121478
1999,AUT,HRV,.0315855246747355
2000,AUT,HRV,-.0064091982579846
2002,AUT,HRV,.0133579438537993
2003,AUT,HRV,.0167284051255648
2004,AUT,HRV,.0124194312805138
2005,AUT,HRV,.0065762054238983
2016,AUT,HRV,-.0063621182633276
2017,AUT,HRV,-.0189843922954108
2023,AUT,HRV,.0014150627708797
2024,AUT,HRV,.0149832219394086
2026,AUT,HRV,
1993,AUT,BIH,
1994,AUT,BIH,
1995,AUT,BIH,
1996,AUT,BIH,.0443779365325656
1997,AUT,BIH,.0267527507350442
1999,AUT,BIH,.0488756382976319
2002,AUT,BIH,.0306480574766962
2003,AUT,BIH,.0340185187484613
2004,AUT,BIH,.0297095449034102
2005,AUT,BIH,.0238663190467955
2007,AUT,BIH,.0328715339153084
2011,AUT,BIH,.0281782417660708
2012,AUT,BIH,5.43013747600e-06
1993,AUT,SVN,
1995,AUT,SVN,-.1071111658618697
1996,AUT,SVN,-.0979877145547489
1997,AUT,SVN,-.1156129003522703
1999,AUT,SVN,-.0934900127896829
2002,AUT,SVN,-.1117175936106183
2003,AUT,SVN,-.1083471323388535
2007,AUT,SVN,-.1094941171720064
2011,AUT,SVN,-.1141874093212432
2014,AUT,SVN,-.1187948890804222
2015,AUT,SVN,-.1238857736297259
2018,AUT,SVN,-.1314515682528729
2019,AUT,SVN,-.1309836969273478
2023,AUT,SVN,-.1236604746935376
2024,AUT,SVN,-.1100923155250086
1993,BEL,HRV,
1995,BEL,HRV,
1996,BEL,HRV,
1998,BEL,HRV,
1999,BEL,HRV,
2000,BEL,HRV,
2002,BEL,HRV,
2003,BEL,HRV,
2004,BEL,HRV,
2005,BEL,HRV,
2006,BEL,HRV,
2008,BEL,HRV,
2009,BEL,HRV,
2016,BEL,HRV,-.018390846949972
2017,BEL,HRV,-.0310131209820552
2023,BEL,HRV,-.0106136659157651
2024,BEL,HRV,.0029544932527637
2026,BEL,HRV,
1993,BEL,BIH,
1995,BEL,BIH,
1996,BEL,BIH,
1999,BEL,BIH,
2002,BEL,BIH,
2003,BEL,BIH,
2004,BEL,BIH,
2005,BEL,BIH,
2006,BEL,BIH,
2007,BEL,BIH,
2008,BEL,BIH,
2009,BEL,BIH,
2010,BEL,BIH,.0253576486922149
2011,BEL,BIH,.0161495130794268
2012,BEL,BIH,-.0120232985491678
1993,BEL,SVN,
1995,BEL,SVN,
1996,BEL,SVN,
1998,BEL,SVN,
1999,BEL,SVN,
2002,BEL,SVN,
2003,BEL,SVN,
2007,BEL,SVN,
2011,BEL,SVN,-.1262161380078876
2014,BEL,SVN,-.1308236177670665
2015,BEL,SVN,-.1359145023163708
2018,BEL,SVN,-.1434802969395177
2019,BEL,SVN,-.1430124256139926
2023,BEL,SVN,-.135689203380182
2024,BEL,SVN,-.1221210442116532
1993,BIH,IRL,
1994,BIH,IRL,
1995,BIH,IRL,
1996,BIH,IRL,
1997,BIH,IRL,
1999,BIH,IRL,
2001,BIH,IRL,
2003,BIH,IRL,
2004,BIH,IRL,
2006,BIH,IRL,
2007,BIH,IRL,
2010,BIH,IRL,
2011,BIH,IRL,
2012,BIH,IRL,
1993,BIH,GBR,
1994,BIH,GBR,
1995,BIH,GBR,
1996,BIH,GBR,
1997,BIH,GBR,
1999,BIH,GBR,
2001,BIH,GBR,
2002,BIH,GBR,
2003,BIH,GBR,
2004,BIH,GBR,
2005,BIH,GBR,
2006,BIH,GBR,
2007,BIH,GBR,
2008,BIH,GBR,
2009,BIH,GBR,
2010,BIH,GBR,
2011,BIH,GBR,
2012,BIH,GBR,
2016,BIH,GBR,
1993,BIH,CHE,
1994,BIH,CHE,
1996,BIH,CHE,
1997,BIH,CHE,
2002,BIH,CHE,
2005,BIH,CHE,
2006,BIH,CHE,
2011,BIH,CHE,
1993,BIH,FRA,
1994,BIH,FRA,
1995,BIH,FRA,
1996,BIH,FRA,-.0783389877134511
1997,BIH,FRA,-.0959641735109728
1999,BIH,FRA,-.0738412859483855
2001,BIH,FRA,-.0788096649442166
2002,BIH,FRA,-.0920688667693209
2003,BIH,FRA,-.088698405497556
2004,BIH,FRA,-.0930073793426056
2005,BIH,FRA,-.0988506051992214
2006,BIH,FRA,-.0878833202947715
2007,BIH,FRA,-.0898453903307093
2008,BIH,FRA,-.1035586594677004
2009,BIH,FRA,-.0979768129778084
2010,BIH,FRA,-.0853305468671584
2011,BIH,FRA,-.0945386824799452
2012,BIH,FRA,-.1227114941085398
2016,BIH,FRA,-.111788928886448
1993,BIH,NOR,
1994,BIH,NOR,
1995,BIH,NOR,
1996,BIH,NOR,
1997,BIH,NOR,
1999,BIH,NOR,
2001,BIH,NOR,
2003,BIH,NOR,
2004,BIH,NOR,
2005,BIH,NOR,
2006,BIH,NOR,
2008,BIH,NOR,
2009,BIH,NOR,
2010,BIH,NOR,
2012,BIH,NOR,
1993,BIH,NLD,
1994,BIH,NLD,
1996,BIH,NLD,
1997,BIH,NLD,
1999,BIH,NLD,
2001,BIH,NLD,
2003,BIH,NLD,
2004,BIH,NLD,
2016,BIH,NLD,
1993,BIH,SWE,
1994,BIH,SWE,
1995,BIH,SWE,
1996,BIH,SWE,
1997,BIH,SWE,
1999,BIH,SWE,
2001,BIH,SWE,
2002,BIH,SWE,
2003,BIH,SWE,
2004,BIH,SWE,
2005,BIH,SWE,
2006,BIH,SWE,
2007,BIH,SWE,
2008,BIH,SWE,
2009,BIH,SWE,
2011,BIH,SWE,
2012,BIH,SWE,
2016,BIH,SWE,
1993,BIH,MLT,
1994,BIH,MLT,
1995,BIH,MLT,
1996,BIH,MLT,
1997,BIH,MLT,
1999,BIH,MLT,
2001,BIH,MLT,
2002,BIH,MLT,
2003,BIH,MLT,
2004,BIH,MLT,
2005,BIH,MLT,
2006,BIH,MLT,
2009,BIH,MLT,
2012,BIH,MLT,
2016,BIH,MLT,
1993,BIH,GRC,
1994,BIH,GRC,
1995,BIH,GRC,
1996,BIH,GRC,
1997,BIH,GRC,
2001,BIH,GRC,
2002,BIH,GRC,
2003,BIH,GRC,
2004,BIH,GRC,
2005,BIH,GRC,
2006,BIH,GRC,
2007,BIH,GRC,
2008,BIH,GRC,
2009,BIH,GRC,
2010,BIH,GRC,
2011,BIH,GRC,
2012,BIH,GRC,
1993,BIH,PRT,
1994,BIH,PRT,
1995,BIH,PRT,
1996,BIH,PRT,
1997,BIH,PRT,
1999,BIH,PRT,
2001,BIH,PRT,
2003,BIH,PRT,
2008,BIH,PRT,
2009,BIH,PRT,
2010,BIH,PRT,
1993,BIH,ESP,
1994,BIH,ESP,
1995,BIH,ESP,
1996,BIH,ESP,
1997,BIH,ESP,
1999,BIH,ESP,
2001,BIH,ESP,
2002,BIH,ESP,
2003,BIH,ESP,
2004,BIH,ESP,
2005,BIH,ESP,
2006,BIH,ESP,
2007,BIH,ESP,
2008,BIH,ESP,
2009,BIH,ESP,
2010,BIH,ESP,
2011,BIH,ESP,
2012,BIH,ESP,
2016,BIH,ESP,
1993,BIH,ITA,
1997,BIH,ITA,.075768088106843
2011,BIH,ITA,.0771935791378693
2012,BIH,ITA,.0490207675092739
2016,BIH,ITA,.0599433327313669
1993,BIH,ISL,
1994,BIH,ISL,
1995,BIH,ISL,
1996,BIH,ISL,
1997,BIH,ISL,
1999,BIH,ISL,
2001,BIH,ISL,
2003,BIH,ISL,
2004,BIH,ISL,
2008,BIH,ISL,
2009,BIH,ISL,
2010,BIH,ISL,
2011,BIH,ISL,
2012,BIH,ISL,
1993,BIH,AUT,
1994,BIH,AUT,
1995,BIH,AUT,
1996,BIH,AUT,.000470367922175
1997,BIH,AUT,-.017154817875347
1999,BIH,AUT,.0049680696872412
2002,BIH,AUT,-.0132595111336951
2003,BIH,AUT,-.0098890498619298
2004,BIH,AUT,-.0141980237069799
2011,BIH,AUT,-.0157293268443195
2016,BIH,AUT,-.0329795732508208
1993,BIH,HRV,
1994,BIH,HRV,
1995,BIH,HRV,
1996,BIH,HRV,.0505974983962534
1997,BIH,HRV,.0329723125987328
1999,BIH,HRV,.0550952001613199
2001,BIH,HRV,.0501268211654891
2002,BIH,HRV,.036867619340384
2003,BIH,HRV,.0402380806121494
2004,BIH,HRV,.0359291067670986
2005,BIH,HRV,.0300858809104831
2006,BIH,HRV,.0410531658149338
2008,BIH,HRV,.0253778266420042
2009,BIH,HRV,.0309596731318956
2016,BIH,HRV,.0171475572232573
1993,BIH,FIN,
1994,BIH,FIN,
1996,BIH,FIN,
2002,BIH,FIN,
2006,BIH,FIN,
2007,BIH,FIN,
2008,BIH,FIN,
2009,BIH,FIN,
2011,BIH,FIN,
1993,BIH,DEU,
1994,BIH,DEU,
1995,BIH,DEU,
1997,BIH,DEU,-.1647993071937937
1999,BIH,DEU,-.1426764196312061
2001,BIH,DEU,-.1476447986270371
2002,BIH,DEU,-.1609040004521416
2003,BIH,DEU,-.1575335391803767
2004,BIH,DEU,-.1618425130254272
2005,BIH,DEU,-.1676857388820425
2006,BIH,DEU,-.1567184539775925
2007,BIH,DEU,-.1586805240135296
2008,BIH,DEU,-.1723937931505216
2009,BIH,DEU,-.1668119466606297
2010,BIH,DEU,-.1541656805499791
2011,BIH,DEU,-.1633738161627664
2012,BIH,DEU,-.191546627791361
2016,BIH,DEU,-.1806240625692684
1993,BIH,CYP,
1994,BIH,CYP,
1995,BIH,CYP,
1996,BIH,CYP,
1997,BIH,CYP,
1999,BIH,CYP,
2002,BIH,CYP,
2003,BIH,CYP,
2004,BIH,CYP,
2005,BIH,CYP,
2010,BIH,CYP,
2012,BIH,CYP,
2016,BIH,CYP,
1993,BIH,LUX,
1993,BIH,TUR,
1995,BIH,TUR,
1996,BIH,TUR,
1997,BIH,TUR,
1999,BIH,TUR,
2001,BIH,TUR,
2002,BIH,TUR,
2003,BIH,TUR,
2004,BIH,TUR,
2005,BIH,TUR,
2006,BIH,TUR,
2007,BIH,TUR,
2008,BIH,TUR,
2009,BIH,TUR,
2010,BIH,TUR,
2012,BIH,TUR,
1993,BIH,DNK,
1995,BIH,DNK,
1997,BIH,DNK,
1999,BIH,DNK,
2001,BIH,DNK,
2002,BIH,DNK,
2005,BIH,DNK,
2006,BIH,DNK,
2008,BIH,DNK,
2009,BIH,DNK,
2010,BIH,DNK,
2011,BIH,DNK,
2012,BIH,DNK,
1993,BIH,SVN,
1995,BIH,SVN,
1996,BIH,SVN,-.074478039068164
1997,BIH,SVN,-.0921032248656845
1999,BIH,SVN,-.0699803373030979
2001,BIH,SVN,-.074948716298928
2002,BIH,SVN,-.0882079181240334
2003,BIH,SVN,-.0848374568522683
2007,BIH,SVN,-.0859844416854214
2011,BIH,SVN,-.0906777338346569
1993,BIH,ISR,
1995,BIH,ISR,
1999,BIH,ISR,
2001,BIH,ISR,
2002,BIH,ISR,
2003,BIH,ISR,
2005,BIH,ISR,
2006,BIH,ISR,
2008,BIH,ISR,
2009,BIH,ISR,
2010,BIH,ISR,
2016,BIH,ISR,
1993,BIH,BEL,
1995,BIH,BEL,
1996,BIH,BEL,
1999,BIH,BEL,
2002,BIH,BEL,
2003,BIH,BEL,
2004,BIH,BEL,
2010,BIH,BEL,
2016,BIH,BEL,
1993,HRV,IRL,
1994,HRV,IRL,
1995,HRV,IRL,-.0069107173101831
1996,HRV,IRL,.0022127339969385
1997,HRV,IRL,-.0154124518005838
1998,HRV,IRL,.0062187917350471
1999,HRV,IRL,.0067104357620039
2000,HRV,IRL,-.0312842871707156
2001,HRV,IRL,.0017420567661734
2003,HRV,IRL,-.0081466837871665
2004,HRV,IRL,-.0124556576322171
2006,HRV,IRL,-.0073315985843831
2007,HRV,IRL,-.0092936686203201
2010,HRV,IRL,-.0047788251567683
2011,HRV,IRL,-.0139869607695558
2012,HRV,IRL,-.0421597723981511
2013,HRV,IRL,-.0370693821252383
2018,HRV,IRL,-.031251119701186
2024,HRV,IRL,-.0098918669733227
1993,HRV,GBR,
1994,HRV,GBR,
1995,HRV,GBR,-.1316427057381914
1996,HRV,GBR,-.122519254431071
1997,HRV,GBR,-.1401444402285912
1998,HRV,GBR,-.1185131966929615
1999,HRV,GBR,-.1180215526660043
2000,HRV,GBR,-.1560162755987241
2001,HRV,GBR,-.1229899316618359
2002,HRV,GBR,-.1362491334869398
2003,HRV,GBR,-.1328786722151754
2004,HRV,GBR,-.1371876460602253
2005,HRV,GBR,-.1430308719168411
2006,HRV,GBR,-.132063587012391
2007,HRV,GBR,-.1340256570483281
2008,HRV,GBR,-.1477389261853203
2009,HRV,GBR,-.1421570796954276
2010,HRV,GBR,-.1295108135847774
2011,HRV,GBR,-.138718949197565
2012,HRV,GBR,-.1668917608261594
2013,HRV,GBR,-.1618013705532466
2016,HRV,GBR,-.1559691956040669
2017,HRV,GBR,-.1685914696361502
2018,HRV,GBR,-.1559831081291947
2019,HRV,GBR,-.1555152368036696
2021,HRV,GBR,-.1585011568800768
2022,HRV,GBR,-.1673522341099334
2023,HRV,GBR,-.1481920145698591
2024,HRV,GBR,-.134623855401331
2025,HRV,GBR,
2026,HRV,GBR,
1993,HRV,CHE,
1994,HRV,CHE,
1996,HRV,CHE,-.0181030542774386
1997,HRV,CHE,-.0357282400749596
1998,HRV,CHE,-.014096996539329
2000,HRV,CHE,-.0516000754450917
2002,HRV,CHE,-.031832933333308
2005,HRV,CHE,-.0386146717632084
2006,HRV,CHE,-.0276473868587584
2011,HRV,CHE,-.0343027490439327
2019,HRV,CHE,-.0510990366500374
2021,HRV,CHE,-.0540849567264453
2022,HRV,CHE,-.0629360339563004
2023,HRV,CHE,-.0437758144162269
2024,HRV,CHE,-.0302076552476989
2025,HRV,CHE,
1993,HRV,FRA,
1994,HRV,FRA,
1995,HRV,FRA,-.1065401361785181
1996,HRV,FRA,-.0974166848713972
1997,HRV,FRA,-.1150418706689192
1998,HRV,FRA,-.0934106271332877
1999,HRV,FRA,-.092918983106332
2000,HRV,FRA,-.1309137060390502
2001,HRV,FRA,-.0978873621021616
2002,HRV,FRA,-.1111465639272671
2003,HRV,FRA,-.1077761026555022
2004,HRV,FRA,-.1120850765005524
2005,HRV,FRA,-.1179283023571677
2006,HRV,FRA,-.1069610174527181
2007,HRV,FRA,-.108923087488655
2008,HRV,FRA,-.1226363566256465
2009,HRV,FRA,-.1170545101357555
2010,HRV,FRA,-.1044082440251037
2011,HRV,FRA,-.1136163796378912
2012,HRV,FRA,-.1417891912664865
2013,HRV,FRA,-.1366988009935741
2016,HRV,FRA,-.1308666260443935
2017,HRV,FRA,-.1434889000764766
2018,HRV,FRA,-.1308805385695216
2019,HRV,FRA,-.1304126672439959
2021,HRV,FRA,-.1333985873204042
2022,HRV,FRA,-.1422496645502604
2023,HRV,FRA,-.1230894450101861
2024,HRV,FRA,-.1095212858416572
2025,HRV,FRA,
2026,HRV,FRA,
1993,HRV,NOR,
1994,HRV,NOR,
1995,HRV,NOR,.0228864366100454
1996,HRV,NOR,.0320098879171657
1997,HRV,NOR,.0143847021196448
1998,HRV,NOR,.0360159456552746
1999,HRV,NOR,.0365075896822325
2000,HRV,NOR,-.001487133250487
2001,HRV,NOR,.0315392106864012
2003,HRV,NOR,.0216504701330618
2004,HRV,NOR,.0173414962880115
2005,HRV,NOR,.011498270431396
2006,HRV,NOR,.0224655553358459
2008,HRV,NOR,.0067902161629168
2009,HRV,NOR,.0123720626528088
2010,HRV,NOR,.0250183287634598
2012,HRV,NOR,-.0123626184779227
2013,HRV,NOR,-.0072722282050098
2017,HRV,NOR,-.0140623272879136
2018,HRV,NOR,-.0014539657809576
2019,HRV,NOR,-.0009860944554324
2021,HRV,NOR,-.0039720145318398
2022,HRV,NOR,-.0128230917616961
2023,HRV,NOR,.0063371277783775
2024,HRV,NOR,.0199052869469064
2025,HRV,NOR,
2026,HRV,NOR,
1993,HRV,NLD,
1994,HRV,NLD,
1996,HRV,NLD,-.0156058027813788
1997,HRV,NLD,-.0332309885788999
1998,HRV,NLD,-.0115997450432701
1999,HRV,NLD,-.0111081010163126
2000,HRV,NLD,-.0491028239490321
2001,HRV,NLD,-.0160764800121433
2003,HRV,NLD,-.0259652205654829
2004,HRV,NLD,-.0302741944105334
2013,HRV,NLD,-.0548879189035547
2016,HRV,NLD,-.0490557439543748
2017,HRV,NLD,-.0616780179864581
2018,HRV,NLD,-.0490696564795028
2019,HRV,NLD,-.0486017851539775
2021,HRV,NLD,-.0515877052303855
2022,HRV,NLD,-.0604387824602418
2025,HRV,NLD,
1993,HRV,SWE,
1994,HRV,SWE,
1995,HRV,SWE,.1089883551527459
1996,HRV,SWE,.1181118064598658
1997,HRV,SWE,.1004866206623445
1998,HRV,SWE,.1221178641979754
1999,HRV,SWE,.1226095082249318
2000,HRV,SWE,.0846147852922124
2001,HRV,SWE,.1176411292291008
2002,HRV,SWE,.1043819274039969
2003,HRV,SWE,.1077523886757621
2004,HRV,SWE,.1034434148307108
2005,HRV,SWE,.0976001889740956
2006,HRV,SWE,.1085674738785452
2007,HRV,SWE,.1066054038426088
2008,HRV,SWE,.0928921347056162
2009,HRV,SWE,.0984739811955089
2011,HRV,SWE,.1019121116933714
2012,HRV,SWE,.0737393000647771
2013,HRV,SWE,.0788296903376896
2016,HRV,SWE,.0846618652868699
2017,HRV,SWE,.0720395912547865
2018,HRV,SWE,.0846479527617415
2019,HRV,SWE,.085115824087267
2021,HRV,SWE,.0821299040108595
2022,HRV,SWE,.0732788267810033
2023,HRV,SWE,.0924390463210769
2024,HRV,SWE,.1060072054896052
2025,HRV,SWE,
2026,HRV,SWE,
1993,HRV,MLT,
1994,HRV,MLT,
1995,HRV,MLT,
1996,HRV,MLT,
1997,HRV,MLT,
1998,HRV,MLT,
1999,HRV,MLT,
2000,HRV,MLT,
2001,HRV,MLT,
2002,HRV,MLT,
2003,HRV,MLT,
2004,HRV,MLT,
2005,HRV,MLT,
2006,HRV,MLT,
2009,HRV,MLT,.0389330783593893
2012,HRV,MLT,.0141983972286575
2013,HRV,MLT,.0192887875015706
2016,HRV,MLT,.02512096245075
2019,HRV,MLT,.0255749212511477
2021,HRV,MLT,.0225890011747402
2025,HRV,MLT,
2026,HRV,MLT,
1993,HRV,GRC,
1994,HRV,GRC,
1995,HRV,GRC,.0400283187958365
1996,HRV,GRC,.0491517701029574
1997,HRV,GRC,.031526584305437
1998,HRV,GRC,.0531578278410662
2001,HRV,GRC,.0486810928721929
2002,HRV,GRC,.0354218910470877
2003,HRV,GRC,.038792352318853
2004,HRV,GRC,.0344833784738019
2005,HRV,GRC,.0286401526171872
2006,HRV,GRC,.0396074375216368
2007,HRV,GRC,.0376453674856993
2008,HRV,GRC,.0239320983487069
2009,HRV,GRC,.0295139448386
2010,HRV,GRC,.0421602109492506
2011,HRV,GRC,.0329520753364625
2012,HRV,GRC,.0047792637078684
2013,HRV,GRC,.0098696539807805
2017,HRV,GRC,.003079554897878
2019,HRV,GRC,.0161557877303582
2021,HRV,GRC,.013169867653951
2022,HRV,GRC,.0043187904240937
2024,HRV,GRC,.0370471691326967
2025,HRV,GRC,
2026,HRV,GRC,
1993,HRV,PRT,
1994,HRV,PRT,
1995,HRV,PRT,.0113964001463995
1996,HRV,PRT,.0205198514535203
1997,HRV,PRT,.0028946656559984
1998,HRV,PRT,.0245259091916286
1999,HRV,PRT,.0250175532185857
2001,HRV,PRT,.0200491742227551
2003,HRV,PRT,.0101604336694158
2008,HRV,PRT,-.0046998203007301
2009,HRV,PRT,.0008820261891628
2010,HRV,PRT,.0135282922998131
2017,HRV,PRT,-.0255523637515608
2018,HRV,PRT,-.0129440022446044
2021,HRV,PRT,-.015462050995487
2022,HRV,PRT,-.0243131282253431
2023,HRV,PRT,-.0051529086852691
2024,HRV,PRT,.00841525048326
2025,HRV,PRT,
1993,HRV,ESP,
1994,HRV,ESP,
1995,HRV,ESP,-.1008431361393884
1996,HRV,ESP,-.0917196848322683
1997,HRV,ESP,-.1093448706297896
1998,HRV,ESP,-.0877136270941589
1999,HRV,ESP,-.0872219830672021
2000,HRV,ESP,-.125216705999922
2001,HRV,ESP,-.0921903620630328
2002,HRV,ESP,-.1054495638881375
2003,HRV,ESP,-.1020791026163723
2004,HRV,ESP,-.1063880764614237
2005,HRV,ESP,-.1122313023180386
2006,HRV,ESP,-.1012640174135884
2007,HRV,ESP,-.1032260874495257
2008,HRV,ESP,-.116939356586518
2009,HRV,ESP,-.1113575100966255
2010,HRV,ESP,-.0987112439859749
2011,HRV,ESP,-.1079193795987629
2012,HRV,ESP,-.1360921912273574
2013,HRV,ESP,-.1310018009544447
2016,HRV,ESP,-.1251696260052644
2017,HRV,ESP,-.137791900037347
2018,HRV,ESP,-.1251835385303923
2019,HRV,ESP,-.1247156672048674
2021,HRV,ESP,-.127701587281275
2022,HRV,ESP,-.136552664511131
2023,HRV,ESP,-.1173924449710575
2024,HRV,ESP,-.1038242858025286
2025,HRV,ESP,
1993,HRV,ITA,
1997,HRV,ITA,.0566903909488971
2011,HRV,ITA,.0581158819799226
2012,HRV,ITA,.0299430703513282
2013,HRV,ITA,.0350334606242412
2016,HRV,ITA,.0408656355734213
2017,HRV,ITA,.0282433615413377
2018,HRV,ITA,.0408517230482927
2019,HRV,ITA,.0413195943738189
2021,HRV,ITA,.0383336742974116
2022,HRV,ITA,.0294825970675548
2023,HRV,ITA,.0486428166076296
2024,HRV,ITA,.0622109757761564
2025,HRV,ITA,
2026,HRV,ITA,
1993,HRV,ISL,
1994,HRV,ISL,
1995,HRV,ISL,
1996,HRV,ISL,
1997,HRV,ISL,
1999,HRV,ISL,
2000,HRV,ISL,
2001,HRV,ISL,
2003,HRV,ISL,
2004,HRV,ISL,
2008,HRV,ISL,.0749251690299328
2009,HRV,ISL,.0805070155198249
2010,HRV,ISL,.0931532816304752
2011,HRV,ISL,.0839451460176875
2012,HRV,ISL,.0557723343890923
2013,HRV,ISL,.0608627246620055
2019,HRV,ISL,.0671488584115829
2021,HRV,ISL,.0641629383351746
2022,HRV,ISL,.0553118611053194
2025,HRV,ISL,
1993,HRV,AUT,
1994,HRV,AUT,
1995,HRV,AUT,-.0277307805428921
1996,HRV,AUT,-.0186073292357712
1997,HRV,AUT,-.0362325150332925
1999,HRV,AUT,-.014109627470706
2000,HRV,AUT,-.0521043504034251
2002,HRV,AUT,-.032337208291641
2003,HRV,AUT,-.0289667470198758
2004,HRV,AUT,-.0332757208649265
2011,HRV,AUT,-.0348070240022657
2016,HRV,AUT,-.0520572704087676
2017,HRV,AUT,-.0646795444408511
2018,HRV,AUT,-.0520711829338961
2023,HRV,AUT,-.0442800893745602
2024,HRV,AUT,-.0307119302060316
2025,HRV,AUT,
2026,HRV,AUT,
1993,HRV,BIH,
1994,HRV,BIH,
1995,HRV,BIH,
1996,HRV,BIH,.0488099148612047
1997,HRV,BIH,.0311847290636836
1999,HRV,BIH,.0533076166262701
2001,HRV,BIH,.0483392376304405
2002,HRV,BIH,.0350800358053351
2003,HRV,BIH,.0384504970771004
2004,HRV,BIH,.03414152323205
2005,HRV,BIH,.028298297375436
2006,HRV,BIH,.0392655822798847
2007,HRV,BIH,.0373035122439465
2008,HRV,BIH,.0235902431069551
2009,HRV,BIH,.0291720895968471
2010,HRV,BIH,.0418183557074984
2011,HRV,BIH,.0326102200947097
2012,HRV,BIH,.0044374084661165
1993,HRV,FIN,
1994,HRV,FIN,
1996,HRV,FIN,-.0344831655780174
1998,HRV,FIN,-.0304771078399081
2000,HRV,FIN,-.0679801867456716
2002,HRV,FIN,-.0482130446338875
2006,HRV,FIN,-.0440274981593376
2007,HRV,FIN,-.0459895681952757
2008,HRV,FIN,-.0597028373322669
2009,HRV,FIN,-.0541209908423749
2011,HRV,FIN,-.0506828603445118
2013,HRV,FIN,-.0737652817001941
2018,HRV,FIN,-.0679470192761423
2021,HRV,FIN,-.0704650680270245
2022,HRV,FIN,-.0793161452568804
2023,HRV,FIN,-.0601559257168067
2024,HRV,FIN,-.0465877665482784
2025,HRV,FIN,
2026,HRV,FIN,
1993,HRV,DEU,
1994,HRV,DEU,
1995,HRV,DEU,-.1753752698613397
1997,HRV,DEU,-.1838770043517398
1998,HRV,DEU,-.1622457608161092
1999,HRV,DEU,-.1617541167891525
2000,HRV,DEU,-.1997488397218717
2001,HRV,DEU,-.1667224957849829
2002,HRV,DEU,-.1799816976100879
2003,HRV,DEU,-.1766112363383232
2004,HRV,DEU,-.1809202101833732
2005,HRV,DEU,-.1867634360399888
2006,HRV,DEU,-.1757961511355387
2007,HRV,DEU,-.1777582211714763
2008,HRV,DEU,-.1914714903084681
2009,HRV,DEU,-.1858896438185758
2010,HRV,DEU,-.1732433777079247
2011,HRV,DEU,-.1824515133207128
2012,HRV,DEU,-.2106243249493077
2013,HRV,DEU,-.205533934676395
2016,HRV,DEU,-.1997017597272149
2017,HRV,DEU,-.2123240337592982
2018,HRV,DEU,-.1997156722523425
2019,HRV,DEU,-.1992478009268173
2021,HRV,DEU,-.2022337210032246
2022,HRV,DEU,-.2110847982330815
2023,HRV,DEU,-.1919245786930074
2024,HRV,DEU,-.1783564195244784
2025,HRV,DEU,
2026,HRV,DEU,
1993,HRV,CYP,
1994,HRV,CYP,
1995,HRV,CYP,
1996,HRV,CYP,
1997,HRV,CYP,
1998,HRV,CYP,
1999,HRV,CYP,
2000,HRV,CYP,
2002,HRV,CYP,
2003,HRV,CYP,
2004,HRV,CYP,
2005,HRV,CYP,
2010,HRV,CYP,.040246827391119
2012,HRV,CYP,.0028658801497371
2016,HRV,CYP,.0137884453718296
2017,HRV,CYP,.0011661713397466
2018,HRV,CYP,.0137745328467021
2019,HRV,CYP,.0142424041722269
2021,HRV,CYP,.0112564840958197
2023,HRV,CYP,.021565626406037
2024,HRV,CYP,.0351337855745661
2026,HRV,CYP,
1993,HRV,LUX,
2024,HRV,LUX,-.0560855578236976
2025,HRV,LUX,
1993,HRV,TUR,
1995,HRV,TUR,.0402650546662943
1996,HRV,TUR,.0493885059734148
1997,HRV,TUR,.0317633201758939
1998,HRV,TUR,.053394563711524
1999,HRV,TUR,.0538862077384815
2000,HRV,TUR,.0158914848057621
2001,HRV,TUR,.0489178287426497
2002,HRV,TUR,.0356586269175459
2003,HRV,TUR,.0390290881893119
2004,HRV,TUR,.034720114344261
2005,HRV,TUR,.0288768884876451
2006,HRV,TUR,.0398441733920956
2007,HRV,TUR,.0378821033561575
2008,HRV,TUR,.0241688342191655
2009,HRV,TUR,.0297506807090581
2010,HRV,TUR,.0423969468197086
2012,HRV,TUR,.0050159995783272
1993,HRV,DNK,
1995,HRV,DNK,.0326952584716151
1997,HRV,DNK,.0241935239812144
1999,HRV,DNK,.0463164115438016
2000,HRV,DNK,.0083216886110828
2001,HRV,DNK,.0413480325479725
2002,HRV,DNK,.028088830722866
2005,HRV,DNK,.0213070922929662
2006,HRV,DNK,.0322743771974157
2008,HRV,DNK,.0165990380244865
2009,HRV,DNK,.0221808845143785
2010,HRV,DNK,.0348271506250294
2011,HRV,DNK,.0256190150122412
2012,HRV,DNK,-.002553796616353
2013,HRV,DNK,.0025365936565601
2017,HRV,DNK,-.004253505426343
2018,HRV,DNK,.0083548560806113
2019,HRV,DNK,.0088227274061371
2025,HRV,DNK,
2026,HRV,DNK,
1993,HRV,SVN,
1995,HRV,SVN,-.1026791875332313
1996,HRV,SVN,-.09355573622611
1997,HRV,SVN,-.1111809220236306
1998,HRV,SVN,-.0895496784880001
1999,HRV,SVN,-.0890580344610424
2001,HRV,SVN,-.0940264134568746
2002,HRV,SVN,-.1072856152819791
2003,HRV,SVN,-.1039151540102139
2007,HRV,SVN,-.1050621388433676
2011,HRV,SVN,-.1097554309926023
2018,HRV,SVN,-.1270195899242346
2019,HRV,SVN,-.1265517185987088
2023,HRV,SVN,-.1192284963648994
2024,HRV,SVN,-.1056603371963701
1993,HRV,ISR,
1995,HRV,ISR,.04888702298403
1998,HRV,ISR,.0620165320292596
1999,HRV,ISR,.0625081760562162
2000,HRV,ISR,.024513453123498
2001,HRV,ISR,.0575397970603858
2002,HRV,ISR,.0442805952352816
2003,HRV,ISR,.0476510565070465
2005,HRV,ISR,.0374988568053805
2006,HRV,ISR,.0484661417098307
2008,HRV,ISR,.0327908025369011
2009,HRV,ISR,.0383726490267934
2010,HRV,ISR,.0510189151374439
2016,HRV,ISR,.0245605331181542
2017,HRV,ISR,.0119382590860714
2018,HRV,ISR,.0245466205930267
2019,HRV,ISR,.0250144919185516
2021,HRV,ISR,.0220285718421449
2023,HRV,ISR,.0323377141523619
2024,HRV,ISR,.045905873320891
2025,HRV,ISR,
2026,HRV,ISR,
1993,HRV,BEL,
1995,HRV,BEL,-.027074031437605
1996,HRV,BEL,-.0179505801304841
1998,HRV,BEL,-.0139445223923753
1999,HRV,BEL,-.0134528783654189
2000,HRV,BEL,-.0514476012981377
2002,HRV,BEL,-.031680459186354
2003,HRV,BEL,-.0283099979145885
2004,HRV,BEL,-.0326189717596393
2010,HRV,BEL,-.0249421392841909
2013,HRV,BEL,-.0572326962526603
2016,HRV,BEL,-.0514005213034807
2017,HRV,BEL,-.0640227953355638
2021,HRV,BEL,-.0539324825794907
2022,HRV,BEL,-.0627835598093472
2023,HRV,BEL,-.0436233402692734
2026,HRV,BEL,
1993,CYP,HRV,
1994,CYP,HRV,
1995,CYP,HRV,.0659669197168094
1996,CYP,HRV,.0750903710239303
1997,CYP,HRV,.0574651852264088
1998,CYP,HRV,.07909642876204
1999,CYP,HRV,.0795880727889966
2000,CYP,HRV,.0415933498562772
2002,CYP,HRV,.0613604919680609
2003,CYP,HRV,.0647309532398266
2004,CYP,HRV,.0604219793947757
2005,CYP,HRV,.0545787535381604
2006,CYP,HRV,.0655460384426097
2008,CYP,HRV,.049870699269681
2009,CYP,HRV,.0554525457595735
2016,CYP,HRV,.0416404298509347
2017,CYP,HRV,.0290181558188509
2023,CYP,HRV,.0494176108851417
2024,CYP,HRV,.0629857700536707
2026,CYP,HRV,
1993,CYP,BIH,
1994,CYP,BIH,
1995,CYP,BIH,
1996,CYP,BIH,.0923804846468278
1997,CYP,BIH,.0747552988493062
1999,CYP,BIH,.0968781864118933
2002,CYP,BIH,.078650605590958
2003,CYP,BIH,.0820210668627231
2004,CYP,BIH,.0777120930176725
2005,CYP,BIH,.0718688671610576
2006,CYP,BIH,.0828361520655068
2007,CYP,BIH,.0808740820295697
2008,CYP,BIH,.0671608128925783
2009,CYP,BIH,.0727426593824702
2010,CYP,BIH,.0853889254931214
2011,CYP,BIH,.0761807898803332
2012,CYP,BIH,.0480079782517387
1993,CYP,SVN,
1995,CYP,SVN,-.059108617747607
1996,CYP,SVN,-.0499851664404869
1997,CYP,SVN,-.0676103522380085
1998,CYP,SVN,-.0459791087023776
1999,CYP,SVN,-.0454874646754207
2002,CYP,SVN,-.063715045496357
2003,CYP,SVN,-.0603445842245918
2007,CYP,SVN,-.0614915690577448
2011,CYP,SVN,-.066184861206981
2015,CYP,SVN,-.0758832255154637
2018,CYP,SVN,-.0834490201386109
2019,CYP,SVN,-.0829811488130853
2023,CYP,SVN,-.0756579265792761
2024,CYP,SVN,-.0620897674107472
1993,DNK,HRV,
1995,DNK,HRV,.0250549067407048
1997,DNK,HRV,.0165531722503044
1999,DNK,HRV,.0386760598128916
2000,DNK,HRV,.0006813368801724
2001,DNK,HRV,.033707680817061
2002,DNK,HRV,.0204484789919563
2004,DNK,HRV,.0195099664186713
2005,DNK,HRV,.0136667405620557
2006,DNK,HRV,.0246340254665058
2008,DNK,HRV,.0089586862935765
2009,DNK,HRV,.0145405327834687
2016,DNK,HRV,.0007284168748295
2017,DNK,HRV,-.0118938571572533
2023,DNK,HRV,.008505597909037
2024,DNK,HRV,.0220737570775663
2026,DNK,HRV,
1993,DNK,BIH,
1995,DNK,BIH,
1997,DNK,BIH,
1999,DNK,BIH,.0559661734357883
2001,DNK,BIH,.0509977944399571
2002,DNK,BIH,.0377385926148528
2004,DNK,BIH,.0368000800415673
2005,DNK,BIH,.0309568541849524
2006,DNK,BIH,.0419241390894018
2007,DNK,BIH,.0399620690534646
2008,DNK,BIH,.0262487999164726
2009,DNK,BIH,.031830646406365
2010,DNK,BIH,.0444769125170165
2011,DNK,BIH,.035268776904228
2012,DNK,BIH,.0070959652756339
1993,DNK,SVN,
1995,DNK,SVN,-.1000206307237125
1997,DNK,SVN,-.1085223652141136
1999,DNK,SVN,-.0863994776515258
2001,DNK,SVN,-.0913678566473567
2002,DNK,SVN,-.1046270584724614
2007,DNK,SVN,-.1024035820338491
2011,DNK,SVN,-.1070968741830866
2014,DNK,SVN,-.1117043539422647
2015,DNK,SVN,-.1167952384915691
2018,DNK,SVN,-.1243610331147159
2019,DNK,SVN,-.1238931617891907
2023,DNK,SVN,-.1165699395553806
2024,DNK,SVN,-.1030017803868519
1993,FIN,HRV,
1994,FIN,HRV,
1996,FIN,HRV,.037309769413163
1998,FIN,HRV,.0413158271512732
2000,FIN,HRV,.00381274824551
2002,FIN,HRV,.023579890357294
2004,FIN,HRV,.0226413777840088
2005,FIN,HRV,.0167981519273937
2006,FIN,HRV,.0277654368318432
2008,FIN,HRV,.0120900976589137
2009,FIN,HRV,.0176719441488063
2016,FIN,HRV,.0038598282401676
2017,FIN,HRV,-.0087624457919162
2023,FIN,HRV,.0116370092743746
2024,FIN,HRV,.0252051684429029
2026,FIN,HRV,
1993,FIN,BIH,
1994,FIN,BIH,
1996,FIN,BIH,.0545998830360602
2002,FIN,BIH,.0408700039801901
2004,FIN,BIH,.0399314914069053
2005,FIN,BIH,.0340882655502907
2006,FIN,BIH,.0450555504547401
2007,FIN,BIH,.0430934804188026
2008,FIN,BIH,.0293802112818102
2009,FIN,BIH,.0349620577717027
2010,FIN,BIH,.0476083238823539
2011,FIN,BIH,.0384001882695658
2012,FIN,BIH,.0102273766409712
1993,FIN,SVN,
1996,FIN,SVN,-.0877657680512544
1998,FIN,SVN,-.0837597103131447
2002,FIN,SVN,-.1014956471071234
2007,FIN,SVN,-.0992721706685115
2011,FIN,SVN,-.1039654628177484
2014,FIN,SVN,-.1085729425769273
2015,FIN,SVN,-.113663827126231
2018,FIN,SVN,-.1212296217493788
2019,FIN,SVN,-.1207617504238531
2023,FIN,SVN,-.1134385281900431
2024,FIN,SVN,-.0998703690215141
1993,FRA,HRV,
1994,FRA,HRV,
1995,FRA,HRV,
1996,FRA,HRV,
1997,FRA,HRV,
1998,FRA,HRV,
1999,FRA,HRV,
2000,FRA,HRV,
2001,FRA,HRV,
2002,FRA,HRV,
2003,FRA,HRV,
2004,FRA,HRV,
2005,FRA,HRV,
2006,FRA,HRV,
2008,FRA,HRV,
2009,FRA,HRV,
2016,FRA,HRV,.0231156612265911
2017,FRA,HRV,.0104933871945086
2023,FRA,HRV,.0308928422607993
2024,FRA,HRV,.0444610014293279
2026,FRA,HRV,
1993,FRA,BIH,
1994,FRA,BIH,
1995,FRA,BIH,
1996,FRA,BIH,
1997,FRA,BIH,
1999,FRA,BIH,
2001,FRA,BIH,
2002,FRA,BIH,
2003,FRA,BIH,
2004,FRA,BIH,
2005,FRA,BIH,
2006,FRA,BIH,
2007,FRA,BIH,
2008,FRA,BIH,
2009,FRA,BIH,
2010,FRA,BIH,
2011,FRA,BIH,
2012,FRA,BIH,
1993,FRA,SVN,
1995,FRA,SVN,
1996,FRA,SVN,
1997,FRA,SVN,
1998,FRA,SVN,
1999,FRA,SVN,
2001,FRA,SVN,
2002,FRA,SVN,
2003,FRA,SVN,
2007,FRA,SVN,
2011,FRA,SVN,
2014,FRA,SVN,-.0893171095905028
2015,FRA,SVN,-.094407994139807
2018,FRA,SVN,-.1019737887629539
2019,FRA,SVN,-.1015059174374284
2023,FRA,SVN,-.0941826952036187
2024,FRA,SVN,-.0806145360350898
1993,DEU,HRV,
1994,DEU,HRV,
1995,DEU,HRV,-.0064343546157764
1997,DEU,HRV,-.0149360891061765
1998,DEU,HRV,.0066951544294536
1999,DEU,HRV,.0071867984564109
2000,DEU,HRV,-.0308079244763086
2001,DEU,HRV,.0022184194605799
2002,DEU,HRV,-.0110407823645252
2003,DEU,HRV,-.0076703210927599
2004,DEU,HRV,-.0119792949378104
2005,DEU,HRV,-.0178225207944261
2006,DEU,HRV,-.006855235889976
2008,DEU,HRV,-.0225305750629054
2009,DEU,HRV,-.0169487285730132
2016,DEU,HRV,-.0307608444816513
2017,DEU,HRV,-.0433831185137347
2023,DEU,HRV,-.0229836634474443
2024,DEU,HRV,-.0094155042789156
2026,DEU,HRV,
1993,DEU,BIH,
1994,DEU,BIH,
1995,DEU,BIH,
1997,DEU,BIH,.0023540245167203
1999,DEU,BIH,.0244769120793075
2001,DEU,BIH,.0195085330834768
2002,DEU,BIH,.0062493312583722
2003,DEU,BIH,.0096197925301366
2004,DEU,BIH,.0053108186850869
2005,DEU,BIH,-.0005324071715281
2006,DEU,BIH,.0104348777329209
2007,DEU,BIH,.0084728076969836
2008,DEU,BIH,-.0052404614400079
2009,DEU,BIH,.0003413850498844
2010,DEU,BIH,.012987651160535
2011,DEU,BIH,.0037795155477471
2012,DEU,BIH,-.0243932960808474
1993,DEU,SVN,
1995,DEU,SVN,
1997,DEU,SVN,
1998,DEU,SVN,
1999,DEU,SVN,
2001,DEU,SVN,
2002,DEU,SVN,
2003,DEU,SVN,
2007,DEU,SVN,
2011,DEU,SVN,
2014,DEU,SVN,
2015,DEU,SVN,
2018,DEU,SVN,
2019,DEU,SVN,
2023,DEU,SVN,-.1480592009118621
2024,DEU,SVN,-.1344910417433331
1993,GRC,HRV,
1994,GRC,HRV,
1995,GRC,HRV,.0630874559638337
1996,GRC,HRV,.0722109072709541
1997,GRC,HRV,.0545857214734334
1998,GRC,HRV,.0762169650090639
2001,GRC,HRV,.0717402300401892
2002,GRC,HRV,.058481028215085
2003,GRC,HRV,.0618514894868498
2004,GRC,HRV,.0575425156417993
2005,GRC,HRV,.0516992897851844
2006,GRC,HRV,.0626665746896344
2008,GRC,HRV,.0469912355167049
2009,GRC,HRV,.052573082006597
2016,GRC,HRV,.0387609660979582
2017,GRC,HRV,.026138692065875
2023,GRC,HRV,.0465381471321654
2024,GRC,HRV,.0601063063006943
2026,GRC,HRV,
1993,GRC,BIH,
1994,GRC,BIH,
1995,GRC,BIH,
1996,GRC,BIH,.0895010208938507
1997,GRC,BIH,.0718758350963306
2001,GRC,BIH,.0890303436630865
2002,GRC,BIH,.0757711418379825
2003,GRC,BIH,.079141603109747
2004,GRC,BIH,.0748326292646965
2005,GRC,BIH,.068989403408081
2006,GRC,BIH,.0799566883125312
2007,GRC,BIH,.0779946182765936
2008,GRC,BIH,.0642813491396015
2009,GRC,BIH,.0698631956294939
2010,GRC,BIH,.0825094617401445
2011,GRC,BIH,.0733013261273572
2012,GRC,BIH,.0451285144987624
1993,GRC,SVN,
1995,GRC,SVN,-.0619880815005829
1996,GRC,SVN,-.0528646301934634
1997,GRC,SVN,-.0704898159909843
1998,GRC,SVN,-.0488585724553536
2001,GRC,SVN,-.0533353074242277
2002,GRC,SVN,-.066594509249332
2003,GRC,SVN,-.0632240479775678
2007,GRC,SVN,-.0643710328107206
2011,GRC,SVN,-.0690643249599573
2014,GRC,SVN,-.0736718047191367
2015,GRC,SVN,-.07876268926844
2018,GRC,SVN,-.086328483891587
2019,GRC,SVN,-.0858606125660622
2023,GRC,SVN,-.0785373903322522
2024,GRC,SVN,-.0649692311637229
1993,ISL,HRV,
1994,ISL,HRV,
1995,ISL,HRV,.0878495993598007
1996,ISL,HRV,.0969730506669214
1997,ISL,HRV,.0793478648694005
1999,ISL,HRV,.1014707524319875
2000,ISL,HRV,.0634760294992684
2001,ISL,HRV,.0965023734361567
2003,ISL,HRV,.086613632882817
2004,ISL,HRV,.0823046590377671
2005,ISL,HRV,.0764614331811516
2006,ISL,HRV,.0874287180856023
2008,ISL,HRV,.071753378912672
2009,ISL,HRV,.0773352254025642
2016,ISL,HRV,.0635231094939258
2017,ISL,HRV,.0509008354618424
2023,ISL,HRV,.0713002905281335
2024,ISL,HRV,.0848684496966611
1993,ISL,BIH,
1994,ISL,BIH,
1995,ISL,BIH,
1996,ISL,BIH,.1142631642898184
1997,ISL,BIH,.0966379784922975
1999,ISL,BIH,.1187608660548843
2001,ISL,BIH,.1137924870590533
2003,ISL,BIH,.1039037465057147
2004,ISL,BIH,.0995947726606643
2005,ISL,BIH,.0937515468040488
2006,ISL,BIH,.1047188317084982
2007,ISL,BIH,.1027567616725608
2008,ISL,BIH,.0890434925355691
2009,ISL,BIH,.094625339025461
2010,ISL,BIH,.1072716051361121
2011,ISL,BIH,.0980634695233244
2012,ISL,BIH,.0698906578947302
1993,ISL,SVN,
1995,ISL,SVN,-.0372259381046163
1996,ISL,SVN,-.0281024867974958
1997,ISL,SVN,-.0457276725950168
1999,ISL,SVN,-.0236047850324302
2001,ISL,SVN,-.0285731640282607
2003,ISL,SVN,-.0384619045815999
2007,ISL,SVN,-.0396088894147537
2011,ISL,SVN,-.0443021815639898
2014,ISL,SVN,-.0489096613231692
2015,ISL,SVN,-.0540005458724729
2018,ISL,SVN,-.06156634049562
2019,ISL,SVN,-.0610984691700946
2023,ISL,SVN,-.0537752469362844
2024,ISL,SVN,-.0402070877677561
1993,IRL,HRV,
1994,IRL,HRV,
1995,IRL,HRV,.0570607392111876
1996,IRL,HRV,.0661841905183087
1997,IRL,HRV,.0485590047207869
1998,IRL,HRV,.070190248256418
1999,IRL,HRV,.0706818922833738
2000,IRL,HRV,.0326871693506547
2001,IRL,HRV,.0657135132875439
2003,IRL,HRV,.0558247727342042
2004,IRL,HRV,.0515157988891529
2005,IRL,HRV,.0456725730325374
2006,IRL,HRV,.0566398579369878
2008,IRL,HRV,.0409645187640582
2009,IRL,HRV,.046546365253951
2016,IRL,HRV,.0327342493453118
2017,IRL,HRV,.0201119753132295
2023,IRL,HRV,.0405114303795199
2024,IRL,HRV,.0540795895480484
1993,IRL,BIH,
1994,IRL,BIH,
1995,IRL,BIH,
1996,IRL,BIH,
1997,IRL,BIH,
1999,IRL,BIH,
2001,IRL,BIH,
2003,IRL,BIH,
2004,IRL,BIH,
2005,IRL,BIH,
2006,IRL,BIH,
2007,IRL,BIH,
2008,IRL,BIH,.0582546323869551
2009,IRL,BIH,.0638364788768476
2010,IRL,BIH,.0764827449874984
2011,IRL,BIH,.0672746093747102
2012,IRL,BIH,.0391017977461159
1993,IRL,SVN,
1995,IRL,SVN,
1996,IRL,SVN,
1997,IRL,SVN,
1998,IRL,SVN,
1999,IRL,SVN,
2001,IRL,SVN,
2003,IRL,SVN,
2007,IRL,SVN,
2011,IRL,SVN,-.0750910417126039
2014,IRL,SVN,-.0796985214717827
2015,IRL,SVN,-.0847894060210868
2018,IRL,SVN,-.0923552006442335
2019,IRL,SVN,-.0918873293187085
2023,IRL,SVN,-.084564107084898
2024,IRL,SVN,-.0709959479163693
1993,ISR,HRV,
1995,ISR,HRV,
1998,ISR,HRV,
1999,ISR,HRV,
2000,ISR,HRV,
2001,ISR,HRV,
2002,ISR,HRV,
2003,ISR,HRV,
2004,ISR,HRV,
2005,ISR,HRV,
2006,ISR,HRV,
2008,ISR,HRV,
2009,ISR,HRV,
2016,ISR,HRV,
2017,ISR,HRV,
2023,ISR,HRV,
2024,ISR,HRV,
2026,ISR,HRV,
1993,ISR,BIH,
1995,ISR,BIH,
1999,ISR,BIH,
2001,ISR,BIH,
2002,ISR,BIH,
2003,ISR,BIH,
2004,ISR,BIH,
2005,ISR,BIH,
2006,ISR,BIH,
2007,ISR,BIH,
2008,ISR,BIH,
2009,ISR,BIH,
2010,ISR,BIH,
2011,ISR,BIH,
2012,ISR,BIH,
1993,ISR,SVN,
1995,ISR,SVN,
1998,ISR,SVN,
1999,ISR,SVN,
2001,ISR,SVN,
2002,ISR,SVN,
2003,ISR,SVN,
2007,ISR,SVN,
2011,ISR,SVN,
2014,ISR,SVN,
2015,ISR,SVN,
2018,ISR,SVN,
2019,ISR,SVN,
2023,ISR,SVN,
2024,ISR,SVN,
1993,ITA,HRV,
1997,ITA,HRV,.0033943391696066
2016,ITA,HRV,-.012430416205869
2017,ITA,HRV,-.0250526902379518
2023,ITA,HRV,-.0046532351716611
2024,ITA,HRV,.008914923996868
2026,ITA,HRV,
1993,ITA,BIH,
1997,ITA,BIH,.0206844527925033
2011,ITA,BIH,.0221099438235306
2012,ITA,BIH,-.0060628678050647
1993,ITA,SVN,
1997,ITA,SVN,-.1216811982948117
2011,ITA,SVN,-.1202557072637842
2014,ITA,SVN,-.1248631870229636
2015,ITA,SVN,-.129954071572267
2018,ITA,SVN,-.1375198661954139
2019,ITA,SVN,-.137051994869889
2023,ITA,SVN,-.1297287726360792
2024,ITA,SVN,-.1161606134675501
1993,LUX,HRV,
2024,LUX,HRV,.0670385408368761
2026,LUX,HRV,
1993,LUX,BIH,
1993,LUX,SVN,
2024,LUX,SVN,-.0580369966275418
1993,MLT,HRV,
1994,MLT,HRV,
1995,MLT,HRV,.0510636930159318
1996,MLT,HRV,.0601871443230532
1997,MLT,HRV,.0425619585255319
1998,MLT,HRV,.0641932020611613
1999,MLT,HRV,.0646848460881186
2000,MLT,HRV,.0266901231553998
2001,MLT,HRV,.0597164670922887
2002,MLT,HRV,.0464572652671831
2003,MLT,HRV,.0498277265389475
2004,MLT,HRV,.0455187526938979
2005,MLT,HRV,.0396755268372826
2006,MLT,HRV,.0506428117417325
2008,MLT,HRV,.0349674725688041
2009,MLT,HRV,.0405493190586957
2016,MLT,HRV,.0267372031500568
2017,MLT,HRV,.0141149291179734
2023,MLT,HRV,.0345143841842643
2024,MLT,HRV,.0480825433527924
2026,MLT,HRV,
1993,MLT,BIH,
1994,MLT,BIH,
1995,MLT,BIH,
1996,MLT,BIH,
1997,MLT,BIH,
1999,MLT,BIH,
2001,MLT,BIH,
2002,MLT,BIH,
2003,MLT,BIH,.0671178401618455
2004,MLT,BIH,.0628088663167951
2005,MLT,BIH,.0569656404601795
2006,MLT,BIH,.0679329253646298
2007,MLT,BIH,.0659708553286913
2008,MLT,BIH,.0522575861916999
2009,MLT,BIH,.0578394326815929
2010,MLT,BIH,.0704856987922433
2011,MLT,BIH,.0612775631794553
2012,MLT,BIH,.033104751550861
1993,MLT,SVN,
1995,MLT,SVN,-.0740118444484855
1996,MLT,SVN,-.0648883931413648
1997,MLT,SVN,-.0825135789388864
1998,MLT,SVN,-.0608823354032554
1999,MLT,SVN,-.0603906913762988
2001,MLT,SVN,-.0653590703721299
2002,MLT,SVN,-.0786182721972336
2003,MLT,SVN,-.0752478109254693
2007,MLT,SVN,-.0763947957586221
2011,MLT,SVN,-.0810880879078594
2014,MLT,SVN,-.0856955676670381
2015,MLT,SVN,-.0907864522163421
2018,MLT,SVN,-.0983522468394894
2019,MLT,SVN,-.0978843755139641
2023,MLT,SVN,-.0905611532801534
2024,MLT,SVN,-.076992994111624
1993,NLD,HRV,
1994,NLD,HRV,
1996,NLD,HRV,
1997,NLD,HRV,
1998,NLD,HRV,
1999,NLD,HRV,
2000,NLD,HRV,
2001,NLD,HRV,
2003,NLD,HRV,
2004,NLD,HRV,
2005,NLD,HRV,
2006,NLD,HRV,
2008,NLD,HRV,-.012890434081368
2009,NLD,HRV,-.0073085875914757
2016,NLD,HRV,-.0211207035001147
2017,NLD,HRV,-.0337429775321978
2023,NLD,HRV,-.0133435224659072
2024,NLD,HRV,.0002246367026218
1993,NLD,BIH,
1994,NLD,BIH,
1996,NLD,BIH,.029619351295778
1997,NLD,BIH,.0119941654982571
1999,NLD,BIH,.034117053060844
2001,NLD,BIH,.0291486740650136
2003,NLD,BIH,.0192599335116737
2004,NLD,BIH,.0149509596666238
2005,NLD,BIH,.0091077338100082
2006,NLD,BIH,.0200750187144583
2007,NLD,BIH,.0181129486785211
2008,NLD,BIH,.004399679541529
2009,NLD,BIH,.0099815260314205
2010,NLD,BIH,.0226277921420715
2011,NLD,BIH,.013419656529285
2012,NLD,BIH,-.0147531550993106
1993,NLD,SVN,
1996,NLD,SVN,
1997,NLD,SVN,
1998,NLD,SVN,
1999,NLD,SVN,
2001,NLD,SVN,
2003,NLD,SVN,
2007,NLD,SVN,
2011,NLD,SVN,-.1289459945580305
2014,NLD,SVN,-.1335534743172094
2015,NLD,SVN,-.1386443588665132
2018,NLD,SVN,-.1462101534896602
2019,NLD,SVN,-.145742282164135
2023,NLD,SVN,-.1384190599303249
2024,NLD,SVN,-.1248509007617964
1993,NOR,HRV,
1994,NOR,HRV,
1995,NOR,HRV,.0332208635378226
1996,NOR,HRV,.0423443148449419
1997,NOR,HRV,.0247191290474211
1998,NOR,HRV,.0463503725830521
1999,NOR,HRV,.0468420166100079
2000,NOR,HRV,.0088472936772891
2001,NOR,HRV,.0418736376141773
2003,NOR,HRV,.0319848970608377
2004,NOR,HRV,.0276759232157871
2005,NOR,HRV,.0218326973591732
2006,NOR,HRV,.0327999822636225
2008,NOR,HRV,.0171246430906933
2009,NOR,HRV,.0227064895805853
2016,NOR,HRV,.0088943736719457
2017,NOR,HRV,-.003727900360137
2023,NOR,HRV,.0166715547061539
2024,NOR,HRV,.0302397138746824
2026,NOR,HRV,
1993,NOR,BIH,
1994,NOR,BIH,
1995,NOR,BIH,
1996,NOR,BIH,.0596344284678393
1997,NOR,BIH,.0420092426703186
1999,NOR,BIH,.0641321302329061
2001,NOR,BIH,.0591637512370748
2003,NOR,BIH,.0492750106837352
2004,NOR,BIH,.0449660368386839
2005,NOR,BIH,.0391228109820686
2006,NOR,BIH,.0500900958865194
2007,NOR,BIH,.0481280258505816
2008,NOR,BIH,.0344147567135893
2009,NOR,BIH,.0399966032034823
2010,NOR,BIH,.0526428693141323
2011,NOR,BIH,.0434347337013453
2012,NOR,BIH,.0152619220727509
1993,NOR,SVN,
1995,NOR,SVN,-.0918546739265953
1996,NOR,SVN,-.0827312226194755
1997,NOR,SVN,-.1003564084169962
1998,NOR,SVN,-.0787251648813655
1999,NOR,SVN,-.0782335208544089
2001,NOR,SVN,-.0832018998502395
2003,NOR,SVN,-.0930906404035793
2007,NOR,SVN,-.0942376252367323
2011,NOR,SVN,-.0989309173859692
2014,NOR,SVN,-.1035383971451486
2015,NOR,SVN,-.108629281694452
2018,NOR,SVN,-.1161950763175994
2019,NOR,SVN,-.1157272049920743
2023,NOR,SVN,-.1084039827582637
2024,NOR,SVN,-.0948358235897349
1993,PRT,HRV,
1994,PRT,HRV,
1995,PRT,HRV,.0845114121762001
1996,PRT,HRV,.09363486348332
1997,PRT,HRV,.0760096776857997
1998,PRT,HRV,.0976409212214306
1999,PRT,HRV,.0981325652483863
2001,PRT,HRV,.093164186252556
2003,PRT,HRV,.0832754456992165
2004,PRT,HRV,.0789664718541668
2005,PRT,HRV,.0731232459975511
2006,PRT,HRV,.0840905309020006
2008,PRT,HRV,.0684151917290717
2009,PRT,HRV,.0739970382189635
2017,PRT,HRV,.0475626482782415
2023,PRT,HRV,.0679621033445325
2024,PRT,HRV,.0815302625130614
2026,PRT,HRV,
1993,PRT,BIH,
1994,PRT,BIH,
1995,PRT,BIH,
1996,PRT,BIH,.1109249771062178
1997,PRT,BIH,.0932997913086972
1999,PRT,BIH,.1154226788712838
2001,PRT,BIH,.1104542998754532
2003,PRT,BIH,.1005655593221139
2004,PRT,BIH,.0962565854770633
2005,PRT,BIH,.0904133596204476
2006,PRT,BIH,.101380644524897
2007,PRT,BIH,.0994185744889599
2008,PRT,BIH,.0857053053519684
2009,PRT,BIH,.0912871518418609
2010,PRT,BIH,.1039334179525115
2011,PRT,BIH,.0947252823397237
2012,PRT,BIH,.0665524707111292
1993,PRT,SVN,
1995,PRT,SVN,-.0405641252882175
1996,PRT,SVN,-.0314406739810965
1997,PRT,SVN,-.0490658597786175
1998,PRT,SVN,-.0274346162429866
1999,PRT,SVN,-.0269429722160308
2001,PRT,SVN,-.0319113512118615
2003,PRT,SVN,-.041800091765201
2007,PRT,SVN,-.0429470765983541
2011,PRT,SVN,-.0476403687475908
2014,PRT,SVN,-.0522478485067697
2015,PRT,SVN,-.0573387330560736
2018,PRT,SVN,-.0649045276792205
2019,PRT,SVN,-.0644366563536951
2023,PRT,SVN,-.0571134341198855
2024,PRT,SVN,-.0435452749513565
1993,SVN,IRL,
1995,SVN,IRL,-.0283024952739117
1996,SVN,IRL,-.0191790439667903
1997,SVN,IRL,-.0368042297643129
1998,SVN,IRL,-.015172986228682
1999,SVN,IRL,-.014681342201725
2001,SVN,IRL,-.0196497211975553
2003,SVN,IRL,-.0295384617508953
2004,SVN,IRL,-.0338474355959458
2006,SVN,IRL,-.0287233765481113
2007,SVN,IRL,-.0306854465840486
2010,SVN,IRL,-.0261706031204978
2011,SVN,IRL,-.035378738733285
2012,SVN,IRL,-.0635515503618799
2013,SVN,IRL,-.0584611600889669
2018,SVN,IRL,-.0526428976649152
2024,SVN,IRL,-.0312836449370512
1993,SVN,GBR,
1995,SVN,GBR,-.1530344837019201
1996,SVN,GBR,-.1439110323947995
1997,SVN,GBR,-.1615362181923212
1998,SVN,GBR,-.1399049746566902
1999,SVN,GBR,-.1394133306297332
2001,SVN,GBR,-.1443817096255642
2002,SVN,GBR,-.1576409114506688
2003,SVN,GBR,-.1542704501789041
2004,SVN,GBR,-.1585794240239539
2005,SVN,GBR,-.1644226498805696
2006,SVN,GBR,-.15345536497612
2007,SVN,GBR,-.1554174350120567
2008,SVN,GBR,-.1691307041490488
2009,SVN,GBR,-.1635488576591565
2010,SVN,GBR,-.150902591548506
2011,SVN,GBR,-.1601107271612937
2012,SVN,GBR,-.1882835387898885
2013,SVN,GBR,-.1831931485169755
2014,SVN,GBR,-.1647182069204724
2015,SVN,GBR,-.1698090914697766
2016,SVN,GBR,-.1773609735677956
2017,SVN,GBR,-.1899832475998787
2018,SVN,GBR,-.1773748860929233
2019,SVN,GBR,-.1769070147673985
2021,SVN,GBR,-.1798929348438053
2022,SVN,GBR,-.1887440120736621
2023,SVN,GBR,-.169583792533588
2024,SVN,GBR,-.1560156333650595
2025,SVN,GBR,
1993,SVN,CHE,
1996,SVN,CHE,-.0394948322411674
1997,SVN,CHE,-.0571200180386886
1998,SVN,CHE,-.0354887745030578
2002,SVN,CHE,-.0532247112970369
2005,SVN,CHE,-.0600064497269375
2006,SVN,CHE,-.0490391648224876
2011,SVN,CHE,-.0556945270076612
2014,SVN,CHE,-.0603020067668401
2019,SVN,CHE,-.0724908146137661
2021,SVN,CHE,-.0754767346901737
2022,SVN,CHE,-.0843278119200301
2023,SVN,CHE,-.065167592379956
2024,SVN,CHE,-.051599433211427
2025,SVN,CHE,
1993,SVN,FRA,
1995,SVN,FRA,-.1279319141422467
1996,SVN,FRA,-.1188084628351269
1997,SVN,FRA,-.1364336486326475
1998,SVN,FRA,-.1148024050970171
1999,SVN,FRA,-.11431076107006
2001,SVN,FRA,-.1192791400658909
2002,SVN,FRA,-.1325383418909953
2003,SVN,FRA,-.1291678806192304
2004,SVN,FRA,-.1334768544642811
2005,SVN,FRA,-.139320080320896
2006,SVN,FRA,-.1283527954164464
2007,SVN,FRA,-.1303148654523837
2008,SVN,FRA,-.1440281345893759
2009,SVN,FRA,-.1384462880994835
2010,SVN,FRA,-.1258000219888326
2011,SVN,FRA,-.1350081576016204
2012,SVN,FRA,-.163180969230215
2013,SVN,FRA,-.1580905789573027
2014,SVN,FRA,-.1396156373607992
2015,SVN,FRA,-.1447065219101035
2016,SVN,FRA,-.1522584040081227
2017,SVN,FRA,-.1648806780402053
2018,SVN,FRA,-.1522723165332506
2019,SVN,FRA,-.1518044452077253
2021,SVN,FRA,-.1547903652841323
2022,SVN,FRA,-.1636414425139892
2023,SVN,FRA,-.1444812229739152
2024,SVN,FRA,-.1309130638053864
2025,SVN,FRA,
1993,SVN,NOR,
1995,SVN,NOR,.0014946586463166
1996,SVN,NOR,.0106181099534379
1997,SVN,NOR,-.0070070758440841
1998,SVN,NOR,.0146241676915472
1999,SVN,NOR,.0151158117185034
2001,SVN,NOR,.0101474327226728
2003,SVN,NOR,.0002586921693327
2004,SVN,NOR,-.0040502816757176
2005,SVN,NOR,-.0098935075323331
2006,SVN,NOR,.0010737773721171
2008,SVN,NOR,-.0146015618008122
2009,SVN,NOR,-.0090197153109194
2010,SVN,NOR,.0036265507997302
2012,SVN,NOR,-.033754396441652
2013,SVN,NOR,-.0286640061687391
2014,SVN,NOR,-.0101890645722361
2015,SVN,NOR,-.0152799491215401
2017,SVN,NOR,-.035454105251642
2018,SVN,NOR,-.0228457437446873
2019,SVN,NOR,-.0223778724191619
2021,SVN,NOR,-.0253637924955685
2022,SVN,NOR,-.0342148697254252
2023,SVN,NOR,-.0150546501853514
2024,SVN,NOR,-.0014864910168231
2025,SVN,NOR,
1993,SVN,NLD,
1996,SVN,NLD,-.0369975807451075
1997,SVN,NLD,-.0546227665426293
1998,SVN,NLD,-.032991523006998
1999,SVN,NLD,-.0324998789800418
2001,SVN,NLD,-.0374682579758727
2003,SVN,NLD,-.0473569985292123
2004,SVN,NLD,-.0516659723742626
2013,SVN,NLD,-.0762796968672842
2014,SVN,NLD,-.0578047552707811
2016,SVN,NLD,-.0704475219181039
2017,SVN,NLD,-.0830697959501868
2018,SVN,NLD,-.0704614344432317
2019,SVN,NLD,-.0699935631177065
2021,SVN,NLD,-.0729794831941134
2022,SVN,NLD,-.0818305604239701
2025,SVN,NLD,
1993,SVN,SWE,
1995,SVN,SWE,.0875965771890163
1996,SVN,SWE,.096720028496137
1997,SVN,SWE,.0790948426986151
1998,SVN,SWE,.1007260862342468
1999,SVN,SWE,.101217730261203
2001,SVN,SWE,.096249351265372
2002,SVN,SWE,.0829901494402678
2003,SVN,SWE,.0863606107120327
2004,SVN,SWE,.0820516368669819
2005,SVN,SWE,.0762084110103664
2006,SVN,SWE,.0871756959148166
2007,SVN,SWE,.0852136258788796
2008,SVN,SWE,.0715003567418876
2009,SVN,SWE,.0770822032317802
2011,SVN,SWE,.0805203337296433
2012,SVN,SWE,.0523475221010475
2013,SVN,SWE,.0574379123739607
2014,SVN,SWE,.075912853970464
2015,SVN,SWE,.0708219694211606
2016,SVN,SWE,.0632700873231405
2017,SVN,SWE,.0506478132910578
2018,SVN,SWE,.0632561747980125
2019,SVN,SWE,.0637240461235385
2021,SVN,SWE,.0607381260471307
2022,SVN,SWE,.0518870488172744
2023,SVN,SWE,.071047268357348
2024,SVN,SWE,.0846154275258769
2025,SVN,SWE,
1993,SVN,MLT,
1995,SVN,MLT,.0280556743528972
1996,SVN,MLT,.0371791256600174
1997,SVN,MLT,.0195539398624967
1998,SVN,MLT,.0411851833981277
1999,SVN,MLT,.0416768274250839
2001,SVN,MLT,.0367084484292533
2002,SVN,MLT,.0234492466041496
2003,SVN,MLT,.0268197078759136
2004,SVN,MLT,.0225107340308633
2005,SVN,MLT,.0166675081742482
2006,SVN,MLT,.027634793078698
2009,SVN,MLT,.0175413003956605
2012,SVN,MLT,-.0071933807350714
2013,SVN,MLT,-.0021029904621587
2014,SVN,MLT,.016371951134345
2016,SVN,MLT,.0037291844870218
2019,SVN,MLT,.0041831432874197
2021,SVN,MLT,.0011972232110112
2025,SVN,MLT,
1993,SVN,GRC,
1995,SVN,GRC,.0186365408321074
1996,SVN,GRC,.027759992139228
1997,SVN,GRC,.0101348063417072
1998,SVN,GRC,.0317660498773377
2001,SVN,GRC,.0272893149084629
2002,SVN,GRC,.0140301130833594
2003,SVN,GRC,.0174005743551244
2004,SVN,GRC,.0130916005100735
2005,SVN,GRC,.0072483746534581
2006,SVN,GRC,.0182156595579083
2007,SVN,GRC,.0162535895219709
2008,SVN,GRC,.002540320384978
2009,SVN,GRC,.008122166874871
2010,SVN,GRC,.0207684329855216
2011,SVN,GRC,.0115602973727337
2012,SVN,GRC,-.0166125142558606
2013,SVN,GRC,-.0115221239829481
2014,SVN,GRC,.0069528176135544
2015,SVN,GRC,.001861933064251
2017,SVN,GRC,-.0183122230658508
2019,SVN,GRC,-.0052359902333712
2021,SVN,GRC,-.0082219103097775
2022,SVN,GRC,-.0170729875396344
2024,SVN,GRC,.0156553911689686
2025,SVN,GRC,
1993,SVN,PRT,
1995,SVN,PRT,-.0099953778173303
1996,SVN,PRT,-.0008719265102095
1997,SVN,PRT,-.0184971123077309
1998,SVN,PRT,.0031341312279001
1999,SVN,PRT,.0036257752548572
2001,SVN,PRT,-.001342603740974
2003,SVN,PRT,-.0112313442943137
2008,SVN,PRT,-.0260915982644586
2009,SVN,PRT,-.0205097517745661
2010,SVN,PRT,-.0078634856639161
2017,SVN,PRT,-.0469441417152884
2018,SVN,PRT,-.0343357802083337
2021,SVN,PRT,-.0368538289592152
2022,SVN,PRT,-.0457049061890722
2023,SVN,PRT,-.0265446866489978
2024,SVN,PRT,-.0129765274804697
2025,SVN,PRT,
1993,SVN,ESP,
1995,SVN,ESP,-.1222349141031177
1996,SVN,ESP,-.1131114627959971
1997,SVN,ESP,-.1307366485935184
1998,SVN,ESP,-.109105405057888
1999,SVN,ESP,-.1086137610309311
2001,SVN,ESP,-.1135821400267619
2002,SVN,ESP,-.1268413418518662
2003,SVN,ESP,-.1234708805801015
2004,SVN,ESP,-.1277798544251519
2005,SVN,ESP,-.1336230802817669
2006,SVN,ESP,-.1226557953773172
2007,SVN,ESP,-.1246178654132548
2008,SVN,ESP,-.138331134550247
2009,SVN,ESP,-.1327492880603541
2010,SVN,ESP,-.1201030219497036
2011,SVN,ESP,-.1293111575624918
2012,SVN,ESP,-.1574839691910861
2013,SVN,ESP,-.1523935789181732
2014,SVN,ESP,-.1339186373216702
2015,SVN,ESP,-.1390095218709739
2016,SVN,ESP,-.1465614039689932
2017,SVN,ESP,-.1591836780010765
2018,SVN,ESP,-.1465753164941211
2019,SVN,ESP,-.1461074451685961
2021,SVN,ESP,-.1490933652450028
2022,SVN,ESP,-.1579444424748601
2023,SVN,ESP,-.1387842229347859
2024,SVN,ESP,-.1252160637662569
2025,SVN,ESP,
1993,SVN,ITA,
1997,SVN,ITA,.0352986129851672
2011,SVN,ITA,.0367241040161943
2012,SVN,ITA,.0085512923875995
2013,SVN,ITA,.013641682660512
2014,SVN,ITA,.0321166242570157
2015,SVN,ITA,.0270257397077114
2016,SVN,ITA,.0194738576096921
2017,SVN,ITA,.0068515835776092
2018,SVN,ITA,.0194599450845645
2019,SVN,ITA,.0199278164100898
2021,SVN,ITA,.0169418963336824
2022,SVN,ITA,.0080908191038259
2023,SVN,ITA,.0272510386438997
2024,SVN,ITA,.0408191978124285
2025,SVN,ITA,
1993,SVN,ISL,
1995,SVN,ISL,.0696296115133322
1996,SVN,ISL,.0787530628204524
1997,SVN,ISL,.0611278770229319
1999,SVN,ISL,.0832507645855185
2001,SVN,ISL,.0782823855896884
2003,SVN,ISL,.0683936450363485
2004,SVN,ISL,.0640846711912977
2008,SVN,ISL,.053533391066203
2009,SVN,ISL,.0591152375560953
2010,SVN,ISL,.0717615036667462
2011,SVN,ISL,.0625533680539584
2012,SVN,ISL,.0343805564253634
2013,SVN,ISL,.0394709466982761
2014,SVN,ISL,.0579458882947798
2019,SVN,ISL,.0457570804478538
2021,SVN,ISL,.042771160371446
2022,SVN,ISL,.0339200831415898
2025,SVN,ISL,
1993,SVN,AUT,
1995,SVN,AUT,-.0491225585066207
1996,SVN,AUT,-.0399991071995
1997,SVN,AUT,-.0576242929970213
1999,SVN,AUT,-.035501405434434
2002,SVN,AUT,-.0537289862553697
2003,SVN,AUT,-.0503585249836047
2004,SVN,AUT,-.0546674988286548
2011,SVN,AUT,-.0561988019659944
2014,SVN,AUT,-.0608062817251731
2015,SVN,AUT,-.0658971662744768
2016,SVN,AUT,-.0734490483724966
2017,SVN,AUT,-.0860713224045797
2018,SVN,AUT,-.0734629608976242
2023,SVN,AUT,-.0656718673382887
2024,SVN,AUT,-.0521037081697604
2025,SVN,AUT,
1993,SVN,HRV,
1995,SVN,HRV,.0010045719674585
1996,SVN,HRV,.0101280232745784
1997,SVN,HRV,-.0074971625229419
1998,SVN,HRV,.0141340810126875
1999,SVN,HRV,.0146257250396458
2001,SVN,HRV,.0096573460438144
2002,SVN,HRV,-.0036018557812905
2003,SVN,HRV,-.0002313945095255
2004,SVN,HRV,-.0045403683545757
2005,SVN,HRV,-.0103835942111911
2006,SVN,HRV,.0005836906932588
2008,SVN,HRV,-.0150916484796699
2009,SVN,HRV,-.0095098019897784
2016,SVN,HRV,-.023321917898418
2017,SVN,HRV,-.0359441919305006
2023,SVN,HRV,-.0155447368642089
2024,SVN,HRV,-.0019765776956804
1993,SVN,BIH,
1995,SVN,BIH,
1996,SVN,BIH,.027418136897476
1997,SVN,BIH,.0097929510999551
1999,SVN,BIH,.0319158386625413
2001,SVN,BIH,.0269474596667109
2002,SVN,BIH,.0136882578416063
2003,SVN,BIH,.0170587191133715
2004,SVN,BIH,.012749745268321
2005,SVN,BIH,.0069065194117048
2006,SVN,BIH,.0178738043161563
2007,SVN,BIH,.0159117342802189
2008,SVN,BIH,.0021984651432262
2009,SVN,BIH,.0077803116331191
2010,SVN,BIH,.0204265777437691
2011,SVN,BIH,.0112184421309821
2012,SVN,BIH,-.0169543694976138
1993,SVN,FIN,
1996,SVN,FIN,-.0558749435417468
1998,SVN,FIN,-.0518688858036371
2002,SVN,FIN,-.0696048225976161
2006,SVN,FIN,-.065419276123067
2007,SVN,FIN,-.0673813461590041
2008,SVN,FIN,-.0810946152959962
2009,SVN,FIN,-.0755127688061036
2011,SVN,FIN,-.0720746383082409
2013,SVN,FIN,-.0951570596639229
2014,SVN,FIN,-.0766821180674197
2018,SVN,FIN,-.0893387972398706
2021,SVN,FIN,-.0918568459907524
2022,SVN,FIN,-.1007079232206091
2023,SVN,FIN,-.0815477036805354
2024,SVN,FIN,-.0679795445120068
2025,SVN,FIN,
1993,SVN,DEU,
1995,SVN,DEU,-.196767047825068
1997,SVN,DEU,-.2052687823154687
1998,SVN,DEU,-.1836375387798381
1999,SVN,DEU,-.1831458947528812
2001,SVN,DEU,-.188114273748712
2002,SVN,DEU,-.2013734755738166
2003,SVN,DEU,-.1980030143020514
2004,SVN,DEU,-.2023119881471025
2005,SVN,DEU,-.2081552140037171
2006,SVN,DEU,-.1971879290992679
2007,SVN,DEU,-.1991499991352047
2008,SVN,DEU,-.2128632682721969
2009,SVN,DEU,-.2072814217823047
2010,SVN,DEU,-.1946351556716534
2011,SVN,DEU,-.2038432912844417
2012,SVN,DEU,-.2320161029130363
2013,SVN,DEU,-.2269257126401231
2014,SVN,DEU,-.2084507710436203
2015,SVN,DEU,-.2135416555929244
2016,SVN,DEU,-.2210935376909431
2017,SVN,DEU,-.2337158117230266
2018,SVN,DEU,-.2211074502160715
2019,SVN,DEU,-.2206395788905465
2021,SVN,DEU,-.2236254989669536
2022,SVN,DEU,-.2324765761968104
2023,SVN,DEU,-.2133163566567362
2024,SVN,DEU,-.1997481974882074
2025,SVN,DEU,
1993,SVN,CYP,
1995,SVN,CYP,.0167231572739767
1996,SVN,CYP,.0258466085810974
1997,SVN,CYP,.0082214227835763
1998,SVN,CYP,.0298526663192067
1999,SVN,CYP,.0303443103461631
2002,SVN,CYP,.0121167295252279
2003,SVN,CYP,.0154871907969934
2004,SVN,CYP,.0111782169519422
2005,SVN,CYP,.0053349910953266
2010,SVN,CYP,.0188550494273904
2012,SVN,CYP,-.0185258978139916
2015,SVN,CYP,-.0000514504938798
2016,SVN,CYP,-.0076033325918991
2017,SVN,CYP,-.0202256066239813
2018,SVN,CYP,-.0076172451170264
2019,SVN,CYP,-.0071493737915021
2021,SVN,CYP,-.0101352938679092
2023,SVN,CYP,.0001738484423085
2024,SVN,CYP,.0137420076108377
1993,SVN,LUX,
2024,SVN,LUX,-.0774773357874276
2025,SVN,LUX,
1993,SVN,TUR,
1995,SVN,TUR,.0188732767025655
1996,SVN,TUR,.0279967280096866
1997,SVN,TUR,.0103715422121652
1998,SVN,TUR,.0320027857477959
1999,SVN,TUR,.0324944297747525
2001,SVN,TUR,.0275260507789221
2002,SVN,TUR,.0142668489538172
2003,SVN,TUR,.0176373102255826
2004,SVN,TUR,.013328336380532
2005,SVN,TUR,.0074851105239163
2006,SVN,TUR,.018452395428366
2007,SVN,TUR,.0164903253924285
2008,SVN,TUR,.0027770562554372
2009,SVN,TUR,.0083589027453294
2010,SVN,TUR,.0210051688559801
2012,SVN,TUR,-.0163757783854024
1993,SVN,DNK,
1995,SVN,DNK,.0113034805078864
1997,SVN,DNK,.0028017460174861
1999,SVN,DNK,.0249246335800729
2001,SVN,DNK,.0199562545842418
2002,SVN,DNK,.0066970527591384
2005,SVN,DNK,-.0000846856707627
2006,SVN,DNK,.0108825992336869
2008,SVN,DNK,-.0047927399392425
2009,SVN,DNK,.0007891065506496
2010,SVN,DNK,.0134353726613009
2011,SVN,DNK,.0042272370485131
2012,SVN,DNK,-.0239455745800818
2013,SVN,DNK,-.0188551843071688
2014,SVN,DNK,-.0003802427106661
2017,SVN,DNK,-.0256452833900723
2018,SVN,DNK,-.0130369218831168
2019,SVN,DNK,-.0125690505575915
2025,SVN,DNK,
1993,SVN,ISR,
1995,SVN,ISR,.0274952450203013
1998,SVN,ISR,.0406247540655308
1999,SVN,ISR,.0411163980924879
2001,SVN,ISR,.0361480190966575
2002,SVN,ISR,.0228888172715525
2003,SVN,ISR,.0262592785433178
2005,SVN,ISR,.0161070788416519
2006,SVN,ISR,.0270743637461018
2008,SVN,ISR,.0113990245731725
2009,SVN,ISR,.0169808710630654
2010,SVN,ISR,.0296271371737154
2015,SVN,ISR,.010720637252445
2016,SVN,ISR,.0031687551544261
2017,SVN,ISR,-.0094535188776575
2018,SVN,ISR,.0031548426292976
2019,SVN,ISR,.0036227139548231
2021,SVN,ISR,.0006367938784153
2023,SVN,ISR,.0109459361886331
2024,SVN,ISR,.0245140953571616
2025,SVN,ISR,
1993,SVN,BEL,
1995,SVN,BEL,-.048465809401334
1996,SVN,BEL,-.0393423580942133
1998,SVN,BEL,-.0353363003561038
1999,SVN,BEL,-.0348446563291473
2002,SVN,BEL,-.0530722371500824
2003,SVN,BEL,-.0497017758783174
2004,SVN,BEL,-.0540107497233678
2010,SVN,BEL,-.0463339172479199
2013,SVN,BEL,-.0786244742163896
2015,SVN,BEL,-.0652404171691904
2016,SVN,BEL,-.0727922992672096
2017,SVN,BEL,-.0854145732992923
2021,SVN,BEL,-.0753242605432188
2022,SVN,BEL,-.0841753377730758
2023,SVN,BEL,-.0650151182330021
1993,ESP,HRV,
1994,ESP,HRV,
1995,ESP,HRV,
1996,ESP,HRV,
1997,ESP,HRV,
1998,ESP,HRV,
1999,ESP,HRV,
2000,ESP,HRV,
2001,ESP,HRV,
2002,ESP,HRV,
2003,ESP,HRV,
2004,ESP,HRV,
2005,ESP,HRV,
2006,ESP,HRV,
2008,ESP,HRV,
2009,ESP,HRV,
2016,ESP,HRV,
2017,ESP,HRV,
2023,ESP,HRV,
2024,ESP,HRV,
1993,ESP,BIH,
1994,ESP,BIH,
1995,ESP,BIH,
1996,ESP,BIH,
1997,ESP,BIH,
1999,ESP,BIH,
2001,ESP,BIH,
2002,ESP,BIH,
2003,ESP,BIH,
2004,ESP,BIH,
2005,ESP,BIH,
2006,ESP,BIH,
2007,ESP,BIH,
2008,ESP,BIH,
2009,ESP,BIH,
2010,ESP,BIH,
2011,ESP,BIH,
2012,ESP,BIH,
1993,ESP,SVN,
1995,ESP,SVN,
1996,ESP,SVN,
1997,ESP,SVN,
1998,ESP,SVN,
1999,ESP,SVN,
2001,ESP,SVN,
2002,ESP,SVN,
2003,ESP,SVN,
2007,ESP,SVN,
2011,ESP,SVN,
2014,ESP,SVN,
2015,ESP,SVN,
2018,ESP,SVN,
2019,ESP,SVN,
2023,ESP,SVN,
2024,ESP,SVN,
1993,SWE,HRV,
1994,SWE,HRV,
1995,SWE,HRV,.0217794278990523
1996,SWE,HRV,.0309028792061725
1997,SWE,HRV,.0132776934086514
1998,SWE,HRV,.0349089369442825
1999,SWE,HRV,.0354005809712382
2000,SWE,HRV,-.0025941419614804
2001,SWE,HRV,.0304322019754076
2002,SWE,HRV,.0171730001503033
2003,SWE,HRV,.0205434614220683
2004,SWE,HRV,.0162344875770179
2005,SWE,HRV,.0103912617204027
2006,SWE,HRV,.0213585466248525
2008,SWE,HRV,.0056832074519235
2009,SWE,HRV,.0112650539418158
2016,SWE,HRV,-.0025470619668234
2017,SWE,HRV,-.0151693359989066
2023,SWE,HRV,.0052301190673842
2024,SWE,HRV,.0187982782359133
2026,SWE,HRV,
1993,SWE,BIH,
1994,SWE,BIH,
1995,SWE,BIH,
1996,SWE,BIH,.0481929928290694
1997,SWE,BIH,.0305678070315486
1999,SWE,BIH,.0526906945941362
2001,SWE,BIH,.0477223155983054
2002,SWE,BIH,.0344631137732
2003,SWE,BIH,.0378335750449653
2004,SWE,BIH,.0335246011999153
2005,SWE,BIH,.0276813753433003
2006,SWE,BIH,.03864866024775
2007,SWE,BIH,.036686590211812
2008,SWE,BIH,.022973321074821
2009,SWE,BIH,.0285551675647121
2010,SWE,BIH,.0412014336753638
2011,SWE,BIH,.0319932980625765
2012,SWE,BIH,.0038204864339801
1993,SWE,SVN,
1995,SWE,SVN,
1996,SWE,SVN,
1997,SWE,SVN,
1998,SWE,SVN,
1999,SWE,SVN,
2001,SWE,SVN,
2002,SWE,SVN,
2003,SWE,SVN,
2007,SWE,SVN,
2011,SWE,SVN,-.1103723530247391
2014,SWE,SVN,-.1149798327839179
2015,SWE,SVN,-.1200707173332213
2018,SWE,SVN,-.127636511956369
2019,SWE,SVN,-.1271686406308436
2023,SWE,SVN,-.1198454183970337
2024,SWE,SVN,-.1062772592285047
1993,CHE,HRV,
1994,CHE,HRV,
1996,CHE,HRV,.0164660268993893
1997,CHE,HRV,-.0011591588981315
1998,CHE,HRV,.0204720846374991
2000,CHE,HRV,-.0170309942682632
2002,CHE,HRV,.0027361478435202
2004,CHE,HRV,.001797635270235
2005,CHE,HRV,-.0040455905863803
2006,CHE,HRV,.0069216943180694
2008,CHE,HRV,-.0087536448548597
2009,CHE,HRV,-.0031717983649674
2016,CHE,HRV,-.0169839142736067
2017,CHE,HRV,-.0296061883056896
2023,CHE,HRV,-.0092067332393989
2024,CHE,HRV,.0043614259291304
2026,CHE,HRV,
1993,CHE,BIH,
1994,CHE,BIH,
1996,CHE,BIH,.0337561405222865
1997,CHE,BIH,.0161309547247653
2002,CHE,BIH,.0200262614664182
2004,CHE,BIH,.0190877488931319
2005,CHE,BIH,.0132445230365165
2006,CHE,BIH,.0242118079409669
2007,CHE,BIH,.0222497379050294
2008,CHE,BIH,.008536468768037
2009,CHE,BIH,.0141183152579298
2010,CHE,BIH,.0267645813685802
2011,CHE,BIH,.0175564457557934
2012,CHE,BIH,-.0106163658728022
1993,CHE,SVN,
1996,CHE,SVN,
1997,CHE,SVN,
1998,CHE,SVN,
2002,CHE,SVN,
2007,CHE,SVN,
2011,CHE,SVN,-.1248092053315224
2014,CHE,SVN,-.1294166850907005
2015,CHE,SVN,-.1345075696400051
2018,CHE,SVN,-.142073364263152
2019,CHE,SVN,-.1416054929376266
2023,CHE,SVN,-.1342822707038163
2024,CHE,SVN,-.1207141115352873
1993,TUR,HRV,
1995,TUR,HRV,
1996,TUR,HRV,
1997,TUR,HRV,
1998,TUR,HRV,
1999,TUR,HRV,
2000,TUR,HRV,
2001,TUR,HRV,
2002,TUR,HRV,
2003,TUR,HRV,
2004,TUR,HRV,
2005,TUR,HRV,
2006,TUR,HRV,
2008,TUR,HRV,
2009,TUR,HRV,
1993,TUR,BIH,
1995,TUR,BIH,
1996,TUR,BIH,
1997,TUR,BIH,
1999,TUR,BIH,
2001,TUR,BIH,
2002,TUR,BIH,
2003,TUR,BIH,
2004,TUR,BIH,
2005,TUR,BIH,
2006,TUR,BIH,
2007,TUR,BIH,
2008,TUR,BIH,
2009,TUR,BIH,
2010,TUR,BIH,
2011,TUR,BIH,
2012,TUR,BIH,
1993,TUR,SVN,
1995,TUR,SVN,
1996,TUR,SVN,
1997,TUR,SVN,
1998,TUR,SVN,
1999,TUR,SVN,
2001,TUR,SVN,
2002,TUR,SVN,
2003,TUR,SVN,
2007,TUR,SVN,
2011,TUR,SVN,
1993,GBR,HRV,
1994,GBR,HRV,
1995,GBR,HRV,.0342757855953891
1996,GBR,HRV,.0433992369025099
1997,GBR,HRV,.0257740511049889
1998,GBR,HRV,.0474052946406189
1999,GBR,HRV,.0478969386675757
2000,GBR,HRV,.0099022157348566
2001,GBR,HRV,.0429285596717455
2002,GBR,HRV,.0296693578466404
2003,GBR,HRV,.0330398191184056
2004,GBR,HRV,.028730845273355
2005,GBR,HRV,.0228876194167398
2006,GBR,HRV,.0338549043211898
2008,GBR,HRV,.0181795651482602
2009,GBR,HRV,.0237614116381529
2016,GBR,HRV,.0099492957295134
2017,GBR,HRV,-.0026729783025691
2023,GBR,HRV,.0177264767637213
2024,GBR,HRV,.0312946359322503
2026,GBR,HRV,
1993,GBR,BIH,
1994,GBR,BIH,
1995,GBR,BIH,
1996,GBR,BIH,
1997,GBR,BIH,
1999,GBR,BIH,
2001,GBR,BIH,
2002,GBR,BIH,
2003,GBR,BIH,
2004,GBR,BIH,
2005,GBR,BIH,
2006,GBR,BIH,
2007,GBR,BIH,
2008,GBR,BIH,
2009,GBR,BIH,
2010,GBR,BIH,
2011,GBR,BIH,
2012,GBR,BIH,
1993,GBR,SVN,
1995,GBR,SVN,
1996,GBR,SVN,
1997,GBR,SVN,
1998,GBR,SVN,
1999,GBR,SVN,
2001,GBR,SVN,
2002,GBR,SVN,
2003,GBR,SVN,
2007,GBR,SVN,
2011,GBR,SVN,
2014,GBR,SVN,
2015,GBR,SVN,
2018,GBR,SVN,
2019,GBR,SVN,
2023,GBR,SVN,
2024,GBR,SVN,
1994,AUT,POL,
1995,AUT,POL,-.1391667969271059
1996,AUT,POL,-.1300433456199855
1997,AUT,POL,-.1476685314175062
1999,AUT,POL,-.1255456438549198
2003,AUT,POL,-.1404027634040899
2004,AUT,POL,-.1447117372491405
2014,AUT,POL,-.1508505201456588
2015,AUT,POL,-.1559414046949624
2016,AUT,POL,-.1634932867929815
2017,AUT,POL,-.1761155608250651
2022,AUT,POL,-.1748763252988481
2023,AUT,POL,-.1557161057587745
2025,AUT,POL,
2026,AUT,POL,
1994,AUT,HUN,
1995,AUT,HUN,-.0949166185389152
1997,AUT,HUN,-.1034183530293158
2005,AUT,HUN,-.1063047847175644
2007,AUT,HUN,-.097299569849052
2011,AUT,HUN,-.1019928619982889
2012,AUT,HUN,-.1301656736268834
2013,AUT,HUN,-.1250752833539708
2014,AUT,HUN,-.1066003417574668
2015,AUT,HUN,-.1116912263067712
2016,AUT,HUN,-.1192431084047904
2017,AUT,HUN,-.1318653824368739
2018,AUT,HUN,-.1192570209299186
1994,AUT,RUS,
1995,AUT,RUS,.0348385423335107
1997,AUT,RUS,.0263368078431095
2000,AUT,RUS,.0104649724729781
2002,AUT,RUS,.0302321145847615
2003,AUT,RUS,.0336025758565265
2004,AUT,RUS,.029293602011476
2005,AUT,RUS,.0234503761548608
2007,AUT,RUS,.0324555910233733
2011,AUT,RUS,.0277622988741367
2012,AUT,RUS,-.0004105127544578
2013,AUT,RUS,.0046798775184549
2014,AUT,RUS,.0231548191149578
2015,AUT,RUS,.0180639345656541
2016,AUT,RUS,.0105120524676347
2019,AUT,RUS,.0109660112680312
2021,AUT,RUS,.0079800911916252
1994,AUT,SVK,
1996,AUT,SVK,-.1178213486204023
1994,AUT,ROU,
2000,AUT,ROU,-.0482367734299821
2002,AUT,ROU,-.0284696313181976
2003,AUT,ROU,-.0250991700464326
2004,AUT,ROU,-.0294081438914833
2005,AUT,ROU,-.0352513697480982
2007,AUT,ROU,-.0262461548795861
2011,AUT,ROU,-.0309394470288228
2012,AUT,ROU,-.0591122586574174
2013,AUT,ROU,-.0540218683845047
2014,AUT,ROU,-.0355469267880013
2015,AUT,ROU,-.040637811337305
2017,AUT,ROU,-.0608119674674075
2022,AUT,ROU,-.0595727319411912
2026,AUT,ROU,
1994,AUT,EST,
1996,AUT,EST,
1997,AUT,EST,
1999,AUT,EST,
2000,AUT,EST,
2002,AUT,EST,
2003,AUT,EST,
2011,AUT,EST,.0203221410570682
2012,AUT,EST,-.0078506705715264
2013,AUT,EST,-.0027602802986136
2015,AUT,EST,.0106237767485857
2018,AUT,EST,.0030579821254383
2019,AUT,EST,.0035258534509637
2022,AUT,EST,-.0083111438553004
2023,AUT,EST,.0108490756847735
2024,AUT,EST,.0244172348533027
2025,AUT,EST,
1994,AUT,LTU,
1999,AUT,LTU,
2002,AUT,LTU,
2007,AUT,LTU,
2011,AUT,LTU,-.0632131060857642
2012,AUT,LTU,-.0913859177143589
2013,AUT,LTU,-.0862955274414456
2015,AUT,LTU,-.0729114703942468
2016,AUT,LTU,-.0804633524922658
2018,AUT,LTU,-.080477265017394
2021,AUT,LTU,-.0829953137682764
2022,AUT,LTU,-.0918463909981324
2023,AUT,LTU,-.0726861714580585
2024,AUT,LTU,-.0591180122895299
2025,AUT,LTU,
2026,AUT,LTU,
1994,BIH,POL,
1995,BIH,POL,
1996,BIH,POL,
1997,BIH,POL,
1999,BIH,POL,
2001,BIH,POL,
2003,BIH,POL,
2004,BIH,POL,
2008,BIH,POL,
2016,BIH,POL,
1994,BIH,HUN,
1995,BIH,HUN,
1997,BIH,HUN,-.0799086775427309
2005,BIH,HUN,-.0827951092309795
2007,BIH,HUN,-.073789894362467
2011,BIH,HUN,-.0784831865117038
2012,BIH,HUN,-.1066559981402983
2016,BIH,HUN,-.0957334329182055
1994,BIH,RUS,
1995,BIH,RUS,
1997,BIH,RUS,.049846483329695
2001,BIH,RUS,.0670009918964506
2002,BIH,RUS,.0537417900713464
2003,BIH,RUS,.0571122513431117
2004,BIH,RUS,.0528032774980608
2005,BIH,RUS,.0469600516414461
2006,BIH,RUS,.0579273365458955
2007,BIH,RUS,.0559652665099583
2008,BIH,RUS,.042251997372967
2009,BIH,RUS,.047833843862859
2010,BIH,RUS,.0604801099735092
2011,BIH,RUS,.0512719743607215
2012,BIH,RUS,.0230991627321274
2016,BIH,RUS,.0340217279542201
1994,BIH,SVK,
1996,BIH,SVK,-.0943116731338168
1994,BIH,ROU,
2002,BIH,ROU,-.0049599558316132
2003,BIH,ROU,-.001589494559848
2004,BIH,ROU,-.0058984684048983
2005,BIH,ROU,-.0117416942615135
2006,BIH,ROU,-.0007744093570637
2007,BIH,ROU,-.0027364793930013
2008,BIH,ROU,-.0164497485299928
2009,BIH,ROU,-.010867902040101
2010,BIH,ROU,.0017783640705501
2011,BIH,ROU,-.0074297715422378
2012,BIH,ROU,-.0356025831708326
1994,BIH,EST,
1996,BIH,EST,
1997,BIH,EST,
1999,BIH,EST,
2001,BIH,EST,
2002,BIH,EST,
2003,BIH,EST,
2009,BIH,EST,
2011,BIH,EST,
2012,BIH,EST,
1994,BIH,LTU,
1999,BIH,LTU,
2001,BIH,LTU,
2002,BIH,LTU,
2006,BIH,LTU,
2007,BIH,LTU,
2009,BIH,LTU,
2011,BIH,LTU,
2012,BIH,LTU,
2016,BIH,LTU,
1994,HRV,POL,
1995,HRV,POL,-.1347348185984675
1996,HRV,POL,-.1256113672913465
1997,HRV,POL,-.1432365530888679
1998,HRV,POL,-.1216053095532371
1999,HRV,POL,-.1211136655262808
2001,HRV,POL,-.1260820445221111
2003,HRV,POL,-.1359707850754508
2004,HRV,POL,-.1402797589205016
2008,HRV,POL,-.1508310390455962
2016,HRV,POL,-.1590613084643426
2017,HRV,POL,-.171683582496426
2022,HRV,POL,-.170444346970209
2023,HRV,POL,-.1512841274301353
2025,HRV,POL,
2026,HRV,POL,
1994,HRV,HUN,
1995,HRV,HUN,-.0904846402102762
1997,HRV,HUN,-.0989863747006775
1998,HRV,HUN,-.0773551311650461
2005,HRV,HUN,-.1018728063889247
2007,HRV,HUN,-.092867591520413
2011,HRV,HUN,-.0975608836696502
2012,HRV,HUN,-.1257336952982442
2013,HRV,HUN,-.1206433050253315
2016,HRV,HUN,-.1148111300761515
2017,HRV,HUN,-.1274334041082343
2018,HRV,HUN,-.1148250426012794
1994,HRV,RUS,
1995,HRV,RUS,.0392705206621495
1997,HRV,RUS,.0307687861717484
2000,HRV,RUS,.0148969508016174
2001,HRV,RUS,.0479232947385048
2002,HRV,RUS,.0346640929134006
2003,HRV,RUS,.0380345541851666
2004,HRV,RUS,.0337255803401158
2005,HRV,RUS,.0278823544834999
2006,HRV,RUS,.0388496393879499
2007,HRV,RUS,.0368875693520128
2008,HRV,RUS,.0231743002150203
2009,HRV,RUS,.028756146704912
2010,HRV,RUS,.0414024128155638
2011,HRV,RUS,.0321942772027753
2012,HRV,RUS,.0040214655741815
2013,HRV,RUS,.0091118558470935
2016,HRV,RUS,.0149440307962732
2019,HRV,RUS,.0153979895966708
2021,HRV,RUS,.0124120695202637
1994,HRV,SVK,
1996,HRV,SVK,-.1133893702917632
1998,HRV,SVK,-.1093833125536535
1994,HRV,ROU,
1998,HRV,ROU,-.0063017161955801
2000,HRV,ROU,-.0438047951013434
2002,HRV,ROU,-.0240376529895586
2003,HRV,ROU,-.0206671917177938
2004,HRV,ROU,-.0249761655628442
2005,HRV,ROU,-.0308193914194594
2006,HRV,ROU,-.0198521065150102
2007,HRV,ROU,-.0218141765509478
2008,HRV,ROU,-.0355274456879394
2009,HRV,ROU,-.0299455991980468
2010,HRV,ROU,-.0172993330873957
2011,HRV,ROU,-.0265074687001837
2012,HRV,ROU,-.0546802803287787
2013,HRV,ROU,-.0495898900558657
2017,HRV,ROU,-.056379989138769
2022,HRV,ROU,-.0551407536125519
2026,HRV,ROU,
1994,HRV,EST,
1996,HRV,EST,.0409538141522015
1997,HRV,EST,.02332862835468
1998,HRV,EST,.0449598718903106
1999,HRV,EST,.0454515159172671
2000,HRV,EST,.0074567929845484
2001,HRV,EST,.0404831369214366
2002,HRV,EST,.0272239350963325
2003,HRV,EST,.0305943963680978
2009,HRV,EST,.0213159888878451
2011,HRV,EST,.0247541193857073
2012,HRV,EST,-.0034186922428872
2013,HRV,EST,.0016716980300253
2018,HRV,EST,.0074899604540776
2019,HRV,EST,.0079578317796025
2022,HRV,EST,-.0038791655266615
2023,HRV,EST,.0152810540134126
2024,HRV,EST,.028849213181942
2025,HRV,EST,
1994,HRV,LTU,
1999,HRV,LTU,-.0380837312255652
2001,HRV,LTU,-.0430521102213951
2002,HRV,LTU,-.0563113120464999
2006,HRV,LTU,-.0521257655719512
2007,HRV,LTU,-.0540878356078888
2009,HRV,LTU,-.0622192582549881
2011,HRV,LTU,-.0587811277571252
2012,HRV,LTU,-.0869539393857196
2013,HRV,LTU,-.0818635491128065
2016,HRV,LTU,-.0760313741636272
2018,HRV,LTU,-.0760452866887544
2021,HRV,LTU,-.0785633354396362
2022,HRV,LTU,-.0874144126694928
2023,HRV,LTU,-.0682541931294194
2024,HRV,LTU,-.0546860339608909
2025,HRV,LTU,
2026,HRV,LTU,
1994,CYP,POL,
1995,CYP,POL,-.091164248812845
1996,CYP,POL,-.0820407975057234
1997,CYP,POL,-.0996659833032447
1998,CYP,POL,-.0780347397676141
1999,CYP,POL,-.0775430957406578
2003,CYP,POL,-.0924002152898281
2004,CYP,POL,-.0967091891348784
2008,CYP,POL,-.1072604692599737
2015,CYP,POL,-.1079388565807005
2016,CYP,POL,-.11549073867872
2017,CYP,POL,-.1281130127108032
2022,CYP,POL,-.1268737771845869
2023,CYP,POL,-.1077135576445134
2025,CYP,POL,
2026,CYP,POL,
1994,CYP,HUN,
1995,CYP,HUN,-.0469140704246529
1997,CYP,HUN,-.0554158049150539
1998,CYP,HUN,-.0337845613794232
2005,CYP,HUN,-.058302236603303
2007,CYP,HUN,-.0492970217347906
2011,CYP,HUN,-.0539903138840268
2012,CYP,HUN,-.0821631255126218
2013,CYP,HUN,-.0770727352397087
2015,CYP,HUN,-.0636886781925093
2016,CYP,HUN,-.0712405602905284
2017,CYP,HUN,-.083862834322612
2018,CYP,HUN,-.0712544728156569
1994,CYP,RUS,
1995,CYP,RUS,.0828410904477719
1997,CYP,RUS,.0743393559573715
2000,CYP,RUS,.0584675205872399
2002,CYP,RUS,.0782346626990228
2003,CYP,RUS,.0816051239707882
2004,CYP,RUS,.0772961501257378
2005,CYP,RUS,.0714529242691222
2006,CYP,RUS,.0824202091735723
2007,CYP,RUS,.080458139137635
2008,CYP,RUS,.0667448700006433
2009,CYP,RUS,.0723267164905356
2010,CYP,RUS,.0849729826011864
2011,CYP,RUS,.0757648469883984
2012,CYP,RUS,.0475920353598036
2013,CYP,RUS,.0526824256327164
2015,CYP,RUS,.0660664826799153
2016,CYP,RUS,.0585146005818963
2019,CYP,RUS,.0589685593822942
2021,CYP,RUS,.0559826393058862
1994,CYP,SVK,
1996,CYP,SVK,-.0698188005061405
1998,CYP,SVK,-.0658127427680308
1994,CYP,ROU,
1998,CYP,ROU,.0372688535900428
2000,CYP,ROU,-.0002342253157202
2002,CYP,ROU,.0195329167960644
2003,CYP,ROU,.0229033780678288
2004,CYP,ROU,.0185944042227787
2005,CYP,ROU,.012751178366163
2006,CYP,ROU,.0237184632706128
2007,CYP,ROU,.0217563932346757
2008,CYP,ROU,.0080431240976836
2009,CYP,ROU,.0136249705875755
2010,CYP,ROU,.0262712366982263
2011,CYP,ROU,.0170631010854388
2012,CYP,ROU,-.0111097105431554
2013,CYP,ROU,-.0060193202702425
2015,CYP,ROU,.0073647367769562
2017,CYP,ROU,-.0128094193531456
2022,CYP,ROU,-.0115701838269298
2026,CYP,ROU,
1994,CYP,EST,
1996,CYP,EST,.0845243839378234
1997,CYP,EST,.0668991981403027
1998,CYP,EST,.0885304416759335
1999,CYP,EST,.0890220857028899
2000,CYP,EST,.0510273627701709
2002,CYP,EST,.0707945048819547
2003,CYP,EST,.0741649661537199
2009,CYP,EST,.064886558673467
2011,CYP,EST,.0683246891713299
2012,CYP,EST,.0401518775427348
2013,CYP,EST,.0452422678156479
2015,CYP,EST,.0586263248628468
2018,CYP,EST,.0510605302396993
2019,CYP,EST,.0515284015652256
2022,CYP,EST,.0396914042589615
2023,CYP,EST,.0588516237990354
2024,CYP,EST,.0724197829675643
2025,CYP,EST,
1994,CYP,LTU,
1999,CYP,LTU,.0054868385600579
2002,CYP,LTU,-.0127407422608778
2006,CYP,LTU,-.0085551957863279
2007,CYP,LTU,-.0105172658222659
2009,CYP,LTU,-.0186486884693651
2011,CYP,LTU,-.0152105579715021
2012,CYP,LTU,-.0433833696000969
2013,CYP,LTU,-.0382929793271844
2015,CYP,LTU,-.0249089222799855
2016,CYP,LTU,-.0324608043780042
2018,CYP,LTU,-.0324747169031324
2021,CYP,LTU,-.0349927656540139
2022,CYP,LTU,-.0438438428838708
2023,CYP,LTU,-.0246836233437966
2024,CYP,LTU,-.0111154641752682
2025,CYP,LTU,
2026,CYP,LTU,
1994,EST,IRL,
1996,EST,IRL,.0074048710001695
1997,EST,IRL,-.0102203147973514
1998,EST,IRL,.011410928738278
1999,EST,IRL,.0119025727652354
2000,EST,IRL,-.0260921501674838
2001,EST,IRL,.0069341937694044
2003,EST,IRL,-.0029545467839355
2004,EST,IRL,-.0072635206289846
2006,EST,IRL,-.0021394615811509
2007,EST,IRL,-.0041015316170886
2010,EST,IRL,.0004133118464628
2011,EST,IRL,-.0087948237663243
2012,EST,IRL,-.0369676353949195
2013,EST,IRL,-.0318772451220067
2018,EST,IRL,-.0260589826979547
2024,EST,IRL,-.0046997299700903
1994,EST,POL,
1996,EST,POL,-.1204192302881148
1997,EST,POL,-.1380444160856358
1998,EST,POL,-.1164131725500057
1999,EST,POL,-.1159215285230487
2001,EST,POL,-.1208899075188792
2003,EST,POL,-.1307786480722193
2004,EST,POL,-.1350876219172693
2008,EST,POL,-.1456389020423642
2014,EST,POL,-.141226404813788
2015,EST,POL,-.146317289363092
2016,EST,POL,-.1538691714611107
2017,EST,POL,-.1664914454931942
2022,EST,POL,-.1652522099669775
2023,EST,POL,-.1460919904269033
2025,EST,POL,
2026,EST,POL,
1994,EST,DEU,
1997,EST,DEU,-.178684867348508
1998,EST,DEU,-.1570536238128775
1999,EST,DEU,-.1565619797859206
2000,EST,DEU,-.1945567027186402
2001,EST,DEU,-.1615303587817512
2002,EST,DEU,-.1747895606068562
2003,EST,DEU,-.1714190993350912
2004,EST,DEU,-.1757280731801415
2005,EST,DEU,-.1815712990367568
2006,EST,DEU,-.1706040141323072
2007,EST,DEU,-.1725660841682445
2008,EST,DEU,-.1862793533052358
2009,EST,DEU,-.1806975068153441
2010,EST,DEU,-.1680512407046935
2011,EST,DEU,-.1772593763174812
2012,EST,DEU,-.2054321879460759
2013,EST,DEU,-.2003417976731635
2014,EST,DEU,-.18186685607666
2015,EST,DEU,-.1869577406259637
2016,EST,DEU,-.1945096227239824
2017,EST,DEU,-.2071318967560666
2018,EST,DEU,-.1945235352491111
2019,EST,DEU,-.1940556639235858
2021,EST,DEU,-.1970415839999931
2022,EST,DEU,-.2058926612298499
2023,EST,DEU,-.1867324416897758
2024,EST,DEU,-.1731642825212466
2025,EST,DEU,
2026,EST,DEU,
1994,EST,HUN,
1997,EST,HUN,-.0937942376974443
1998,EST,HUN,-.0721629941618141
2005,EST,HUN,-.0966806693856933
2007,EST,HUN,-.0876754545171814
2011,EST,HUN,-.0923687466664178
2012,EST,HUN,-.1205415582950127
2013,EST,HUN,-.1154511680220999
2014,EST,HUN,-.0969762264255963
2015,EST,HUN,-.1020671109749003
2016,EST,HUN,-.10961899307292
2017,EST,HUN,-.1222412671050032
2018,EST,HUN,-.1096329055980479
1994,EST,MLT,
1996,EST,MLT,.0637630406269779
1997,EST,MLT,.0461378548294572
1998,EST,MLT,.0677690983650873
1999,EST,MLT,.0682607423920442
2000,EST,MLT,.0302660194593247
2001,EST,MLT,.0632923633962134
2002,EST,MLT,.05003316157111
2003,EST,MLT,.053403622842874
2004,EST,MLT,.0490946489978237
2005,EST,MLT,.0432514231412084
2006,EST,MLT,.0542187080456583
2009,EST,MLT,.0441252153626209
2012,EST,MLT,.0193905342318891
2013,EST,MLT,.0244809245048018
2014,EST,MLT,.042955866101305
2016,EST,MLT,.0303130994539822
2019,EST,MLT,.0307670582543795
2021,EST,MLT,.027781138177972
2025,EST,MLT,
2026,EST,MLT,
1994,EST,NOR,
1996,EST,NOR,.0372020249203972
1997,EST,NOR,.0195768391228771
1998,EST,NOR,.0412080826585077
1999,EST,NOR,.0416997266854633
2000,EST,NOR,.003705003752745
2001,EST,NOR,.0367313476896332
2003,EST,NOR,.0268426071362942
2004,EST,NOR,.0225336332912426
2005,EST,NOR,.0166904074346278
2006,EST,NOR,.0276576923390779
2008,EST,NOR,.0119823531661479
2009,EST,NOR,.0175641996560407
2010,EST,NOR,.030210465766691
2012,EST,NOR,-.0071704814746915
2013,EST,NOR,-.0020800912017787
2014,EST,NOR,.0163948503947239
2015,EST,NOR,.0113039658454203
2017,EST,NOR,-.0088701902846816
2018,EST,NOR,.0037381712222737
2019,EST,NOR,.0042060425477985
2021,EST,NOR,.0012201224713921
2022,EST,NOR,-.0076309547584648
2023,EST,NOR,.0115292647816092
2024,EST,NOR,.0250974239501382
2025,EST,NOR,
2026,EST,NOR,
1994,EST,FRA,
1996,EST,FRA,-.092224547868166
1997,EST,FRA,-.1098497336656867
1998,EST,FRA,-.0882184901300566
1999,EST,FRA,-.0877268461031
2000,EST,FRA,-.1257215690358191
2001,EST,FRA,-.0926952250989302
2002,EST,FRA,-.1059544269240353
2003,EST,FRA,-.1025839656522704
2004,EST,FRA,-.1068929394973203
2005,EST,FRA,-.1127361653539356
2006,EST,FRA,-.1017688804494855
2007,EST,FRA,-.1037309504854235
2008,EST,FRA,-.1174442196224145
2009,EST,FRA,-.111862373132523
2010,EST,FRA,-.0992161070218724
2011,EST,FRA,-.1084242426346601
2012,EST,FRA,-.1365970542632543
2013,EST,FRA,-.1315066639903418
2014,EST,FRA,-.1130317223938398
2015,EST,FRA,-.1181226069431426
2016,EST,FRA,-.1256744890411619
2017,EST,FRA,-.1382967630732454
2018,EST,FRA,-.1256884015662899
2019,EST,FRA,-.1252205302407647
2021,EST,FRA,-.1282064503171716
2022,EST,FRA,-.1370575275470286
2023,EST,FRA,-.1178973080069542
2024,EST,FRA,-.1043291488384257
2025,EST,FRA,
2026,EST,FRA,
1994,EST,PRT,
1996,EST,PRT,.0257119884567513
1997,EST,PRT,.0080868026592303
1998,EST,PRT,.0297180461948604
1999,EST,PRT,.0302096902218174
2001,EST,PRT,.0252413112259863
2003,EST,PRT,.0153525706726476
2008,EST,PRT,.0004923167025014
2009,EST,PRT,.0060741631923942
2010,EST,PRT,.0187204293030442
2017,EST,PRT,-.0203602267483285
2018,EST,PRT,-.0077518652413722
2021,EST,PRT,-.0102699139922548
2022,EST,PRT,-.0191209912221117
2023,EST,PRT,.0000392283179624
2024,EST,PRT,.0136073874864917
2025,EST,PRT,
1994,EST,RUS,
1997,EST,RUS,.0359609231749817
2000,EST,RUS,.0200890878048484
2001,EST,RUS,.0531154317417363
2002,EST,RUS,.0398562299166327
2003,EST,RUS,.0432266911883976
2004,EST,RUS,.0389177173433469
2005,EST,RUS,.0330744914867314
2006,EST,RUS,.0440417763911812
2007,EST,RUS,.0420797063552432
2008,EST,RUS,.0283664372182518
2009,EST,RUS,.033948283708144
2010,EST,RUS,.0465945498187952
2011,EST,RUS,.0373864142060072
2012,EST,RUS,.0092136025774127
2013,EST,RUS,.0143039928503246
2014,EST,RUS,.0327789344468277
2015,EST,RUS,.0276880498975247
2016,EST,RUS,.0201361677995062
2019,EST,RUS,.0205901265999029
2021,EST,RUS,.0176042065234957
1994,EST,GBR,
1996,EST,GBR,-.1173271174278387
1997,EST,GBR,-.1349523032253603
1998,EST,GBR,-.1133210596897291
1999,EST,GBR,-.1128294156627735
2000,EST,GBR,-.1508241385954924
2001,EST,GBR,-.1177977946586042
2002,EST,GBR,-.1310569964837083
2003,EST,GBR,-.1276865352119431
2004,EST,GBR,-.1319955090569939
2005,EST,GBR,-.1378387349136092
2006,EST,GBR,-.1268714500091598
2007,EST,GBR,-.128833520045097
2008,EST,GBR,-.1425467891820886
2009,EST,GBR,-.136964942692196
2010,EST,GBR,-.1243186765815455
2011,EST,GBR,-.1335268121943332
2012,EST,GBR,-.1616996238229272
2013,EST,GBR,-.1566092335500147
2014,EST,GBR,-.138134291953512
2015,EST,GBR,-.143225176502816
2016,EST,GBR,-.1507770586008354
2017,EST,GBR,-.1633993326329187
2018,EST,GBR,-.1507909711259631
2019,EST,GBR,-.1503230998004376
2021,EST,GBR,-.1533090198768451
2022,EST,GBR,-.1621600971067015
2023,EST,GBR,-.1429998775666276
2024,EST,GBR,-.1294317183980989
2025,EST,GBR,
2026,EST,GBR,
1994,EST,CYP,
1996,EST,CYP,.0524305235480574
1997,EST,CYP,.0348053377505373
1998,EST,CYP,.056436581286167
1999,EST,CYP,.0569282253131238
2000,EST,CYP,.0189335023804048
2002,EST,CYP,.0387006444921884
2003,EST,CYP,.0420711057639535
2004,EST,CYP,.0377621319189033
2005,EST,CYP,.0319189060622879
2010,EST,CYP,.045438964394351
2012,EST,CYP,.0080580171529688
2015,EST,CYP,.0265324644730804
2016,EST,CYP,.0189805823750618
2017,EST,CYP,.0063583083429785
2018,EST,CYP,.0189666698499342
2019,EST,CYP,.0194345411754587
2021,EST,CYP,.0164486210990523
2023,EST,CYP,.0267577634092692
2024,EST,CYP,.0403259225777979
2026,EST,CYP,
1994,EST,ISL,
1996,EST,ISL,.1053369777874127
1997,EST,ISL,.0877117919898917
1999,EST,ISL,.1098346795524788
2000,EST,ISL,.0718399566197604
2001,EST,ISL,.1048663005566481
2003,EST,ISL,.0949775600033088
2004,EST,ISL,.090668586158258
2008,EST,ISL,.0801173060331638
2009,EST,ISL,.0856991525230561
2010,EST,ISL,.098345418633706
2011,EST,ISL,.089137283020919
2012,EST,ISL,.0609644713923242
2013,EST,ISL,.0660548616652372
2014,EST,ISL,.0845298032617394
2019,EST,ISL,.0723409954148138
2021,EST,ISL,.0693550753384073
2022,EST,ISL,.0605039981085503
2025,EST,ISL,
1994,EST,SWE,
1996,EST,SWE,.1233039434630993
1997,EST,SWE,.1056787576655763
1998,EST,SWE,.1273100012012065
1999,EST,SWE,.1278016452281645
2000,EST,SWE,.0898069222954448
2001,EST,SWE,.1228332662323325
2002,EST,SWE,.1095740644072291
2003,EST,SWE,.1129445256789942
2004,EST,SWE,.1086355518339431
2005,EST,SWE,.1027923259773281
2006,EST,SWE,.1137596108817772
2007,EST,SWE,.11179754084584
2008,EST,SWE,.0980842717088474
2009,EST,SWE,.1036661181987403
2011,EST,SWE,.1071042486966042
2012,EST,SWE,.0789314370680087
2013,EST,SWE,.0840218273409212
2014,EST,SWE,.1024967689374258
2015,EST,SWE,.097405884388121
2016,EST,SWE,.0898540022901023
2017,EST,SWE,.0772317282580184
2018,EST,SWE,.0898400897649732
2019,EST,SWE,.090307961090499
2021,EST,SWE,.087322041014091
2022,EST,SWE,.0784709637842363
2023,EST,SWE,.0976311833243098
2024,EST,SWE,.1111993424928377
2025,EST,SWE,
2026,EST,SWE,
1994,EST,GRC,
1996,EST,GRC,.0543439071061885
1997,EST,GRC,.0367187213086676
1998,EST,GRC,.0583499648442981
2001,EST,GRC,.0538732298754243
2002,EST,GRC,.0406140280503192
2003,EST,GRC,.0439844893220844
2004,EST,GRC,.0396755154770337
2005,EST,GRC,.0338322896204188
2006,EST,GRC,.0447995745248687
2007,EST,GRC,.0428375044889311
2008,EST,GRC,.0291242353519395
2009,EST,GRC,.0347060818418317
2010,EST,GRC,.0473523479524821
2011,EST,GRC,.038144212339694
2012,EST,GRC,.0099714007110994
2013,EST,GRC,.0150617909840126
2014,EST,GRC,.0335367325805158
2015,EST,GRC,.0284458480312114
2017,EST,GRC,.0082716919011097
2019,EST,GRC,.0213479247335899
2021,EST,GRC,.0183620046571825
2022,EST,GRC,.009510927427326
2024,EST,GRC,.0422393061359288
2025,EST,GRC,
2026,EST,GRC,
1994,EST,BIH,
1996,EST,BIH,
1997,EST,BIH,
1999,EST,BIH,.0584997536295023
2001,EST,BIH,.0535313746336716
2002,EST,BIH,.0402721728085669
2003,EST,BIH,.043642634080332
2004,EST,BIH,.0393336602352811
2005,EST,BIH,.0334904343786659
2006,EST,BIH,.0444577192831161
2007,EST,BIH,.0424956492471786
2008,EST,BIH,.0287823801101863
2009,EST,BIH,.0343642266000791
2010,EST,BIH,.0470104927107296
2011,EST,BIH,.0378023570979417
2012,EST,BIH,.009629545469347
1994,EST,HRV,
1996,EST,HRV,.0367119382415398
1997,EST,HRV,.0190867524440175
1998,EST,HRV,.0407179959796484
1999,EST,HRV,.0412096400066055
2000,EST,HRV,.0032149170738857
2001,EST,HRV,.0362412610107752
2002,EST,HRV,.0229820591856703
2003,EST,HRV,.0263525204574352
2004,EST,HRV,.0220435466123843
2005,EST,HRV,.0162003207557697
2006,EST,HRV,.0271676056602191
2008,EST,HRV,.0114922664872898
2009,EST,HRV,.0170741129771824
2016,EST,HRV,.0032619970685431
2017,EST,HRV,-.0093602769635398
2023,EST,HRV,.0110391781027503
2024,EST,HRV,.0246073372712803
2026,EST,HRV,
1994,EST,AUT,
1996,EST,AUT,-.0134151922325396
1997,EST,AUT,-.0310403780300609
1999,EST,AUT,-.008917490467473
2000,EST,AUT,-.0469122134001934
2002,EST,AUT,-.0271450712884092
2003,EST,AUT,-.0237746100166437
2004,EST,AUT,-.0280835838616943
2011,EST,AUT,-.0296148869990342
2014,EST,AUT,-.0342223667582134
2015,EST,AUT,-.0393132513075169
2016,EST,AUT,-.0468651334055354
2017,EST,AUT,-.0594874074376191
2018,EST,AUT,-.0468790459306635
2023,EST,AUT,-.0390879523713286
2024,EST,AUT,-.0255197932028
2025,EST,AUT,
2026,EST,AUT,
1994,EST,ESP,
1996,EST,ESP,-.0865275478290364
1997,EST,ESP,-.1041527336265574
1998,EST,ESP,-.0825214900909275
1999,EST,ESP,-.0820298460639704
2000,EST,ESP,-.1200245689966894
2001,EST,ESP,-.0869982250598008
2002,EST,ESP,-.1002574268849057
2003,EST,ESP,-.0968869656131411
2004,EST,ESP,-.1011959394581909
2005,EST,ESP,-.1070391653148062
2006,EST,ESP,-.0960718804103569
2007,EST,ESP,-.0980339504462941
2008,EST,ESP,-.111747219583286
2009,EST,ESP,-.1061653730933938
2010,EST,ESP,-.0935191069827423
2011,EST,ESP,-.102727242595531
2012,EST,ESP,-.1309000542241256
2013,EST,ESP,-.1258096639512124
2014,EST,ESP,-.1073347223547096
2015,EST,ESP,-.1124256069040135
2016,EST,ESP,-.1199774890020327
2017,EST,ESP,-.1325997630341157
2018,EST,ESP,-.119991401527161
2019,EST,ESP,-.1195235302016356
2021,EST,ESP,-.1225094502780424
2022,EST,ESP,-.1313605275078994
2023,EST,ESP,-.1122003079678245
2024,EST,ESP,-.0986321487992966
2025,EST,ESP,
1994,EST,CHE,
1996,EST,CHE,-.0129109172742065
1997,EST,CHE,-.030536103071728
1998,EST,CHE,-.008904859536098
2000,EST,CHE,-.0464079384418598
2002,EST,CHE,-.0266407963300756
2005,EST,CHE,-.033422534759977
2006,EST,CHE,-.022455249855527
2011,EST,CHE,-.0291106120407011
2014,EST,CHE,-.0337180917998801
2019,EST,CHE,-.0459068996468049
2021,EST,CHE,-.0488928197232124
2022,EST,CHE,-.0577438969530691
2023,EST,CHE,-.0385836774129951
2024,EST,CHE,-.0250155182444664
2025,EST,CHE,
1994,EST,SVK,
1996,EST,SVK,-.1081972332885319
1998,EST,SVK,-.1041911755504217
1994,EST,ROU,
1998,EST,ROU,-.0011095791923487
2000,EST,ROU,-.0386126580981114
2002,EST,ROU,-.0188455159863275
2003,EST,ROU,-.0154750547145625
2004,EST,ROU,-.019784028559613
2005,EST,ROU,-.0256272544162273
2006,EST,ROU,-.0146599695117785
2007,EST,ROU,-.016622039547716
2008,EST,ROU,-.0303353086847069
2009,EST,ROU,-.0247534621948157
2010,EST,ROU,-.0121071960841642
2011,EST,ROU,-.0213153316969513
2012,EST,ROU,-.049488143325547
2013,EST,ROU,-.0443977530526345
2014,EST,ROU,-.0259228114561312
2015,EST,ROU,-.0310136960054342
2017,EST,ROU,-.051187852135537
2022,EST,ROU,-.0499486166093208
2026,EST,ROU,
1994,EST,FIN,
1996,EST,FIN,-.0292910285747864
1998,EST,FIN,-.0252849708366772
2000,EST,FIN,-.0627880497424391
2002,EST,FIN,-.0430209076306553
2006,EST,FIN,-.0388353611561062
2007,EST,FIN,-.0407974311920442
2008,EST,FIN,-.0545107003290357
2009,EST,FIN,-.0489288538391434
2011,EST,FIN,-.0454907233412793
2013,EST,FIN,-.0685731446969627
2014,EST,FIN,-.0500982031004591
2018,EST,FIN,-.0627548822729095
2021,EST,FIN,-.0652729310237915
2022,EST,FIN,-.0741240082536485
2023,EST,FIN,-.0549637887135748
2024,EST,FIN,-.0413956295450466
2025,EST,FIN,
2026,EST,FIN,
1994,EST,NLD,
1996,EST,NLD,-.0104136657781476
1997,EST,NLD,-.028038851575669
1998,EST,NLD,-.0064076080400379
1999,EST,NLD,-.005915964013082
2000,EST,NLD,-.0439106869458004
2001,EST,NLD,-.0108843430089122
2003,EST,NLD,-.0207730835622518
2004,EST,NLD,-.025082057407302
2013,EST,NLD,-.0496957819003233
2014,EST,NLD,-.0312208403038206
2016,EST,NLD,-.0438636069511439
2017,EST,NLD,-.0564858809832261
2018,EST,NLD,-.0438775194762714
2019,EST,NLD,-.0434096481507456
2021,EST,NLD,-.0463955682271534
2022,EST,NLD,-.0552466454570097
2025,EST,NLD,
1994,EST,LTU,
1999,EST,LTU,-.0328915942223335
2001,EST,LTU,-.0378599732181638
2002,EST,LTU,-.0511191750432687
2006,EST,LTU,-.0469336285687185
2007,EST,LTU,-.0488956986046565
2009,EST,LTU,-.0570271212517568
2011,EST,LTU,-.053588990753894
2012,EST,LTU,-.0817618023824875
2013,EST,LTU,-.0766714121095756
2015,EST,LTU,-.0632873550623764
2016,EST,LTU,-.0708392371603956
2018,EST,LTU,-.070853149685524
2021,EST,LTU,-.073371198436405
2022,EST,LTU,-.082222275666262
2023,EST,LTU,-.0630620561261876
2024,EST,LTU,-.0494938969576588
2025,EST,LTU,
2026,EST,LTU,
1994,FIN,POL,
1996,FIN,POL,-.1198213991164908
1998,FIN,POL,-.1158153413783816
2004,FIN,POL,-.1344897907456455
2008,FIN,POL,-.145041070870741
2014,FIN,POL,-.1406285736421639
2015,FIN,POL,-.1457194581914684
2016,FIN,POL,-.153271340289487
2017,FIN,POL,-.1658936143215701
2022,FIN,POL,-.1646543787953534
2023,FIN,POL,-.1454941592552797
2025,FIN,POL,
2026,FIN,POL,
1994,FIN,HUN,
1998,FIN,HUN,-.0715651629901903
2005,FIN,HUN,-.0960828382140701
2007,FIN,HUN,-.0870776233455585
2011,FIN,HUN,-.0917709154947933
2012,FIN,HUN,-.1199437271233888
2013,FIN,HUN,-.1148533368504758
2014,FIN,HUN,-.096378395253973
2015,FIN,HUN,-.1014692798032767
2016,FIN,HUN,-.1090211619012958
2017,FIN,HUN,-.1216434359333792
2018,FIN,HUN,-.1090350744264244
1994,FIN,RUS,
2000,FIN,RUS,.0206869189764724
2002,FIN,RUS,.0404540610882562
2004,FIN,RUS,.0395155485149706
2005,FIN,RUS,.0336723226583548
2006,FIN,RUS,.0446396075628054
2007,FIN,RUS,.0426775375268681
2008,FIN,RUS,.0289642683898753
2009,FIN,RUS,.0345461148797694
2010,FIN,RUS,.0471923809904189
2011,FIN,RUS,.0379842453776312
2012,FIN,RUS,.0098114337490362
2013,FIN,RUS,.0149018240219495
2014,FIN,RUS,.0333767656184528
2015,FIN,RUS,.0282858810691484
2016,FIN,RUS,.0207339989711291
2019,FIN,RUS,.0211879577715269
2021,FIN,RUS,.0182020376951192
1994,FIN,SVK,
1996,FIN,SVK,-.1075994021169077
1998,FIN,SVK,-.103593344378798
1994,FIN,ROU,
1998,FIN,ROU,-.0005117480207249
2000,FIN,ROU,-.0380148269264872
2002,FIN,ROU,-.0182476848147037
2004,FIN,ROU,-.0191861973879889
2005,FIN,ROU,-.0250294232446038
2006,FIN,ROU,-.0140621383401539
2007,FIN,ROU,-.0160242083760917
2008,FIN,ROU,-.0297374775130834
2009,FIN,ROU,-.0241556310231911
2010,FIN,ROU,-.0115093649125407
2011,FIN,ROU,-.0207175005253282
2012,FIN,ROU,-.0488903121539228
2013,FIN,ROU,-.0437999218810101
2014,FIN,ROU,-.0253249802845077
2015,FIN,ROU,-.0304158648338112
2017,FIN,ROU,-.0505900209639127
2022,FIN,ROU,-.0493507854376967
2026,FIN,ROU,
1994,FIN,EST,
1996,FIN,EST,.0467437823270566
1998,FIN,EST,.0507498400651658
2000,FIN,EST,.0132467611594033
2002,FIN,EST,.0330139032711885
2009,FIN,EST,.0271059570626994
2011,FIN,EST,.0305440875605628
2012,FIN,EST,.0023712759319675
2013,FIN,EST,.0074616662048802
2015,FIN,EST,.0208457232520797
2018,FIN,EST,.0132799286289327
2019,FIN,EST,.0137477999544577
2022,FIN,EST,.0019108026481943
2023,FIN,EST,.0210710221882681
2024,FIN,EST,.0346391813567969
2025,FIN,EST,
1994,FIN,LTU,
2002,FIN,LTU,-.0505213438716449
2006,FIN,LTU,-.0463357973970955
2007,FIN,LTU,-.0482978674330332
2009,FIN,LTU,-.0564292900801326
2011,FIN,LTU,-.0529911595822694
2012,FIN,LTU,-.0811639712108641
2013,FIN,LTU,-.0760735809379513
2015,FIN,LTU,-.0626895238907524
2016,FIN,LTU,-.0702414059887716
2018,FIN,LTU,-.0702553185138999
2021,FIN,LTU,-.0727733672647815
2022,FIN,LTU,-.0816244444946378
2023,FIN,LTU,-.0624642249545639
2024,FIN,LTU,-.0488960657860353
2025,FIN,LTU,
2026,FIN,LTU,
1994,FRA,POL,
1995,FRA,POL,-.1096890174371867
1996,FRA,POL,-.1005655661300663
1997,FRA,POL,-.1181907519275875
1998,FRA,POL,-.0965595083919571
1999,FRA,POL,-.0960678643650006
2001,FRA,POL,-.1010362433608314
2003,FRA,POL,-.1109249839141707
2004,FRA,POL,-.1152339577592209
2008,FRA,POL,-.1257852378843157
2014,FRA,POL,-.1213727406557396
2015,FRA,POL,-.1264636252050434
2016,FRA,POL,-.1340155073030627
2017,FRA,POL,-.1466377813351458
2022,FRA,POL,-.1453985458089291
2023,FRA,POL,-.126238326268855
2025,FRA,POL,
2026,FRA,POL,
1994,FRA,HUN,
1995,FRA,HUN,
1997,FRA,HUN,
1998,FRA,HUN,
2005,FRA,HUN,
2007,FRA,HUN,
2011,FRA,HUN,
2012,FRA,HUN,
2013,FRA,HUN,-.0955975038640517
2014,FRA,HUN,-.0771225622675487
2015,FRA,HUN,-.0822134468168522
2016,FRA,HUN,-.0897653289148713
2017,FRA,HUN,-.102387602946955
2018,FRA,HUN,-.0897792414399997
1994,FRA,RUS,
1995,FRA,RUS,.0643163218234292
1997,FRA,RUS,.0558145873330288
2000,FRA,RUS,.039942751962897
2001,FRA,RUS,.0729690958997849
2002,FRA,RUS,.0597098940746806
2003,FRA,RUS,.0630803553464463
2004,FRA,RUS,.058771381501395
2005,FRA,RUS,.0529281556447796
2006,FRA,RUS,.0638954405492297
2007,FRA,RUS,.0619333705132923
2008,FRA,RUS,.0482201013763002
2009,FRA,RUS,.053801947866193
2010,FRA,RUS,.0664482139768431
2011,FRA,RUS,.0572400783640549
2012,FRA,RUS,.0290672667354609
2013,FRA,RUS,.0341576570083736
2014,FRA,RUS,.0526325986048765
2015,FRA,RUS,.0475417140555723
2016,FRA,RUS,.0399898319575538
2019,FRA,RUS,.0404437907579512
2021,FRA,RUS,.0374578706815441
1994,FRA,SVK,
1996,FRA,SVK,
1998,FRA,SVK,
1994,FRA,ROU,
1998,FRA,ROU,.0187440849656997
2000,FRA,ROU,-.0187589939400629
2002,FRA,ROU,.0010081481717212
2003,FRA,ROU,.0043786094434866
2004,FRA,ROU,.0000696355984355
2005,FRA,ROU,-.0057735902581796
2006,FRA,ROU,.0051936946462701
2007,FRA,ROU,.0032316246103331
2008,FRA,ROU,-.0104816445266588
2009,FRA,ROU,-.0048997980367665
2010,FRA,ROU,.0077464680738837
2011,FRA,ROU,-.0014616675389039
2012,FRA,ROU,-.0296344791674979
2013,FRA,ROU,-.0245440888945857
2014,FRA,ROU,-.0060691472980827
2015,FRA,ROU,-.0111600318473863
2017,FRA,ROU,-.0313341879774889
2022,FRA,ROU,-.0300949524512719
2026,FRA,ROU,
1994,FRA,EST,
1996,FRA,EST,
1997,FRA,EST,
1998,FRA,EST,
1999,FRA,EST,
2000,FRA,EST,
2001,FRA,EST,
2002,FRA,EST,
2003,FRA,EST,
2009,FRA,EST,
2011,FRA,EST,
2012,FRA,EST,
2013,FRA,EST,.0267174991913051
2015,FRA,EST,.0401015562385045
2018,FRA,EST,.0325357616153577
2019,FRA,EST,.0330036329408827
2022,FRA,EST,.0211666356346185
2023,FRA,EST,.0403268551746924
2024,FRA,EST,.0538950143432212
2025,FRA,EST,
1994,FRA,LTU,
1999,FRA,LTU,
2001,FRA,LTU,
2002,FRA,LTU,
2006,FRA,LTU,
2007,FRA,LTU,
2009,FRA,LTU,
2011,FRA,LTU,
2012,FRA,LTU,
2013,FRA,LTU,-.0568177479515267
2015,FRA,LTU,-.0434336909043276
2016,FRA,LTU,-.050985573002347
2018,FRA,LTU,-.050999485527475
2021,FRA,LTU,-.0535175342783568
2022,FRA,LTU,-.0623686115082133
2023,FRA,LTU,-.0432083919681392
2024,FRA,LTU,-.0296402327996107
2025,FRA,LTU,
2026,FRA,LTU,
1994,DEU,POL,
1995,DEU,POL,-.1635655231454305
1997,DEU,POL,-.1720672576358317
1998,DEU,POL,-.1504360141002004
1999,DEU,POL,-.1499443700732439
2001,DEU,POL,-.1549127490690746
2003,DEU,POL,-.1648014896224131
2004,DEU,POL,-.1691104634674644
2008,DEU,POL,-.1796617435925588
2014,DEU,POL,-.1752492463639827
2015,DEU,POL,-.1803401309132869
2016,DEU,POL,-.1878920130113053
2017,DEU,POL,-.2005142870433894
2022,DEU,POL,-.1992750515171723
2023,DEU,POL,-.1801148319770985
2025,DEU,POL,
2026,DEU,POL,
1994,DEU,HUN,
1995,DEU,HUN,-.119315344757239
1997,DEU,HUN,-.1278170792476398
1998,DEU,HUN,-.1061858357120094
2005,DEU,HUN,-.1307035109358887
2007,DEU,HUN,-.121698296067376
2011,DEU,HUN,-.1263915882166126
2012,DEU,HUN,-.1545643998452076
2013,DEU,HUN,-.1494740095722941
2014,DEU,HUN,-.1309990679757923
2015,DEU,HUN,-.1360899525250958
2016,DEU,HUN,-.1436418346231151
2017,DEU,HUN,-.1562641086551982
2018,DEU,HUN,-.143655747148243
1994,DEU,RUS,
1995,DEU,RUS,.010439816115186
1997,DEU,RUS,.0019380816247854
2000,DEU,RUS,-.0139337537453462
2001,DEU,RUS,.0190925901915413
2002,DEU,RUS,.0058333883664371
2003,DEU,RUS,.009203849638202
2004,DEU,RUS,.0048948757931514
2005,DEU,RUS,-.0009483500634641
2006,DEU,RUS,.010018934840986
2007,DEU,RUS,.008056864805049
2008,DEU,RUS,-.0056564043319429
2009,DEU,RUS,-.0000745578420506
2010,DEU,RUS,.0125717082685997
2011,DEU,RUS,.0033635726558122
2012,DEU,RUS,-.0248092389727823
2013,DEU,RUS,-.0197188486998696
2014,DEU,RUS,-.0012439071033661
2015,DEU,RUS,-.00633479165267
2016,DEU,RUS,-.0138866737506894
2019,DEU,RUS,-.0134327149502922
2021,DEU,RUS,-.0164186350266992
1994,DEU,SVK,
1998,DEU,SVK,
1994,DEU,ROU,
1998,DEU,ROU,-.0351324207425434
2000,DEU,ROU,-.0726354996483063
2002,DEU,ROU,-.0528683575365221
2003,DEU,ROU,-.0494978962647571
2004,DEU,ROU,-.0538068701098076
2005,DEU,ROU,-.0596500959664232
2006,DEU,ROU,-.0486828110619733
2007,DEU,ROU,-.0506448810979106
2008,DEU,ROU,-.0643581502349022
2009,DEU,ROU,-.0587763037450102
2010,DEU,ROU,-.0461300376343596
2011,DEU,ROU,-.0553381732471472
2012,DEU,ROU,-.0835109848757416
2013,DEU,ROU,-.0784205946028289
2014,DEU,ROU,-.0599456530063263
2015,DEU,ROU,-.0650365375556297
2017,DEU,ROU,-.0852106936857319
2022,DEU,ROU,-.0839714581595156
2026,DEU,ROU,
1994,DEU,EST,
1997,DEU,EST,
1998,DEU,EST,
1999,DEU,EST,
2000,DEU,EST,
2001,DEU,EST,
2002,DEU,EST,
2003,DEU,EST,
2009,DEU,EST,
2011,DEU,EST,
2012,DEU,EST,
2013,DEU,EST,
2015,DEU,EST,
2018,DEU,EST,
2019,DEU,EST,
2022,DEU,EST,-.0327098700736247
2023,DEU,EST,-.0135496505335503
2024,DEU,EST,.0000185086349781
2025,DEU,EST,
1994,DEU,LTU,
1999,DEU,LTU,
2001,DEU,LTU,
2002,DEU,LTU,
2006,DEU,LTU,
2007,DEU,LTU,
2009,DEU,LTU,
2011,DEU,LTU,
2012,DEU,LTU,
2013,DEU,LTU,
2015,DEU,LTU,
2016,DEU,LTU,
2018,DEU,LTU,
2021,DEU,LTU,-.1073940399866004
2022,DEU,LTU,-.1162451172164567
2023,DEU,LTU,-.0970848976763826
2024,DEU,LTU,-.0835167385078539
2025,DEU,LTU,
2026,DEU,LTU,
1994,GRC,POL,
1995,GRC,POL,-.0940437125658206
1996,GRC,POL,-.0849202612587002
1997,GRC,POL,-.1025454470562212
1998,GRC,POL,-.08091420352059
2001,GRC,POL,-.0853909384894644
2003,GRC,POL,-.0952796790428043
2004,GRC,POL,-.0995886528878545
2008,GRC,POL,-.1101399330129494
2014,GRC,POL,-.105727435784373
2015,GRC,POL,-.1108183203336766
2016,GRC,POL,-.1183702024316958
2017,GRC,POL,-.1309924764637788
2022,GRC,POL,-.1297532409375619
2023,GRC,POL,-.1105930213974886
2025,GRC,POL,
2026,GRC,POL,
1994,GRC,HUN,
1995,GRC,HUN,-.0497935341776294
1997,GRC,HUN,-.0582952686680298
1998,GRC,HUN,-.0366640251323994
2005,GRC,HUN,-.0611817003562788
2007,GRC,HUN,-.0521764854877668
2011,GRC,HUN,-.0568697776370031
2012,GRC,HUN,-.0850425892655972
2013,GRC,HUN,-.0799521989926851
2014,GRC,HUN,-.0614772573961818
2015,GRC,HUN,-.0665681419454859
2016,GRC,HUN,-.0741200240435052
2017,GRC,HUN,-.0867422980755879
2018,GRC,HUN,-.074133936568633
1994,GRC,RUS,
1995,GRC,RUS,.0799616266947961
1997,GRC,RUS,.0714598922043952
2001,GRC,RUS,.0886144007711519
2002,GRC,RUS,.0753551989460479
2003,GRC,RUS,.0787256602178128
2004,GRC,RUS,.0744166863727613
2005,GRC,RUS,.0685734605161469
2006,GRC,RUS,.0795407454205965
2007,GRC,RUS,.0775786753846596
2008,GRC,RUS,.0638654062476669
2009,GRC,RUS,.0694472527375596
2010,GRC,RUS,.08209351884821
2011,GRC,RUS,.0728853832354222
2012,GRC,RUS,.0447125716068276
2013,GRC,RUS,.0498029618797407
2014,GRC,RUS,.0682779034762439
2015,GRC,RUS,.0631870189269398
2016,GRC,RUS,.0556351368289206
2019,GRC,RUS,.0560890956293179
2021,GRC,RUS,.0531031755529103
1994,GRC,SVK,
1996,GRC,SVK,-.0726982642591165
1998,GRC,SVK,-.068692206521007
1994,GRC,ROU,
1998,GRC,ROU,.0343893898370661
2002,GRC,ROU,.016653453043088
2003,GRC,ROU,.0200239143148528
2004,GRC,ROU,.015714940469802
2005,GRC,ROU,.0098717146131876
2006,GRC,ROU,.0208389995176372
2007,GRC,ROU,.0188769294816994
2008,GRC,ROU,.0051636603447079
2009,GRC,ROU,.0107455068346001
2010,GRC,ROU,.0233917729452506
2011,GRC,ROU,.0141836373324629
2012,GRC,ROU,-.0139891742961322
2013,GRC,ROU,-.0088987840232186
2014,GRC,ROU,.0095761575732835
2015,GRC,ROU,.00448527302398
2017,GRC,ROU,-.0156888831061224
2022,GRC,ROU,-.0144496475799053
2026,GRC,ROU,
1994,GRC,EST,
1996,GRC,EST,.0816449201848475
1997,GRC,EST,.0640197343873276
1998,GRC,EST,.0856509779229571
2001,GRC,EST,.0811742429540839
2002,GRC,EST,.0679150411289789
2003,GRC,EST,.0712855024007436
2009,GRC,EST,.0620070949204908
2011,GRC,EST,.0654452254183538
2012,GRC,EST,.0372724137897596
2013,GRC,EST,.042362804062672
2015,GRC,EST,.0557468611098712
2018,GRC,EST,.0481810664867235
2019,GRC,EST,.0486489378122489
2022,GRC,EST,.0368119405059857
2023,GRC,EST,.055972160046059
2024,GRC,EST,.0695403192145882
2025,GRC,EST,
1994,GRC,LTU,
2001,GRC,LTU,-.0023610041887487
2002,GRC,LTU,-.0156202060138535
2006,GRC,LTU,-.0114346595393041
2007,GRC,LTU,-.0133967295752421
2009,GRC,LTU,-.0215281522223413
2011,GRC,LTU,-.0180900217244787
2012,GRC,LTU,-.0462628333530726
2013,GRC,LTU,-.04117244308016
2015,GRC,LTU,-.0277883860329613
2016,GRC,LTU,-.0353402681309802
2018,GRC,LTU,-.0353541806561085
2021,GRC,LTU,-.0378722294069903
2022,GRC,LTU,-.046723306636847
2023,GRC,LTU,-.0275630870967727
2024,GRC,LTU,-.0139949279282447
2025,GRC,LTU,
2026,GRC,LTU,
1994,HUN,IRL,
1995,HUN,IRL,-.0175857340516734
1997,HUN,IRL,-.0260874685420744
1998,HUN,IRL,-.0044562250064438
2007,HUN,IRL,-.0199686853618112
2011,HUN,IRL,-.0246619775110475
2012,HUN,IRL,-.0528347891396423
2013,HUN,IRL,-.0477443988667295
2018,HUN,IRL,-.0419261364426778
1994,HUN,POL,
1995,HUN,POL,-.1454098353399578
1997,HUN,POL,-.1539115698303585
1998,HUN,POL,-.1322803262947279
2008,HUN,POL,-.1615060557870866
2014,HUN,POL,-.1570935585585108
2015,HUN,POL,-.1621844431078146
2016,HUN,POL,-.1697363252058336
2017,HUN,POL,-.1823585992379165
1994,HUN,DEU,
1995,HUN,DEU,-.1860502866028301
1997,HUN,DEU,-.1945520210932309
1998,HUN,DEU,-.1729207775575999
2005,HUN,DEU,-.1974384527814794
2007,HUN,DEU,-.1884332379129671
2008,HUN,DEU,-.2021465070499589
2009,HUN,DEU,-.1965646605600667
2011,HUN,DEU,-.1931265300622039
2012,HUN,DEU,-.2212993416907977
2013,HUN,DEU,-.2162089514178857
2014,HUN,DEU,-.1977340098213827
2015,HUN,DEU,-.2028248943706865
2016,HUN,DEU,-.2103767764687057
2017,HUN,DEU,-.2229990505007884
2018,HUN,DEU,-.2103906889938336
2019,HUN,DEU,-.2099228176683084
1994,HUN,MLT,
1995,HUN,MLT,.0387724355751351
1997,HUN,MLT,.030270701084735
1998,HUN,MLT,.0519019446203654
2005,HUN,MLT,.0273842693964857
2009,HUN,MLT,.0282580616178988
2012,HUN,MLT,.0035233804871672
2013,HUN,MLT,.0086137707600795
2014,HUN,MLT,.0270887123565822
2016,HUN,MLT,.0144459457092591
2019,HUN,MLT,.0148999045096566
1994,HUN,NOR,
1995,HUN,NOR,.0122114198685543
1997,HUN,NOR,.0037096853781537
1998,HUN,NOR,.0253409289137847
2005,HUN,NOR,.0008232536899047
2008,HUN,NOR,-.0038848005785743
2009,HUN,NOR,.0016970459113184
2012,HUN,NOR,-.0230376352194137
2013,HUN,NOR,-.0179472449465003
2014,HUN,NOR,.0005276966500015
2015,HUN,NOR,-.0045631878993018
2017,HUN,NOR,-.0247373440294038
2018,HUN,NOR,-.0121289825224489
2019,HUN,NOR,-.0116611111969237
1994,HUN,FRA,
1995,HUN,FRA,-.1172151529200089
1997,HUN,FRA,-.1257168874104095
1998,HUN,FRA,-.1040856438747793
2005,HUN,FRA,-.128603319098659
2007,HUN,FRA,-.1195981042301458
2008,HUN,FRA,-.133311373367138
2009,HUN,FRA,-.1277295268772455
2011,HUN,FRA,-.1242913963793826
2012,HUN,FRA,-.1524642080079776
2013,HUN,FRA,-.1473738177350644
2014,HUN,FRA,-.1288988761385617
2015,HUN,FRA,-.1339897606878656
2016,HUN,FRA,-.141541642785885
2017,HUN,FRA,-.1541639168179677
2018,HUN,FRA,-.1415555553110132
2019,HUN,FRA,-.1410876839854876
1994,HUN,PRT,
1995,HUN,PRT,.0007213834049083
1997,HUN,PRT,-.0077803510854929
1998,HUN,PRT,.0138508924501382
2008,HUN,PRT,-.0153748370422209
2009,HUN,PRT,-.0097929905523285
2017,HUN,PRT,-.036227380493051
2018,HUN,PRT,-.0236190189860958
1994,HUN,RUS,
1995,HUN,RUS,.0285955039206575
1997,HUN,RUS,.0200937694302575
2005,HUN,RUS,.0172073377420083
2007,HUN,RUS,.026212552610521
2008,HUN,RUS,.0124992834735286
2009,HUN,RUS,.0180811299634211
2011,HUN,RUS,.0215192604612846
2012,HUN,RUS,-.0066535511673102
2013,HUN,RUS,-.0015631608943976
2014,HUN,RUS,.0169117807021051
2015,HUN,RUS,.0118208961528024
2016,HUN,RUS,.0042690140547836
2019,HUN,RUS,.0047229728551804
1994,HUN,GBR,
1995,HUN,GBR,-.1423177224796821
1997,HUN,GBR,-.1508194569700826
1998,HUN,GBR,-.1291882134344526
2005,HUN,GBR,-.153705888658332
2007,HUN,GBR,-.1447006737898194
2008,HUN,GBR,-.1584139429268109
2009,HUN,GBR,-.1528320964369186
2011,HUN,GBR,-.1493939659390559
2012,HUN,GBR,-.1775667775676504
2013,HUN,GBR,-.1724763872947378
2014,HUN,GBR,-.154001445698235
2015,HUN,GBR,-.1590923302475385
2016,HUN,GBR,-.166644212345558
2017,HUN,GBR,-.179266486377641
2018,HUN,GBR,-.1666581248706859
2019,HUN,GBR,-.1661902535451603
1994,HUN,CYP,
1995,HUN,CYP,.0274399184962146
1997,HUN,CYP,.018938184005814
1998,HUN,CYP,.0405694275414452
2005,HUN,CYP,.0160517523175649
2012,HUN,CYP,-.0078091365917535
2015,HUN,CYP,.0106653107283577
2016,HUN,CYP,.0031134286303394
2017,HUN,CYP,-.0095088454017447
2018,HUN,CYP,.0030995161052108
2019,HUN,CYP,.0035673874307366
1994,HUN,ISL,
1995,HUN,ISL,.0803463727355704
1997,HUN,ISL,.0718446382451693
2008,HUN,ISL,.0642501522884405
2009,HUN,ISL,.0698319987783332
2011,HUN,ISL,.0732701292761968
2012,HUN,ISL,.0450973176476022
2013,HUN,ISL,.0501877079205143
2014,HUN,ISL,.0686626495170169
2019,HUN,ISL,.0564738416700914
1994,HUN,SWE,
1995,HUN,SWE,.0983133384112537
1997,HUN,SWE,.0898116039208532
1998,HUN,SWE,.1114428474564837
2005,HUN,SWE,.0869251722326046
2007,HUN,SWE,.0959303871011168
2008,HUN,SWE,.0822171179641256
2009,HUN,SWE,.0877989644540174
2011,HUN,SWE,.0912370949518806
2012,HUN,SWE,.0630642833232865
2013,HUN,SWE,.0681546735961981
2014,HUN,SWE,.0866296151927018
2015,HUN,SWE,.0815387306433982
2016,HUN,SWE,.0739868485453787
2017,HUN,SWE,.0613645745132952
2018,HUN,SWE,.0739729360202497
2019,HUN,SWE,.0744408073457757
1994,HUN,GRC,
1995,HUN,GRC,.0293533020543455
1997,HUN,GRC,.0208515675639447
1998,HUN,GRC,.0424828110995756
2005,HUN,GRC,.0179651358756964
2007,HUN,GRC,.0269703507442086
2008,HUN,GRC,.0132570816072164
2009,HUN,GRC,.0188389280971092
2011,HUN,GRC,.0222770585949721
2012,HUN,GRC,-.0058957530336227
2013,HUN,GRC,-.0008053627607103
2014,HUN,GRC,.0176695788357928
2015,HUN,GRC,.0125786942864891
2017,HUN,GRC,-.0075954618436133
2019,HUN,GRC,.0054807709888672
1994,HUN,BIH,
1995,HUN,BIH,
1997,HUN,BIH,.0205097123221929
2005,HUN,BIH,.0176232806339437
2007,HUN,BIH,.0266284955024557
2008,HUN,BIH,.0129152263654642
2009,HUN,BIH,.0184970728553565
2011,HUN,BIH,.0219352033532191
2012,HUN,BIH,-.006237608275375
1994,HUN,HRV,
1995,HUN,HRV,.0117213331896964
1997,HUN,HRV,.0032195986992956
1998,HUN,HRV,.024850842234926
2005,HUN,HRV,.0003331670110464
2008,HUN,HRV,-.0043748872574326
2009,HUN,HRV,.0012069592324593
2016,HUN,HRV,-.0126051566761791
2017,HUN,HRV,-.0252274307082628
1994,HUN,AUT,
1995,HUN,AUT,-.0384057972843824
1997,HUN,AUT,-.0469075317747834
2011,HUN,AUT,-.0454820407437566
2014,HUN,AUT,-.0500895205029354
2015,HUN,AUT,-.0551804050522396
2016,HUN,AUT,-.0627322871502583
2017,HUN,AUT,-.0753545611823418
2018,HUN,AUT,-.0627461996753866
1994,HUN,ESP,
1995,HUN,ESP,-.1115181528808799
1997,HUN,ESP,-.1200198873712806
1998,HUN,ESP,-.0983886438356497
2005,HUN,ESP,-.1229063190595293
2007,HUN,ESP,-.1139011041910171
2008,HUN,ESP,-.127614373328009
2009,HUN,ESP,-.1220325268381164
2011,HUN,ESP,-.1185943963402535
2012,HUN,ESP,-.1467672079688474
2013,HUN,ESP,-.1416768176959357
2014,HUN,ESP,-.1232018760994327
2015,HUN,ESP,-.1282927606487362
2016,HUN,ESP,-.1358446427467558
2017,HUN,ESP,-.1484669167788382
2018,HUN,ESP,-.1358585552718835
2019,HUN,ESP,-.1353906839463583
1994,HUN,CHE,
1997,HUN,CHE,-.046403256816451
1998,HUN,CHE,-.0247720132808202
2005,HUN,CHE,-.049289688504699
2011,HUN,CHE,-.0449777657854241
2014,HUN,CHE,-.0495852455446024
2019,HUN,CHE,-.0617740533915284
1994,HUN,SVK,
1998,HUN,SVK,-.1200583292951448
1994,HUN,ROU,
1998,HUN,ROU,-.0169767329370714
2005,HUN,ROU,-.0414944081609502
2007,HUN,ROU,-.0324891932924378
2008,HUN,ROU,-.0462024624294298
2009,HUN,ROU,-.0406206159395379
2011,HUN,ROU,-.0371824854416746
2012,HUN,ROU,-.0653552970702698
2013,HUN,ROU,-.0602649067973567
2014,HUN,ROU,-.0417899652008541
2015,HUN,ROU,-.0468808497501575
2017,HUN,ROU,-.0670550058802597
1994,HUN,FIN,
1998,HUN,FIN,-.0411521245813997
2007,HUN,FIN,-.0566645849367667
2008,HUN,FIN,-.0703778540737586
2009,HUN,FIN,-.0647960075838659
2011,HUN,FIN,-.0613578770860032
2013,HUN,FIN,-.0844402984416851
2014,HUN,FIN,-.0659653568451818
2018,HUN,FIN,-.0786220360176333
1994,HUN,NLD,
1997,HUN,NLD,-.043906005320391
1998,HUN,NLD,-.0222747617847612
2013,HUN,NLD,-.0655629356450461
2014,HUN,NLD,-.0470879940485427
2016,HUN,NLD,-.0597307606958659
2017,HUN,NLD,-.0723530347279492
2018,HUN,NLD,-.059744673220994
2019,HUN,NLD,-.0592768018954688
1994,HUN,EST,
1997,HUN,EST,.0126536116131893
1998,HUN,EST,.03428485514882
2009,HUN,EST,.0106409721463531
2011,HUN,EST,.0140791026442157
2012,HUN,EST,-.0140937089843783
2013,HUN,EST,-.0090033187114659
2015,HUN,EST,.0043807383357338
2018,HUN,EST,-.0031850562874139
2019,HUN,EST,-.0027171849618883
1994,HUN,LTU,
2007,HUN,LTU,-.0647628523493794
2009,HUN,LTU,-.0728942749964792
2011,HUN,LTU,-.0694561444986159
2012,HUN,LTU,-.0976289561272108
2013,HUN,LTU,-.0925385658542981
2015,HUN,LTU,-.0791545088070987
2016,HUN,LTU,-.0867063909051178
2018,HUN,LTU,-.0867203034302458
1994,ISL,POL,
1995,ISL,POL,-.0692815691698534
1996,ISL,POL,-.0601581178627325
1997,ISL,POL,-.0777833036602536
1999,ISL,POL,-.0556604160976664
2001,ISL,POL,-.0606287950934976
2003,ISL,POL,-.0705175356468368
2004,ISL,POL,-.0748265094918872
2008,ISL,POL,-.0853777896169824
2014,ISL,POL,-.080965292388406
2015,ISL,POL,-.0860561769377096
2016,ISL,POL,-.0936080590357285
2017,ISL,POL,-.1062303330678118
2022,ISL,POL,-.104991097541595
2023,ISL,POL,-.0858308780015211
2025,ISL,POL,
1994,ISL,HUN,
1995,ISL,HUN,-.0250313907816626
1997,ISL,HUN,-.0335331252720627
2005,ISL,HUN,-.0364195569603111
2007,ISL,HUN,-.0274143420917987
2011,ISL,HUN,-.0321076342410363
2012,ISL,HUN,-.060280445869631
2013,ISL,HUN,-.055190055596718
2014,ISL,HUN,-.0367151140002145
2015,ISL,HUN,-.0418059985495188
2016,ISL,HUN,-.0493578806475379
2017,ISL,HUN,-.0619801546796205
2018,ISL,HUN,-.0493717931726659
1994,ISL,RUS,
1995,ISL,RUS,.1047237700907636
1997,ISL,RUS,.0962220356003626
2000,ISL,RUS,.0803502002302296
2001,ISL,RUS,.1133765441671196
2003,ISL,RUS,.1034878036137794
2004,ISL,RUS,.0991788297687296
2005,ISL,RUS,.0933356039121139
2006,ISL,RUS,.1043028888165637
2007,ISL,RUS,.1023408187806255
2008,ISL,RUS,.0886275496436342
2009,ISL,RUS,.0942093961335268
2010,ISL,RUS,.106855662244177
2011,ISL,RUS,.0976475266313901
2012,ISL,RUS,.0694747150027952
2013,ISL,RUS,.0745651052757072
2014,ISL,RUS,.0930400468722109
2015,ISL,RUS,.0879491623229064
2016,ISL,RUS,.0803972802248864
2019,ISL,RUS,.0808512390252848
2021,ISL,RUS,.0778653189488776
1994,ISL,SVK,
1996,ISL,SVK,-.0479361208631487
1994,ISL,ROU,
2000,ISL,ROU,.0216484543272709
2003,ISL,ROU,.0447860577108197
2004,ISL,ROU,.0404770838657695
2005,ISL,ROU,.0346338580091541
2006,ISL,ROU,.0456011429136043
2007,ISL,ROU,.0436390728776669
2008,ISL,ROU,.0299258037406749
2009,ISL,ROU,.0355076502305674
2010,ISL,ROU,.0481539163412179
2011,ISL,ROU,.0389457807284299
2012,ISL,ROU,.0107729690998355
2013,ISL,ROU,.0158633593727483
2014,ISL,ROU,.0343383009692511
2015,ISL,ROU,.0292474164199472
2017,ISL,ROU,.0090732602898449
2022,ISL,ROU,.0103124958160619
1994,ISL,EST,
1996,ISL,EST,.1064070635808158
1997,ISL,EST,.0887818777832943
1999,ISL,EST,.1109047653458816
2000,ISL,EST,.0729100424131622
2001,ISL,EST,.1059363863500515
2003,ISL,EST,.0960476457967107
2009,ISL,EST,.0867692383164587
2011,ISL,EST,.0902073688143215
2012,ISL,EST,.0620345571857259
2013,ISL,EST,.0671249474586393
2015,ISL,EST,.0805090045058377
2018,ISL,EST,.072943209882691
2019,ISL,EST,.0734110812082161
2022,ISL,EST,.0615740839019533
2023,ISL,EST,.0807343034420267
2024,ISL,EST,.0943024626105547
2025,ISL,EST,
1994,ISL,LTU,
1999,ISL,LTU,.0273695182030488
2001,ISL,LTU,.0224011392072188
2006,ISL,LTU,.013327483856663
2007,ISL,LTU,.0113654138207252
2009,ISL,LTU,.0032339911736261
2011,ISL,LTU,.0066721216714887
2012,ISL,LTU,-.0215006899571059
2013,ISL,LTU,-.0164102996841932
2015,ISL,LTU,-.0030262426369935
2016,ISL,LTU,-.0105781247350138
2018,ISL,LTU,-.010592037260141
2021,ISL,LTU,-.0131100860110231
2022,ISL,LTU,-.0219611632408791
2023,ISL,LTU,-.0028009437008054
2024,ISL,LTU,.0107672154677228
2025,ISL,LTU,
1994,IRL,POL,
1995,IRL,POL,-.1000704293184667
1996,IRL,POL,-.0909469780113462
1997,IRL,POL,-.1085721638088673
1998,IRL,POL,-.0869409202732366
1999,IRL,POL,-.0864492762462803
2001,IRL,POL,-.0914176552421111
2003,IRL,POL,-.1013063957954503
2004,IRL,POL,-.1056153696405006
2008,IRL,POL,-.1161666497655955
2014,IRL,POL,-.1117541525370195
2015,IRL,POL,-.1168450370863228
2016,IRL,POL,-.1243969191843423
2017,IRL,POL,-.1370191932164257
2022,IRL,POL,-.1357799576902082
2023,IRL,POL,-.1166197381501349
2025,IRL,POL,
1994,IRL,HUN,
1995,IRL,HUN,-.0558202509302758
1997,IRL,HUN,-.0643219854206763
1998,IRL,HUN,-.0426907418850457
2005,IRL,HUN,-.067208417108925
2007,IRL,HUN,-.0582032022404129
2011,IRL,HUN,-.0628964943896493
2012,IRL,HUN,-.0910693060182438
2013,IRL,HUN,-.0859789157453314
2014,IRL,HUN,-.0675039741488284
2015,IRL,HUN,-.0725948586981319
2016,IRL,HUN,-.0801467407961509
2017,IRL,HUN,-.0927690148282341
2018,IRL,HUN,-.0801606533212793
1994,IRL,RUS,
1995,IRL,RUS,.0739349099421495
1997,IRL,RUS,.0654331754517492
2000,IRL,RUS,.0495613400816174
2001,IRL,RUS,.0825876840185061
2003,IRL,RUS,.0726989434651657
2004,IRL,RUS,.0683899696201163
2005,IRL,RUS,.0625467437635006
2006,IRL,RUS,.0735140286679503
2007,IRL,RUS,.0715519586320121
2008,IRL,RUS,.0578386894950206
2009,IRL,RUS,.0634205359849133
2010,IRL,RUS,.0760668020955639
2011,IRL,RUS,.0668586664827757
2012,IRL,RUS,.0386858548541813
2013,IRL,RUS,.0437762451270944
2014,IRL,RUS,.0622511867235974
2015,IRL,RUS,.0571603021742937
2016,IRL,RUS,.0496084200762742
2019,IRL,RUS,.0500623788766711
2021,IRL,RUS,.0470764588002645
1994,IRL,SVK,
1996,IRL,SVK,-.0787249810117628
1998,IRL,SVK,-.0747189232736539
1994,IRL,ROU,
1998,IRL,ROU,.0283626730844201
2000,IRL,ROU,-.0091404058213427
2003,IRL,ROU,.0139971975622065
2004,IRL,ROU,.0096882237171557
2005,IRL,ROU,.003844997860541
2006,IRL,ROU,.0148122827649902
2007,IRL,ROU,.0128502127290535
2008,IRL,ROU,-.0008630564079389
2009,IRL,ROU,.0047187900819537
2010,IRL,ROU,.0173650561926045
2011,IRL,ROU,.0081569205798164
2012,IRL,ROU,-.0200158910487782
2013,IRL,ROU,-.0149255007758657
2014,IRL,ROU,.0035494408206382
2015,IRL,ROU,-.001541443728666
2017,IRL,ROU,-.0217155998587679
2022,IRL,ROU,-.0204763643325519
1994,IRL,EST,
1996,IRL,EST,
1997,IRL,EST,
1998,IRL,EST,
1999,IRL,EST,
2000,IRL,EST,
2001,IRL,EST,
2003,IRL,EST,
2009,IRL,EST,.0559803781678448
2011,IRL,EST,.0594185086657079
2012,IRL,EST,.0312456970371133
2013,IRL,EST,.0363360873100253
2015,IRL,EST,.0497201443572246
2018,IRL,EST,.0421543497340777
2019,IRL,EST,.0426222210596028
2022,IRL,EST,.0307852237533386
2023,IRL,EST,.0499454432934129
2024,IRL,EST,.0635136024619414
2025,IRL,EST,
1994,IRL,LTU,
1999,IRL,LTU,-.0034193419455647
2001,IRL,LTU,-.0083877209413949
2006,IRL,LTU,-.0174613762919501
2007,IRL,LTU,-.0194234463278882
2009,IRL,LTU,-.0275548689749872
2011,IRL,LTU,-.0241167384771238
2012,IRL,LTU,-.0522895501057196
2013,IRL,LTU,-.0471991598328065
2015,IRL,LTU,-.0338151027856071
2016,IRL,LTU,-.0413669848836257
2018,IRL,LTU,-.0413808974087543
2021,IRL,LTU,-.0438989461596363
2022,IRL,LTU,-.0527500233894931
2023,IRL,LTU,-.0335898038494185
2024,IRL,LTU,-.0200216446808905
2025,IRL,LTU,
1994,LTU,IRL,
1999,LTU,IRL,.0057296219064162
2001,LTU,IRL,.0007612429105845
2004,LTU,IRL,-.0134364714878054
2006,LTU,IRL,-.0083124124399714
2007,LTU,IRL,-.010274482475908
2010,LTU,IRL,-.0057596390123572
2011,LTU,IRL,-.0149677746251448
2012,LTU,IRL,-.0431405862537397
2013,LTU,IRL,-.0380501959808263
2018,LTU,IRL,-.0322319335567749
2024,LTU,IRL,-.0108726808289108
1994,LTU,POL,
1999,LTU,POL,-.1220944793818692
2001,LTU,POL,-.1270628583776997
2004,LTU,POL,-.1412605727760901
2008,LTU,POL,-.1518118529011844
2014,LTU,POL,-.147399355672608
2015,LTU,POL,-.152490240221912
2016,LTU,POL,-.1600421223199309
2017,LTU,POL,-.1726643963520138
2022,LTU,POL,-.1714251608257976
2023,LTU,POL,-.1522649412857238
2025,LTU,POL,
2026,LTU,POL,
1994,LTU,DEU,
1999,LTU,DEU,-.1627349306447411
2001,LTU,DEU,-.1677033096405716
2002,LTU,DEU,-.180962511465676
2004,LTU,DEU,-.1819010240389617
2005,LTU,DEU,-.1877442498955766
2006,LTU,DEU,-.1767769649911272
2007,LTU,DEU,-.1787390350270646
2008,LTU,DEU,-.1924523041640568
2009,LTU,DEU,-.186870457674164
2010,LTU,DEU,-.1742241915635128
2011,LTU,DEU,-.1834323271763014
2012,LTU,DEU,-.2116051388048956
2013,LTU,DEU,-.2065147485319831
2014,LTU,DEU,-.1880398069354802
2015,LTU,DEU,-.1931306914847838
2016,LTU,DEU,-.2006825735828031
2017,LTU,DEU,-.2133048476148861
2018,LTU,DEU,-.2006964861079311
2019,LTU,DEU,-.200228614782406
2021,LTU,DEU,-.2032145348588133
2022,LTU,DEU,-.2120656120886701
2023,LTU,DEU,-.1929053925485961
2024,LTU,DEU,-.179337233380067
2025,LTU,DEU,
2026,LTU,DEU,
1994,LTU,HUN,
2005,LTU,HUN,-.1028536202445139
2007,LTU,HUN,-.0938484053760014
2011,LTU,HUN,-.0985416975252381
2012,LTU,HUN,-.126714509153833
2013,LTU,HUN,-.1216241188809205
2014,LTU,HUN,-.103149177284417
2015,LTU,HUN,-.1082400618337211
2016,LTU,HUN,-.1157919439317401
2017,LTU,HUN,-.1284142179638231
2018,LTU,HUN,-.1158058564568682
1994,LTU,MLT,
1999,LTU,MLT,.0620877915332235
2001,LTU,MLT,.0571194125373939
2002,LTU,MLT,.0438602107122892
2004,LTU,MLT,.0429216981390036
2005,LTU,MLT,.0370784722823882
2006,LTU,MLT,.0480457571868374
2009,LTU,MLT,.0379522645038014
2012,LTU,MLT,.0132175833730691
2013,LTU,MLT,.0183079736459821
2014,LTU,MLT,.0367829152424845
2016,LTU,MLT,.0241401485951623
2019,LTU,MLT,.0245941073955593
2021,LTU,MLT,.0216081873191523
2025,LTU,MLT,
2026,LTU,MLT,
1994,LTU,NOR,
1999,LTU,NOR,.0355267758266435
2001,LTU,NOR,.0305583968308129
2004,LTU,NOR,.0163606824324224
2005,LTU,NOR,.0105174565758076
2006,LTU,NOR,.0214847414802572
2008,LTU,NOR,.005809402307328
2009,LTU,NOR,.0113912487972214
2010,LTU,NOR,.024037514907871
2012,LTU,NOR,-.0133434323335113
2013,LTU,NOR,-.0082530420605985
2014,LTU,NOR,.0102218995359044
2015,LTU,NOR,.0051310149866007
2017,LTU,NOR,-.0150431411435023
2018,LTU,NOR,-.0024347796365466
2019,LTU,NOR,-.0019669083110213
2021,LTU,NOR,-.0049528283874281
2022,LTU,NOR,-.013803905617285
2023,LTU,NOR,.0053563139227891
2024,LTU,NOR,.0189244730913182
2025,LTU,NOR,
2026,LTU,NOR,
1994,LTU,FRA,
1999,LTU,FRA,-.0938997969619201
2001,LTU,FRA,-.0988681759577511
2002,LTU,FRA,-.1121273777828555
2004,LTU,FRA,-.1130658903561406
2005,LTU,FRA,-.1189091162127559
2006,LTU,FRA,-.1079418313083059
2007,LTU,FRA,-.1099039013442432
2008,LTU,FRA,-.1236171704812355
2009,LTU,FRA,-.1180353239913429
2010,LTU,FRA,-.1053890578806923
2011,LTU,FRA,-.1145971934934802
2012,LTU,FRA,-.142770005122075
2013,LTU,FRA,-.1376796148491619
2014,LTU,FRA,-.1192046732526589
2015,LTU,FRA,-.1242955578019631
2016,LTU,FRA,-.131847439899982
2017,LTU,FRA,-.1444697139320652
2018,LTU,FRA,-.13186135242511
2019,LTU,FRA,-.1313934810995847
2021,LTU,FRA,-.1343794011759923
2022,LTU,FRA,-.1432304784058483
2023,LTU,FRA,-.1240702588657747
2024,LTU,FRA,-.1105020996972458
2025,LTU,FRA,
2026,LTU,FRA,
1994,LTU,PRT,
1999,LTU,PRT,.0240367393629976
2001,LTU,PRT,.0190683603671662
2008,LTU,PRT,-.0056806341563186
2009,LTU,PRT,-.0000987876664263
2010,LTU,PRT,.0125474784442246
2017,LTU,PRT,-.0265331776071474
2018,LTU,PRT,-.013924816100193
2021,LTU,PRT,-.0164428648510756
2022,LTU,PRT,-.0252939420809315
2023,LTU,PRT,-.0061337225408577
2024,LTU,PRT,.0074344366276712
2025,LTU,PRT,
1994,LTU,RUS,
2001,LTU,RUS,.0469424808829171
2002,LTU,RUS,.033683279057813
2004,LTU,RUS,.0327447664845262
2005,LTU,RUS,.0269015406279108
2006,LTU,RUS,.037868825532362
2007,LTU,RUS,.0359067554964236
2008,LTU,RUS,.0221934863594324
2009,LTU,RUS,.0277753328493252
2010,LTU,RUS,.040421598959975
2011,LTU,RUS,.0312134633471874
2012,LTU,RUS,.003040651718593
2013,LTU,RUS,.0081310419915055
2014,LTU,RUS,.0266059835880081
2015,LTU,RUS,.0215150990387046
2016,LTU,RUS,.013963216940685
2019,LTU,RUS,.0144171757410823
2021,LTU,RUS,.0114312556646751
1994,LTU,GBR,
1999,LTU,GBR,-.119002366521593
2001,LTU,GBR,-.1239707455174238
2002,LTU,GBR,-.1372299473425284
2004,LTU,GBR,-.1381684599158141
2005,LTU,GBR,-.1440116857724292
2006,LTU,GBR,-.1330444008679793
2007,LTU,GBR,-.135006470903917
2008,LTU,GBR,-.1487197400409081
2009,LTU,GBR,-.143137893551016
2010,LTU,GBR,-.130491627440366
2011,LTU,GBR,-.1396997630531535
2012,LTU,GBR,-.1678725746817479
2013,LTU,GBR,-.1627821844088351
2014,LTU,GBR,-.1443072428123323
2015,LTU,GBR,-.1493981273616364
2016,LTU,GBR,-.1569500094596549
2017,LTU,GBR,-.1695722834917388
2018,LTU,GBR,-.1569639219847837
2019,LTU,GBR,-.1564960506592583
2021,LTU,GBR,-.159481970735665
2022,LTU,GBR,-.1683330479655217
2023,LTU,GBR,-.1491728284254477
2024,LTU,GBR,-.1356046692569187
2025,LTU,GBR,
2026,LTU,GBR,
1994,LTU,CYP,
1999,LTU,CYP,.0507552744543036
2002,LTU,CYP,.032527693633368
2004,LTU,CYP,.0315891810600832
2005,LTU,CYP,.0257459552034676
2010,LTU,CYP,.0392660135355315
2012,LTU,CYP,.0018850662941494
2015,LTU,CYP,.0203595136142612
2016,LTU,CYP,.0128076315162413
2017,LTU,CYP,.0001853574841586
2018,LTU,CYP,.0127937189911137
2019,LTU,CYP,.0132615903166392
2021,LTU,CYP,.0102756702402313
2023,LTU,CYP,.0205848125504487
2024,LTU,CYP,.0341529717189772
2026,LTU,CYP,
1994,LTU,ISL,
1999,LTU,ISL,.1036617286936589
2001,LTU,ISL,.0986933496978283
2004,LTU,ISL,.0844956352994385
2008,LTU,ISL,.0739443551743435
2009,LTU,ISL,.0795262016642352
2010,LTU,ISL,.0921724677748866
2011,LTU,ISL,.0829643321620987
2012,LTU,ISL,.0547915205335044
2013,LTU,ISL,.0598819108064171
2014,LTU,ISL,.0783568524029197
2019,LTU,ISL,.0661680445559942
2021,LTU,ISL,.0631821244795866
2022,LTU,ISL,.0543310472497307
2025,LTU,ISL,
1994,LTU,SWE,
1999,LTU,SWE,.121628694369343
2001,LTU,SWE,.1166603153735129
2002,LTU,SWE,.1034011135484091
2004,LTU,SWE,.1024626009751233
2005,LTU,SWE,.096619375118507
2006,LTU,SWE,.1075866600229574
2007,LTU,SWE,.1056245899870201
2008,LTU,SWE,.0919113208500277
2009,LTU,SWE,.09749316733992
2011,LTU,SWE,.1009312978377833
2012,LTU,SWE,.0727584862091886
2013,LTU,SWE,.0778488764821014
2014,LTU,SWE,.096323818078604
2015,LTU,SWE,.0912329335293009
2016,LTU,SWE,.0836810514312809
2017,LTU,SWE,.0710587773991982
2018,LTU,SWE,.0836671389061536
2019,LTU,SWE,.0841350102316787
2021,LTU,SWE,.0811490901552703
2022,LTU,SWE,.0722980129254142
2023,LTU,SWE,.0914582324654896
2024,LTU,SWE,.1050263916340173
2025,LTU,SWE,
2026,LTU,SWE,
1994,LTU,GRC,
2001,LTU,GRC,.0477002790166037
2002,LTU,GRC,.0344410771914991
2004,LTU,GRC,.0335025646182145
2005,LTU,GRC,.0276593387615988
2006,LTU,GRC,.0386266236660482
2007,LTU,GRC,.0366645536301109
2008,LTU,GRC,.0229512844931194
2009,LTU,GRC,.0285331309830115
2010,LTU,GRC,.0411793970936618
2011,LTU,GRC,.0319712614808745
2012,LTU,GRC,.0037984498522794
2013,LTU,GRC,.0088888401251921
2014,LTU,GRC,.0273637817216949
2015,LTU,GRC,.0222728971723919
2017,LTU,GRC,.0020987410422895
2019,LTU,GRC,.01517497387477
2021,LTU,GRC,.012189053798362
2022,LTU,GRC,.0033379765685059
2024,LTU,GRC,.036066355277108
2025,LTU,GRC,
2026,LTU,GRC,
1994,LTU,BIH,
1999,LTU,BIH,.052326802770682
2001,LTU,BIH,.0473584237748516
2002,LTU,BIH,.0340992219497467
2004,LTU,BIH,.0331607093764616
2005,LTU,BIH,.0273174835198463
2006,LTU,BIH,.0382847684242955
2007,LTU,BIH,.036322698388358
2008,LTU,BIH,.0226094292513669
2009,LTU,BIH,.0281912757412589
2010,LTU,BIH,.04083754185191
2011,LTU,BIH,.0316294062391221
2012,LTU,BIH,.0034565946105273
1994,LTU,HRV,
1999,LTU,HRV,.0350366891477849
2001,LTU,HRV,.0300683101519545
2002,LTU,HRV,.0168091083268498
2004,LTU,HRV,.015870595753565
2005,LTU,HRV,.0100273698969497
2006,LTU,HRV,.0209946548013989
2008,LTU,HRV,.0053193156284702
2009,LTU,HRV,.0109011621183616
2016,LTU,HRV,-.0029109537902772
2017,LTU,HRV,-.0155332278223601
2023,LTU,HRV,.0048662272439299
2024,LTU,HRV,.0184343864124601
2026,LTU,HRV,
1994,LTU,AUT,
1999,LTU,AUT,-.0150904413262939
2002,LTU,AUT,-.0333180221472292
2004,LTU,AUT,-.0342565347205148
2011,LTU,AUT,-.0357878378578545
2014,LTU,AUT,-.0403953176170322
2015,LTU,AUT,-.0454862021663369
2016,LTU,AUT,-.0530380842643562
2017,LTU,AUT,-.0656603582964388
2018,LTU,AUT,-.0530519967894842
2023,LTU,AUT,-.0452609032301485
2024,LTU,AUT,-.0316927440616199
2025,LTU,AUT,
2026,LTU,AUT,
1994,LTU,ESP,
1999,LTU,ESP,-.0882027969227909
2001,LTU,ESP,-.0931711759186213
2002,LTU,ESP,-.1064303777437259
2004,LTU,ESP,-.1073688903170115
2005,LTU,ESP,-.1132121161736268
2006,LTU,ESP,-.1022448312691773
2007,LTU,ESP,-.1042069013051142
2008,LTU,ESP,-.1179201704421062
2009,LTU,ESP,-.112338323952214
2010,LTU,ESP,-.0996920578415633
2011,LTU,ESP,-.1089001934543509
2012,LTU,ESP,-.1370730050829455
2013,LTU,ESP,-.131982614810033
2014,LTU,ESP,-.1135076732135299
2015,LTU,ESP,-.1185985577628337
2016,LTU,ESP,-.1261504398608531
2017,LTU,ESP,-.1387727138929359
2018,LTU,ESP,-.1261643523859806
2019,LTU,ESP,-.1256964810604556
2021,LTU,ESP,-.128682401136863
2022,LTU,ESP,-.1375334783667196
2023,LTU,ESP,-.1183732588266456
2024,LTU,ESP,-.1048050996581164
2025,LTU,ESP,
1994,LTU,CHE,
2002,LTU,CHE,-.0328137471888963
2005,LTU,CHE,-.0395954856187974
2006,LTU,CHE,-.0286282007143475
2011,LTU,CHE,-.0352835628995207
2014,LTU,CHE,-.0398910426587003
2019,LTU,CHE,-.052079850505626
2021,LTU,CHE,-.0550657705820331
2022,LTU,CHE,-.0639168478118892
2023,LTU,CHE,-.0447566282718156
2024,LTU,CHE,-.0311884691032863
2025,LTU,CHE,
1994,LTU,SVK,
1994,LTU,ROU,
2002,LTU,ROU,-.0250184668451474
2004,LTU,ROU,-.0259569794184329
2005,LTU,ROU,-.0318002052750482
2006,LTU,ROU,-.020832920370598
2007,LTU,ROU,-.0227949904065357
2008,LTU,ROU,-.0365082595435275
2009,LTU,ROU,-.0309264130536349
2010,LTU,ROU,-.0182801469429847
2011,LTU,ROU,-.0274882825557725
2012,LTU,ROU,-.0556610941843669
2013,LTU,ROU,-.0505707039114541
2014,LTU,ROU,-.0320957623149514
2015,LTU,ROU,-.0371866468642551
2017,LTU,ROU,-.0573608029943574
2022,LTU,ROU,-.0561215674681408
2026,LTU,ROU,
1994,LTU,FIN,
2002,LTU,FIN,-.0491938584894759
2006,LTU,FIN,-.0450083120149256
2007,LTU,FIN,-.0469703820508642
2008,LTU,FIN,-.0606836511878557
2009,LTU,FIN,-.0551018046979637
2011,LTU,FIN,-.051663674200101
2013,LTU,FIN,-.0747460955557826
2014,LTU,FIN,-.0562711539592793
2018,LTU,FIN,-.0689278331317306
2021,LTU,FIN,-.0714458818826127
2022,LTU,FIN,-.0802969591124689
2023,LTU,FIN,-.0611367395723947
2024,LTU,FIN,-.0475685804038664
2025,LTU,FIN,
2026,LTU,FIN,
1994,LTU,NLD,
1999,LTU,NLD,-.0120889148719014
2001,LTU,NLD,-.0170572938677322
2004,LTU,NLD,-.0312550082661224
2013,LTU,NLD,-.0558687327591432
2014,LTU,NLD,-.03739379116264
2016,LTU,NLD,-.0500365578099632
2017,LTU,NLD,-.062658831842047
2018,LTU,NLD,-.0500504703350916
2019,LTU,NLD,-.0495825990095659
2021,LTU,NLD,-.0525685190859734
2022,LTU,NLD,-.0614195963158299
2025,LTU,NLD,
1994,LTU,EST,
1999,LTU,EST,.044470702061679
2001,LTU,EST,.0395023230658494
2002,LTU,EST,.0262431212407441
2009,LTU,EST,.020335175032256
2011,LTU,EST,.0237733055301178
2012,LTU,EST,-.0043995060984767
2013,LTU,EST,.0006908841744371
2015,LTU,EST,.0140749412216358
2018,LTU,EST,.006509146598489
2019,LTU,EST,.0069770179240142
2022,LTU,EST,-.0048599793822497
2023,LTU,EST,.0143002401578242
2024,LTU,EST,.0278683993263528
2025,LTU,EST,
1994,MLT,POL,
1995,MLT,POL,-.1060674755137219
1996,MLT,POL,-.0969440242066017
1997,MLT,POL,-.114569210004123
1998,MLT,POL,-.0929379664684924
1999,MLT,POL,-.0924463224415352
2001,MLT,POL,-.0974147014373661
2003,MLT,POL,-.1073034419907054
2004,MLT,POL,-.111612415835756
2008,MLT,POL,-.1221636959608508
2014,MLT,POL,-.1177511987322748
2015,MLT,POL,-.1228420832815787
2016,MLT,POL,-.1303939653795977
2017,MLT,POL,-.1430162394116806
2022,MLT,POL,-.1417770038854641
2023,MLT,POL,-.1226167843453903
2025,MLT,POL,
2026,MLT,POL,
1994,MLT,HUN,
1995,MLT,HUN,-.0618172971255313
1997,MLT,HUN,-.0703190316159312
1998,MLT,HUN,-.0486877880803007
2005,MLT,HUN,-.0732054633041802
2007,MLT,HUN,-.064200248435668
2011,MLT,HUN,-.0688935405849046
2012,MLT,HUN,-.0970663522134988
2013,MLT,HUN,-.0919759619405865
2014,MLT,HUN,-.0735010203440834
2015,MLT,HUN,-.0785919048933873
2016,MLT,HUN,-.0861437869914072
2017,MLT,HUN,-.0987660610234898
2018,MLT,HUN,-.0861576995165346
1994,MLT,RUS,
1995,MLT,RUS,.0679378637468944
1997,MLT,RUS,.0594361292564938
2000,MLT,RUS,.0435642938863623
2001,MLT,RUS,.0765906378232498
2002,MLT,RUS,.0633314359981467
2003,MLT,RUS,.0667018972699104
2004,MLT,RUS,.0623929234248604
2005,MLT,RUS,.056549697568245
2006,MLT,RUS,.0675169824726942
2007,MLT,RUS,.0655549124367584
2008,MLT,RUS,.0518416432997658
2009,MLT,RUS,.0574234897896573
2010,MLT,RUS,.0700697559003086
2011,MLT,RUS,.0608616202875205
2012,MLT,RUS,.0326888086589266
2013,MLT,RUS,.0377791989318385
2014,MLT,RUS,.0562541405283418
2015,MLT,RUS,.0511632559790381
2016,MLT,RUS,.0436113738810192
2019,MLT,RUS,.0440653326814163
2021,MLT,RUS,.0410794126050091
1994,MLT,SVK,
1996,MLT,SVK,-.0847220272070188
1998,MLT,SVK,-.0807159694689083
1994,MLT,ROU,
1998,MLT,ROU,.0223656268891643
2000,MLT,ROU,-.0151374520165976
2002,MLT,ROU,.0046296900951858
2003,MLT,ROU,.008000151366951
2004,MLT,ROU,.0036911775219
2005,MLT,ROU,-.0021520483347146
2006,MLT,ROU,.0088152365697355
2007,MLT,ROU,.0068531665337978
2008,MLT,ROU,-.0068601026031935
2009,MLT,ROU,-.0012782561133015
2010,MLT,ROU,.0113680099973487
2011,MLT,ROU,.0021598743845608
2012,MLT,ROU,-.026012937244034
2013,MLT,ROU,-.0209225469711207
2014,MLT,ROU,-.0024476053746172
2015,MLT,ROU,-.0075384899239213
2017,MLT,ROU,-.0277126460540237
2022,MLT,ROU,-.0264734105278071
2026,MLT,ROU,
1994,MLT,EST,
1996,MLT,EST,
1997,MLT,EST,
1998,MLT,EST,
1999,MLT,EST,
2000,MLT,EST,
2001,MLT,EST,
2002,MLT,EST,
2003,MLT,EST,
2009,MLT,EST,
2011,MLT,EST,
2012,MLT,EST,
2013,MLT,EST,
2015,MLT,EST,
2018,MLT,EST,
2019,MLT,EST,
2022,MLT,EST,
2023,MLT,EST,
2024,MLT,EST,
2025,MLT,EST,
1994,MLT,LTU,
1999,MLT,LTU,-.0094163881408204
2001,MLT,LTU,-.0143847671366509
2002,MLT,LTU,-.0276439689617554
2006,MLT,LTU,-.0234584224872059
2007,MLT,LTU,-.0254204925231434
2009,MLT,LTU,-.0335519151702431
2011,MLT,LTU,-.0301137846723805
2012,MLT,LTU,-.0582865963009747
2013,MLT,LTU,-.0531962060280624
2015,MLT,LTU,-.0398121489808631
2016,MLT,LTU,-.0473640310788825
2018,MLT,LTU,-.0473779436040104
2021,MLT,LTU,-.0498959923548925
2022,MLT,LTU,-.0587470695847483
2023,MLT,LTU,-.0395868500446746
2024,MLT,LTU,-.0260186908761463
2025,MLT,LTU,
2026,MLT,LTU,
1994,NLD,POL,
1996,NLD,POL,-.144801930856773
1997,NLD,POL,-.162427116654294
1998,NLD,POL,-.1407958731186632
1999,NLD,POL,-.1403042290917069
2001,NLD,POL,-.1452726080875378
2003,NLD,POL,-.1551613486408772
2004,NLD,POL,-.1594703224859274
2008,NLD,POL,-.1700216026110227
2014,NLD,POL,-.165609105382446
2015,NLD,POL,-.1706999899317495
2016,NLD,POL,-.1782518720297683
2017,NLD,POL,-.1908741460618522
2022,NLD,POL,-.1896349105356355
2023,NLD,POL,-.170474690995562
2025,NLD,POL,
1994,NLD,HUN,
1997,NLD,HUN,-.1181769382661031
1998,NLD,HUN,-.0965456947304721
2005,NLD,HUN,-.1210633699543519
2007,NLD,HUN,-.1120581550858391
2011,NLD,HUN,-.1167514472350761
2012,NLD,HUN,-.1449242588636706
2013,NLD,HUN,-.1398338685907574
2014,NLD,HUN,-.1213589269942551
2015,NLD,HUN,-.1264498115435591
2016,NLD,HUN,-.1340016936415779
2017,NLD,HUN,-.1466239676736611
2018,NLD,HUN,-.1340156061667059
1994,NLD,RUS,
1997,NLD,RUS,.0115782226063228
2000,NLD,RUS,-.0042936127638098
2001,NLD,RUS,.028732731173079
2003,NLD,RUS,.0188439906197392
2004,NLD,RUS,.0145350167746895
2005,NLD,RUS,.008691790918074
2006,NLD,RUS,.0196590758225227
2007,NLD,RUS,.0176970057865863
2008,NLD,RUS,.0039837366495937
2009,NLD,RUS,.0095655831394867
2010,NLD,RUS,.0222118492501374
2011,NLD,RUS,.0130037136373493
2012,NLD,RUS,-.0151690979912457
2013,NLD,RUS,-.0100787077183326
2014,NLD,RUS,.0083962338781702
2015,NLD,RUS,.0033053493288662
2016,NLD,RUS,-.0042465327691525
2019,NLD,RUS,-.0037925739687551
2021,NLD,RUS,-.0067784940451626
1994,NLD,SVK,
1996,NLD,SVK,
1998,NLD,SVK,
1994,NLD,ROU,
1998,NLD,ROU,-.0254922797610068
2000,NLD,ROU,-.062995358666769
2003,NLD,ROU,-.0398577552832201
2004,NLD,ROU,-.0441667291282709
2005,NLD,ROU,-.0500099549848863
2006,NLD,ROU,-.0390426700804361
2007,NLD,ROU,-.0410047401163735
2008,NLD,ROU,-.0547180092533656
2009,NLD,ROU,-.0491361627634728
2010,NLD,ROU,-.0364898966528223
2011,NLD,ROU,-.0456980322656099
2012,NLD,ROU,-.0738708438942045
2013,NLD,ROU,-.0687804536212921
2014,NLD,ROU,-.0503055120247892
2015,NLD,ROU,-.0553963965740931
2017,NLD,ROU,-.075570552704195
2022,NLD,ROU,-.0743313171779789
1994,NLD,EST,
1996,NLD,EST,
1997,NLD,EST,
1998,NLD,EST,
1999,NLD,EST,
2000,NLD,EST,
2001,NLD,EST,
2003,NLD,EST,
2009,NLD,EST,.0021254253224176
2011,NLD,EST,.0055635558202807
2012,NLD,EST,-.0226092558083143
2013,NLD,EST,-.0175188655354009
2015,NLD,EST,-.0041348084882022
2018,NLD,EST,-.0117006031113491
2019,NLD,EST,-.0112327317858237
2022,NLD,EST,-.0230697290920878
2023,NLD,EST,-.0039095095520138
2024,NLD,EST,.0096586496165149
2025,NLD,EST,
1994,NLD,LTU,
1999,NLD,LTU,
2001,NLD,LTU,
2006,NLD,LTU,
2007,NLD,LTU,
2009,NLD,LTU,-.0814098218204144
2011,NLD,LTU,-.0779716913225515
2012,NLD,LTU,-.106144502951146
2013,NLD,LTU,-.1010541126782332
2015,NLD,LTU,-.0876700556310342
2016,NLD,LTU,-.0952219377290534
2018,NLD,LTU,-.0952358502541814
2021,NLD,LTU,-.0977538990050636
2022,NLD,LTU,-.10660497623492
2023,NLD,LTU,-.0874447566948458
2024,NLD,LTU,-.0738765975263171
2025,NLD,LTU,
1994,NOR,POL,
1995,NOR,POL,-.1239103049918325
1996,NOR,POL,-.1147868536847114
1997,NOR,POL,-.132412039482233
1998,NOR,POL,-.1107807959466025
1999,NOR,POL,-.1102891519196458
2001,NOR,POL,-.1152575309154764
2003,NOR,POL,-.125146271468816
2004,NOR,POL,-.1294552453138667
2008,NOR,POL,-.140006525438961
2014,NOR,POL,-.1355940282103852
2015,NOR,POL,-.1406849127596888
2016,NOR,POL,-.1482367948577076
2017,NOR,POL,-.1608590688897913
2022,NOR,POL,-.1596198333635745
2023,NOR,POL,-.1404596138235006
2025,NOR,POL,
2026,NOR,POL,
1994,NOR,HUN,
1995,NOR,HUN,-.0796601266036413
1997,NOR,HUN,-.0881618610940418
1998,NOR,HUN,-.0665306175584108
2005,NOR,HUN,-.0910482927822905
2007,NOR,HUN,-.0820430779137785
2011,NOR,HUN,-.0867363700630154
2012,NOR,HUN,-.1149091816916093
2013,NOR,HUN,-.1098187914186969
2014,NOR,HUN,-.0913438498221937
2015,NOR,HUN,-.0964347343714977
2016,NOR,HUN,-.1039866164695166
2017,NOR,HUN,-.1166088905015998
2018,NOR,HUN,-.1040005289946452
1994,NOR,RUS,
1995,NOR,RUS,.0500950342687836
1997,NOR,RUS,.0415932997783836
2000,NOR,RUS,.0257214644082515
2001,NOR,RUS,.0587478083451394
2003,NOR,RUS,.0488590677918009
2004,NOR,RUS,.0445500939467499
2005,NOR,RUS,.0387068680901344
2006,NOR,RUS,.0496741529945844
2007,NOR,RUS,.0477120829586467
2008,NOR,RUS,.0339988138216553
2009,NOR,RUS,.0395806603115476
2010,NOR,RUS,.0522269264221984
2011,NOR,RUS,.0430187908094107
2012,NOR,RUS,.0148459791808158
2013,NOR,RUS,.0199363694537285
2014,NOR,RUS,.0384113110502316
2015,NOR,RUS,.0333204265009274
2016,NOR,RUS,.0257685444029089
2019,NOR,RUS,.0262225032033055
2021,NOR,RUS,.0232365831268987
1994,NOR,SVK,
1996,NOR,SVK,-.1025648566851279
1998,NOR,SVK,-.0985587989470182
1994,NOR,ROU,
1998,NOR,ROU,.0045227974110548
2000,NOR,ROU,-.0329802814947082
2003,NOR,ROU,-.0098426781111595
2004,NOR,ROU,-.0141516519562095
2005,NOR,ROU,-.0199948778128243
2006,NOR,ROU,-.0090275929083746
2007,NOR,ROU,-.0109896629443123
2008,NOR,ROU,-.0247029320813048
2009,NOR,ROU,-.0191210855914124
2010,NOR,ROU,-.0064748194807618
2011,NOR,ROU,-.0156829550935489
2012,NOR,ROU,-.0438557667221439
2013,NOR,ROU,-.0387653764492312
2014,NOR,ROU,-.0202904348527283
2015,NOR,ROU,-.0253813194020316
2017,NOR,ROU,-.0455554755321341
2022,NOR,ROU,-.0443162400059174
2026,NOR,ROU,
1994,NOR,EST,
1996,NOR,EST,.051778327758836
1997,NOR,EST,.0341531419613145
1998,NOR,EST,.0557843854969455
1999,NOR,EST,.056276029523902
2000,NOR,EST,.0182813065911829
2001,NOR,EST,.0513076505280716
2003,NOR,EST,.0414189099747316
2009,NOR,EST,.0321405024944794
2011,NOR,EST,.0355786329923418
2012,NOR,EST,.0074058213637471
2013,NOR,EST,.0124962116366599
2015,NOR,EST,.0258802686838588
2018,NOR,EST,.0183144740607114
2019,NOR,EST,.0187823453862374
2022,NOR,EST,.0069453480799733
2023,NOR,EST,.0261055676200473
2024,NOR,EST,.0396737267885756
2025,NOR,EST,
1994,NOR,LTU,
1999,NOR,LTU,-.0272592176189301
2001,NOR,LTU,-.0322275966147611
2006,NOR,LTU,-.0413012519653166
2007,NOR,LTU,-.043263322001254
2009,NOR,LTU,-.0513947446483537
2011,NOR,LTU,-.0479566141504899
2012,NOR,LTU,-.0761294257790846
2013,NOR,LTU,-.0710390355061725
2015,NOR,LTU,-.0576549784589726
2016,NOR,LTU,-.0652068605569922
2018,NOR,LTU,-.0652207730821202
2021,NOR,LTU,-.0677388218330019
2022,NOR,LTU,-.0765898990628587
2023,NOR,LTU,-.0574296795227845
2024,NOR,LTU,-.0438615203542554
2025,NOR,LTU,
2026,NOR,LTU,
1994,POL,IRL,
1995,POL,IRL,-.0170046609919611
1996,POL,IRL,-.0078812096848396
1997,POL,IRL,-.0255063954823618
1998,POL,IRL,-.0038751519467312
1999,POL,IRL,-.0033835079197745
2001,POL,IRL,-.0083518869156052
2003,POL,IRL,-.0182406274689448
2004,POL,IRL,-.0225496013139951
2006,POL,IRL,-.0174255422661609
2007,POL,IRL,-.0193876123020981
2010,POL,IRL,-.0148727688385469
2011,POL,IRL,-.0240809044513348
2018,POL,IRL,-.0413450633829648
2024,POL,IRL,-.0199858106551005
1994,POL,DEU,
1995,POL,DEU,-.1854692135431176
1997,POL,DEU,-.1939709480335179
1998,POL,DEU,-.1723397044978874
1999,POL,DEU,-.1718480604709303
2001,POL,DEU,-.1768164394667617
2003,POL,DEU,-.1867051800201014
2004,POL,DEU,-.1910141538651519
2005,POL,DEU,-.1968573797217673
2006,POL,DEU,-.1858900948173174
2007,POL,DEU,-.1878521648532544
2008,POL,DEU,-.2015654339902463
2009,POL,DEU,-.1959835875003539
2010,POL,DEU,-.1833373213897037
2011,POL,DEU,-.192545457002491
2014,POL,DEU,-.19715293676167
2015,POL,DEU,-.2022438213109738
2016,POL,DEU,-.2097957034089929
2017,POL,DEU,-.2224179774410759
2018,POL,DEU,-.2098096159341206
2019,POL,DEU,-.2093417446085954
2021,POL,DEU,-.212327664685003
2022,POL,DEU,-.2211787419148594
2023,POL,DEU,-.2020185223747855
2024,POL,DEU,-.1884503632062563
2025,POL,DEU,
2026,POL,DEU,
1994,POL,HUN,
1995,POL,HUN,-.1005785838920542
1997,POL,HUN,-.1090803183824553
1998,POL,HUN,-.0874490748468245
2005,POL,HUN,-.1119667500707028
2007,POL,HUN,-.1029615352021911
2011,POL,HUN,-.1076548273514284
2014,POL,HUN,-.112262307110607
2015,POL,HUN,-.1173531916599111
2016,POL,HUN,-.1249050737579296
2017,POL,HUN,-.137527347790013
2018,POL,HUN,-.1249189862830579
1994,POL,MLT,
1995,POL,MLT,
1996,POL,MLT,
1997,POL,MLT,
1998,POL,MLT,
1999,POL,MLT,
2001,POL,MLT,
2003,POL,MLT,
2004,POL,MLT,
2005,POL,MLT,
2006,POL,MLT,
2009,POL,MLT,
2014,POL,MLT,
2016,POL,MLT,
2019,POL,MLT,
2021,POL,MLT,
2025,POL,MLT,
2026,POL,MLT,
1994,POL,NOR,
1995,POL,NOR,.0127924929282682
1996,POL,NOR,.0219159442353876
1997,POL,NOR,.0042907584378667
1998,POL,NOR,.0259220019734979
1999,POL,NOR,.0264136460004536
2001,POL,NOR,.0214452670046232
2003,POL,NOR,.0115565264512835
2004,POL,NOR,.0072475526062333
2005,POL,NOR,.0014043267496175
2006,POL,NOR,.0123716116540677
2008,POL,NOR,-.0033037275188615
2009,POL,NOR,.002278118971031
2010,POL,NOR,.0149243850816816
2014,POL,NOR,.0011087697097145
2015,POL,NOR,-.003982114839589
2017,POL,NOR,-.0241562709696912
2018,POL,NOR,-.0115479094627364
2019,POL,NOR,-.0110800381372109
2021,POL,NOR,-.0140659582136182
2022,POL,NOR,-.0229170354434746
2023,POL,NOR,-.003756815903401
2024,POL,NOR,.0098113432651283
2025,POL,NOR,
2026,POL,NOR,
1994,POL,FRA,
1995,POL,FRA,-.1166340798602959
1996,POL,FRA,-.1075106285531759
1997,POL,FRA,-.1251358143506964
1998,POL,FRA,-.103504570815066
1999,POL,FRA,-.10301292678811
2001,POL,FRA,-.1079813057839397
2003,POL,FRA,-.1178700463372802
2004,POL,FRA,-.1221790201823305
2005,POL,FRA,-.1280222460389458
2006,POL,FRA,-.117054961134496
2007,POL,FRA,-.1190170311704335
2008,POL,FRA,-.1327303003074255
2009,POL,FRA,-.1271484538175327
2010,POL,FRA,-.1145021877068824
2011,POL,FRA,-.1237103233196699
2014,POL,FRA,-.1283178030788491
2015,POL,FRA,-.1334086876281528
2016,POL,FRA,-.1409605697261721
2017,POL,FRA,-.1535828437582551
2018,POL,FRA,-.1409744822512997
2019,POL,FRA,-.1405066109257748
2021,POL,FRA,-.1434925310021818
2022,POL,FRA,-.1523436082320384
2023,POL,FRA,-.1331833886919646
2024,POL,FRA,-.1196152295234355
2025,POL,FRA,
2026,POL,FRA,
1994,POL,PRT,
1995,POL,PRT,
1996,POL,PRT,
1997,POL,PRT,
1998,POL,PRT,
1999,POL,PRT,
2001,POL,PRT,
2003,POL,PRT,
2008,POL,PRT,
2009,POL,PRT,
2010,POL,PRT,
2017,POL,PRT,
2018,POL,PRT,
2021,POL,PRT,
2022,POL,PRT,
2023,POL,PRT,
2024,POL,PRT,
2025,POL,PRT,
1994,POL,RUS,
1995,POL,RUS,.0291765769803711
1997,POL,RUS,.0206748424899698
2001,POL,RUS,.0378293510567269
2003,POL,RUS,.027940610503387
2004,POL,RUS,.0236316366583372
2005,POL,RUS,.0177884108017216
2006,POL,RUS,.0287556957061718
2007,POL,RUS,.0267936256702339
2008,POL,RUS,.0130803565332427
2009,POL,RUS,.0186622030231339
2010,POL,RUS,.0313084691337852
2011,POL,RUS,.022100333520997
2014,POL,RUS,.0174928537618184
2015,POL,RUS,.0124019692125146
2016,POL,RUS,.0048500871144955
2019,POL,RUS,.0053040459148929
2021,POL,RUS,.0023181258384851
1994,POL,GBR,
1995,POL,GBR,-.1417366494199702
1996,POL,GBR,-.132613198112849
1997,POL,GBR,-.1502383839103696
1998,POL,GBR,-.1286071403747396
1999,POL,GBR,-.1281154963477829
2001,POL,GBR,-.1330838753436135
2003,POL,GBR,-.1429726158969531
2004,POL,GBR,-.1472815897420033
2005,POL,GBR,-.1531248155986187
2006,POL,GBR,-.1421575306941693
2007,POL,GBR,-.1441196007301063
2008,POL,GBR,-.1578328698670986
2009,POL,GBR,-.1522510233772059
2010,POL,GBR,-.139604757266555
2011,POL,GBR,-.1488128928793435
2014,POL,GBR,-.1534203726385218
2015,POL,GBR,-.1585112571878259
2016,POL,GBR,-.1660631392858453
2017,POL,GBR,-.178685413317928
2018,POL,GBR,-.166077051810973
2019,POL,GBR,-.1656091804854477
2021,POL,GBR,-.1685951005618549
2022,POL,GBR,-.1774461777917111
2023,POL,GBR,-.1582859582516377
2024,POL,GBR,-.1447177990831086
2025,POL,GBR,
2026,POL,GBR,
1994,POL,CYP,
1995,POL,CYP,
1996,POL,CYP,
1997,POL,CYP,
1998,POL,CYP,
1999,POL,CYP,
2003,POL,CYP,
2004,POL,CYP,
2005,POL,CYP,
2010,POL,CYP,
2015,POL,CYP,
2016,POL,CYP,
2017,POL,CYP,
2018,POL,CYP,
2019,POL,CYP,
2021,POL,CYP,
2023,POL,CYP,
2024,POL,CYP,
2026,POL,CYP,
1994,POL,ISL,
1995,POL,ISL,.080927445795283
1996,POL,ISL,.0900508971024038
1997,POL,ISL,.0724257113048819
1999,POL,ISL,.0945485988674695
2001,POL,ISL,.0895802198716387
2003,POL,ISL,.079691479318299
2004,POL,ISL,.0753825054732483
2008,POL,ISL,.0648312253481541
2009,POL,ISL,.0704130718380465
2010,POL,ISL,.0830593379486973
2011,POL,ISL,.0738512023359092
2014,POL,ISL,.0692437225767298
2019,POL,ISL,.057054914729804
2021,POL,ISL,.0540689946533965
2022,POL,ISL,.0452179174235408
2025,POL,ISL,
1994,POL,SWE,
1995,POL,SWE,.0988944114709671
1996,POL,SWE,.1080178627780876
1997,POL,SWE,.0903926769805665
1998,POL,SWE,.1120239205161972
1999,POL,SWE,.1125155645431535
2001,POL,SWE,.1075471855473232
2003,POL,SWE,.0976584449939839
2004,POL,SWE,.0933494711489337
2005,POL,SWE,.0875062452923178
2006,POL,SWE,.0984735301967677
2007,POL,SWE,.0965114601608305
2008,POL,SWE,.0827981910238378
2009,POL,SWE,.0883800375137307
2011,POL,SWE,.0918181680115929
2014,POL,SWE,.0872106882524141
2015,POL,SWE,.0821198037031114
2016,POL,SWE,.0745679216050912
2017,POL,SWE,.0619456475730087
2018,POL,SWE,.0745540090799635
2019,POL,SWE,.0750218804054882
2021,POL,SWE,.0720359603290811
2022,POL,SWE,.0631848830992262
2023,POL,SWE,.0823451026392986
2024,POL,SWE,.0959132618078273
2025,POL,SWE,
2026,POL,SWE,
1994,POL,GRC,
1995,POL,GRC,.0299343751140581
1996,POL,GRC,.039057826421179
1997,POL,GRC,.0214326406236574
1998,POL,GRC,.0430638841592884
2001,POL,GRC,.0385871491904136
2003,POL,GRC,.0286984086370744
2004,POL,GRC,.0243894347920237
2005,POL,GRC,.0185462089354084
2006,POL,GRC,.0295134938398584
2007,POL,GRC,.0275514238039211
2008,POL,GRC,.0138381546669294
2009,POL,GRC,.0194200011568215
2010,POL,GRC,.0320662672674726
2011,POL,GRC,.0228581316546846
2014,POL,GRC,.0182506518955058
2015,POL,GRC,.0131597673462016
2017,POL,GRC,-.0070143887839003
2019,POL,GRC,.0060618440485804
2021,POL,GRC,.003075923972173
2022,POL,GRC,-.0057751532576845
2024,POL,GRC,.0269532254509185
2025,POL,GRC,
2026,POL,GRC,
1994,POL,BIH,
1995,POL,BIH,
1996,POL,BIH,.0387159711794264
1997,POL,BIH,.0210907853819053
1999,POL,BIH,.0432136729444925
2001,POL,BIH,.0382452939486622
2003,POL,BIH,.0283565533953221
2004,POL,BIH,.0240475795502721
2005,POL,BIH,.0182043536936563
2006,POL,BIH,.0291716385981057
2007,POL,BIH,.0272095685621686
2008,POL,BIH,.013496299425177
2009,POL,BIH,.0190781459150691
2010,POL,BIH,.0317244120257202
2011,POL,BIH,.0225162764129321
1994,POL,HRV,
1995,POL,HRV,.0123024062494089
1996,POL,HRV,.0214258575565295
1997,POL,HRV,.0038006717590085
1998,POL,HRV,.0254319152946386
1999,POL,HRV,.025923559321596
2001,POL,HRV,.020955180325765
2003,POL,HRV,.0110664397724254
2004,POL,HRV,.0067574659273749
2005,POL,HRV,.0009142400707598
2006,POL,HRV,.0118815249752094
2008,POL,HRV,-.0037938141977201
2009,POL,HRV,.0017880322921723
2016,POL,HRV,-.0120240836164668
2017,POL,HRV,-.0246463576485494
2023,POL,HRV,-.0042469025822591
2024,POL,HRV,.0093212565862699
2026,POL,HRV,
1994,POL,AUT,
1995,POL,AUT,-.0378247242246703
1996,POL,AUT,-.0287012729175496
1997,POL,AUT,-.0463264587150709
1999,POL,AUT,-.0242035711524838
2003,POL,AUT,-.0390606907016541
2004,POL,AUT,-.0433696645467042
2011,POL,AUT,-.0449009676840439
2014,POL,AUT,-.0495084474432229
2015,POL,AUT,-.0545993319925268
2016,POL,AUT,-.0621512140905456
2017,POL,AUT,-.0747734881226287
2018,POL,AUT,-.0621651266156741
2023,POL,AUT,-.0543740330563384
2024,POL,AUT,-.04080587388781
2025,POL,AUT,
2026,POL,AUT,
1994,POL,ESP,
1995,POL,ESP,-.1109370798211672
1996,POL,ESP,-.1018136285140465
1997,POL,ESP,-.1194388143115677
1998,POL,ESP,-.0978075707759376
1999,POL,ESP,-.097315926748981
2001,POL,ESP,-.1022843057448111
2003,POL,ESP,-.1121730462981508
2004,POL,ESP,-.1164820201432012
2005,POL,ESP,-.1223252459998166
2006,POL,ESP,-.1113579610953669
2007,POL,ESP,-.1133200311313042
2008,POL,ESP,-.1270333002682957
2009,POL,ESP,-.1214514537784036
2010,POL,ESP,-.1088051876677533
2011,POL,ESP,-.1180133232805409
2014,POL,ESP,-.1226208030397197
2015,POL,ESP,-.1277116875890238
2016,POL,ESP,-.135263569687043
2017,POL,ESP,-.1478858437191262
2018,POL,ESP,-.135277482212171
2019,POL,ESP,-.1348096108866457
2021,POL,ESP,-.1377955309630528
2022,POL,ESP,-.1466466081929093
2023,POL,ESP,-.1274863886528355
2024,POL,ESP,-.1139182294843065
2025,POL,ESP,
1994,POL,CHE,
1996,POL,CHE,-.0281969979592165
1997,POL,CHE,-.0458221837567373
1998,POL,CHE,-.0241909402211076
2005,POL,CHE,-.0487086154449869
2006,POL,CHE,-.0377413305405369
2011,POL,CHE,-.0443966927257108
2014,POL,CHE,-.049004172484889
2019,POL,CHE,-.0611929803318153
2021,POL,CHE,-.064178900408223
2022,POL,CHE,-.0730299776380791
2023,POL,CHE,-.0538697580980052
2024,POL,CHE,-.0403015989294757
2025,POL,CHE,
1994,POL,SVK,
1996,POL,SVK,-.1234833139735415
1998,POL,SVK,-.119477256235432
1994,POL,ROU,
1998,POL,ROU,-.0163956598773586
2003,POL,ROU,-.0307611353995722
2004,POL,ROU,-.0350701092446226
2005,POL,ROU,-.0409133351012385
2006,POL,ROU,-.029946050196788
2007,POL,ROU,-.0319081202327254
2008,POL,ROU,-.0456213893697172
2009,POL,ROU,-.0400395428798252
2010,POL,ROU,-.0273932767691743
2011,POL,ROU,-.036601412381962
2014,POL,ROU,-.0412088921411409
2015,POL,ROU,-.0462997766904445
2017,POL,ROU,-.0664739328205472
2022,POL,ROU,-.0652346972943303
2026,POL,ROU,
1994,POL,FIN,
1996,POL,FIN,-.0445771092597958
1998,POL,FIN,-.0405710515216867
2006,POL,FIN,-.0541214418411151
2007,POL,FIN,-.0560835118770541
2008,POL,FIN,-.0697967810140459
2009,POL,FIN,-.0642149345241531
2011,POL,FIN,-.0607768040262905
2014,POL,FIN,-.0653842837854694
2018,POL,FIN,-.0780409629579202
2021,POL,FIN,-.0805590117088018
2022,POL,FIN,-.0894100889386586
2023,POL,FIN,-.0702498693985848
2024,POL,FIN,-.0566817102300562
2025,POL,FIN,
2026,POL,FIN,
1994,POL,NLD,
1996,POL,NLD,-.0256997464631573
1997,POL,NLD,-.0433249322606781
1998,POL,NLD,-.0216936887250478
1999,POL,NLD,-.0212020446980908
2001,POL,NLD,-.0261704236939217
2003,POL,NLD,-.0360591642472613
2004,POL,NLD,-.0403681380923113
2014,POL,NLD,-.0465069209888295
2016,POL,NLD,-.0591496876361531
2017,POL,NLD,-.0717719616682364
2018,POL,NLD,-.0591636001612815
2019,POL,NLD,-.0586957288357555
2021,POL,NLD,-.0616816489121633
2022,POL,NLD,-.0705327261420194
2025,POL,NLD,
1994,POL,EST,
1996,POL,EST,
1997,POL,EST,
1998,POL,EST,
1999,POL,EST,
2001,POL,EST,
2003,POL,EST,
2009,POL,EST,
2011,POL,EST,
2015,POL,EST,
2018,POL,EST,
2019,POL,EST,
2022,POL,EST,
2023,POL,EST,
2024,POL,EST,
2025,POL,EST,
1994,POL,LTU,
1999,POL,LTU,-.0481776749073427
2001,POL,LTU,-.0531460539031733
2006,POL,LTU,-.0622197092537296
2007,POL,LTU,-.0641817792896668
2009,POL,LTU,-.0723132019367659
2011,POL,LTU,-.0688750714389018
2015,POL,LTU,-.0785734357473863
2016,POL,LTU,-.0861253178454049
2018,POL,LTU,-.0861392303705331
2021,POL,LTU,-.088657279121415
2022,POL,LTU,-.0975083563512718
2023,POL,LTU,-.0783481368111978
2024,POL,LTU,-.0647799776426685
2025,POL,LTU,
2026,POL,LTU,
1994,PRT,POL,
1995,PRT,POL,-.0726197563534538
1996,PRT,POL,-.0634963050463331
1997,PRT,POL,-.0811214908438543
1998,PRT,POL,-.0594902473082237
1999,PRT,POL,-.0589986032812676
2001,PRT,POL,-.0639669822770978
2003,PRT,POL,-.0738557228304376
2004,PRT,POL,-.078164696675488
2008,PRT,POL,-.0887159768005831
2014,PRT,POL,-.0843034795720066
2015,PRT,POL,-.0893943641213107
2017,PRT,POL,-.1095685202514125
2022,PRT,POL,-.1083292847251958
2023,PRT,POL,-.089169065185122
2025,PRT,POL,
2026,PRT,POL,
1994,PRT,HUN,
1995,PRT,HUN,-.0283695779652628
1997,PRT,HUN,-.0368713124556634
1998,PRT,HUN,-.0152400689200326
2005,PRT,HUN,-.0397577441439121
2007,PRT,HUN,-.0307525292753999
2011,PRT,HUN,-.0354458214246365
2012,PRT,HUN,-.063618633053231
2014,PRT,HUN,-.0400533011838153
2015,PRT,HUN,-.045144185733119
2017,PRT,HUN,-.0653183418632216
2018,PRT,HUN,-.0527099803562663
1994,PRT,RUS,
1995,PRT,RUS,.1013855829071623
1997,PRT,RUS,.0928838484167617
2001,PRT,RUS,.1100383569835181
2003,PRT,RUS,.1001496164301783
2004,PRT,RUS,.095840642585128
2005,PRT,RUS,.0899974167285124
2006,PRT,RUS,.1009647016329628
2007,PRT,RUS,.0990026315970259
2008,PRT,RUS,.085289362460034
2009,PRT,RUS,.0908712089499258
2010,PRT,RUS,.1035174750605767
2011,PRT,RUS,.0943093394477892
2012,PRT,RUS,.0661365278191933
2014,PRT,RUS,.0897018596886101
2015,PRT,RUS,.0846109751393057
2019,PRT,RUS,.0775130518416844
2021,PRT,RUS,.0745271317652774
1994,PRT,SVK,
1996,PRT,SVK,-.0512743080467498
1998,PRT,SVK,-.0472682503086404
1994,PRT,ROU,
1998,PRT,ROU,.0558133460494329
2003,PRT,ROU,.0414478705272195
2004,PRT,ROU,.037138896682169
2005,PRT,ROU,.0312956708255533
2006,PRT,ROU,.0422629557300029
2007,PRT,ROU,.0403008856940663
2008,PRT,ROU,.0265876165570747
2009,PRT,ROU,.0321694630469668
2010,PRT,ROU,.0448157291576166
2011,PRT,ROU,.0356075935448297
2012,PRT,ROU,.0074347819162352
2014,PRT,ROU,.0310001137856507
2015,PRT,ROU,.0259092292363474
2017,PRT,ROU,.0057350731062442
2022,PRT,ROU,.0069743086324607
2026,PRT,ROU,
1994,PRT,EST,
1996,PRT,EST,.1030688763972145
1997,PRT,EST,.0854436905996929
1998,PRT,EST,.1070749341353238
1999,PRT,EST,.1075665781622807
2001,PRT,EST,.1025981991664498
2003,PRT,EST,.0927094586131105
2009,PRT,EST,.0834310511328578
2011,PRT,EST,.0868691816307208
2012,PRT,EST,.0586963700021252
2015,PRT,EST,.0771708173222378
2018,PRT,EST,.0696050226990905
2019,PRT,EST,.070072894024616
2022,PRT,EST,.0582358967183525
2023,PRT,EST,.077396116258426
2024,PRT,EST,.0909642754269544
2025,PRT,EST,
1994,PRT,LTU,
1999,PRT,LTU,.0240313310194483
2001,PRT,LTU,.0190629520236179
2006,PRT,LTU,.0099892966730622
2007,PRT,LTU,.0080272266371248
2009,PRT,LTU,-.0001041960099749
2011,PRT,LTU,.0033339344878879
2012,PRT,LTU,-.0248388771407066
2015,PRT,LTU,-.0063644298205949
2018,PRT,LTU,-.0139302244437417
2021,PRT,LTU,-.0164482731946241
2022,PRT,LTU,-.0252993504244801
2023,PRT,LTU,-.0061391308844063
2024,PRT,LTU,.0074290282841224
2025,PRT,LTU,
2026,PRT,LTU,
1994,ROU,IRL,
1998,ROU,IRL,.0281554353165172
2000,ROU,IRL,-.0093476435892445
2003,ROU,IRL,.0137899597943041
2004,ROU,IRL,.0094809859492532
2006,ROU,IRL,.0146050449970875
2007,ROU,IRL,.0126429749611506
2010,ROU,IRL,.017157818424702
2011,ROU,IRL,.0079496828119141
2012,ROU,IRL,-.0202231288166805
2013,ROU,IRL,-.0151327385437681
2018,ROU,IRL,-.0093144761197158
1994,ROU,POL,
1998,ROU,POL,-.0996686659717675
2003,ROU,POL,-.1140341414939803
2004,ROU,POL,-.1183431153390306
2008,ROU,POL,-.1288943954641253
2014,ROU,POL,-.1244818982355495
2015,ROU,POL,-.1295727827848534
2017,ROU,POL,-.1497469389149553
2022,ROU,POL,-.1485077033887388
2023,ROU,POL,-.1293474838486647
2026,ROU,POL,
1994,ROU,DEU,
1998,ROU,DEU,-.1403091172346387
2000,ROU,DEU,-.1778121961404012
2002,ROU,DEU,-.1580450540286175
2003,ROU,DEU,-.1546745927568527
2004,ROU,DEU,-.1589835666019029
2005,ROU,DEU,-.1648267924585181
2006,ROU,DEU,-.1538595075540684
2007,ROU,DEU,-.1558215775900061
2008,ROU,DEU,-.1695348467269974
2009,ROU,DEU,-.1639530002371056
2010,ROU,DEU,-.151306734126455
2011,ROU,DEU,-.1605148697392421
2012,ROU,DEU,-.188687681367837
2013,ROU,DEU,-.1835972910949244
2014,ROU,DEU,-.1651223494984217
2015,ROU,DEU,-.1702132340477249
2017,ROU,DEU,-.1903873901778277
2018,ROU,DEU,-.1777790286708726
2019,ROU,DEU,-.1773111573453474
2021,ROU,DEU,-.1802970774217545
2022,ROU,DEU,-.1891481546516109
2023,ROU,DEU,-.169987935111537
2026,ROU,DEU,
1994,ROU,HUN,
1998,ROU,HUN,-.0554184875835755
2005,ROU,HUN,-.0799361628074552
2007,ROU,HUN,-.0709309479389428
2011,ROU,HUN,-.0756242400881795
2012,ROU,HUN,-.1037970517167747
2013,ROU,HUN,-.0987066614438614
2014,ROU,HUN,-.0802317198473588
2015,ROU,HUN,-.0853226043966623
2017,ROU,HUN,-.1054967605267644
2018,ROU,HUN,-.0928883990198095
1994,ROU,MLT,
1998,ROU,MLT,
2000,ROU,MLT,
2002,ROU,MLT,
2003,ROU,MLT,
2004,ROU,MLT,
2005,ROU,MLT,
2006,ROU,MLT,
2009,ROU,MLT,.0608697219408595
2012,ROU,MLT,.0361350408101277
2013,ROU,MLT,.0412254310830405
2014,ROU,MLT,.0597003726795445
2019,ROU,MLT,.0475115648326189
2021,ROU,MLT,.0445256447562106
2026,ROU,MLT,
1994,ROU,NOR,
1998,ROU,NOR,
2000,ROU,NOR,
2003,ROU,NOR,
2004,ROU,NOR,
2005,ROU,NOR,
2006,ROU,NOR,
2008,ROU,NOR,.0287268597443869
2009,ROU,NOR,.0343087062342794
2010,ROU,NOR,.04695497234493
2012,ROU,NOR,.0095740251035476
2013,ROU,NOR,.0146644153764598
2014,ROU,NOR,.0331393569729634
2015,ROU,NOR,.0280484724236592
2017,ROU,NOR,.0078743162935572
2018,ROU,NOR,.0204826778005119
2019,ROU,NOR,.0209505491260373
2021,ROU,NOR,.0179646290496308
2022,ROU,NOR,.0091135518197742
2023,ROU,NOR,.0282737713598478
2026,ROU,NOR,
1994,ROU,FRA,
1998,ROU,FRA,-.0714739835518173
2000,ROU,FRA,-.1089770624575805
2002,ROU,FRA,-.089209920345796
2003,ROU,FRA,-.0858394590740315
2004,ROU,FRA,-.0901484329190817
2005,ROU,FRA,-.095991658775697
2006,ROU,FRA,-.0850243738712471
2007,ROU,FRA,-.0869864439071846
2008,ROU,FRA,-.1006997130441767
2009,ROU,FRA,-.0951178665542842
2010,ROU,FRA,-.0824716004436336
2011,ROU,FRA,-.0916797360564215
2012,ROU,FRA,-.1198525476850157
2013,ROU,FRA,-.1147621574121035
2014,ROU,FRA,-.0962872158156001
2015,ROU,FRA,-.1013781003649039
2017,ROU,FRA,-.1215522564950061
2018,ROU,FRA,-.1089438949880511
2019,ROU,FRA,-.1084760236625261
2021,ROU,FRA,-.1114619437389338
2022,ROU,FRA,-.1203130209687898
2023,ROU,FRA,-.101152801428716
2026,ROU,FRA,
1994,ROU,PRT,
1998,ROU,PRT,.0464625527730991
2003,ROU,PRT,.0320970772508858
2008,ROU,PRT,.0172368232807405
2009,ROU,PRT,.0228186697706325
2010,ROU,PRT,.0354649358812835
2017,ROU,PRT,-.0036157201700893
2018,ROU,PRT,.0089926413368657
2021,ROU,PRT,.0064745925859837
2022,ROU,PRT,-.0023764846438731
2023,ROU,PRT,.0167837348962015
1994,ROU,RUS,
2000,ROU,RUS,.0368335943830869
2002,ROU,RUS,.0566007364948714
2003,ROU,RUS,.0599711977666361
2004,ROU,RUS,.0556622239215861
2005,ROU,RUS,.0498189980649702
2006,ROU,RUS,.06078628296942
2007,ROU,RUS,.0588242129334823
2008,ROU,RUS,.0451109437964904
2009,ROU,RUS,.0506927902863827
2010,ROU,RUS,.0633390563970341
2011,ROU,RUS,.0541309207842457
2012,ROU,RUS,.0259581091556514
2013,ROU,RUS,.0310484994285632
2014,ROU,RUS,.0495234410250673
2015,ROU,RUS,.0444325564757632
2019,ROU,RUS,.0373346331781405
2021,ROU,RUS,.034348713101734
1994,ROU,GBR,
1998,ROU,GBR,-.0965765531114918
2000,ROU,GBR,-.1340796320172535
2002,ROU,GBR,-.1143124899054698
2003,ROU,GBR,-.1109420286337047
2004,ROU,GBR,-.1152510024787548
2005,ROU,GBR,-.1210942283353703
2006,ROU,GBR,-.1101269434309203
2007,ROU,GBR,-.112089013466858
2008,ROU,GBR,-.1258022826038497
2009,ROU,GBR,-.1202204361139578
2010,ROU,GBR,-.1075741700033065
2011,ROU,GBR,-.1167823056160946
2012,ROU,GBR,-.1449551172446889
2013,ROU,GBR,-.1398647269717763
2014,ROU,GBR,-.1213897853752732
2015,ROU,GBR,-.1264806699245774
2017,ROU,GBR,-.1466548260546793
2018,ROU,GBR,-.1340464645477243
2019,ROU,GBR,-.1335785932221992
2021,ROU,GBR,-.1365645132986065
2022,ROU,GBR,-.1454155905284626
2023,ROU,GBR,-.1262553709883891
2026,ROU,GBR,
1994,ROU,CYP,
1998,ROU,CYP,
2000,ROU,CYP,
2002,ROU,CYP,
2003,ROU,CYP,
2004,ROU,CYP,
2005,ROU,CYP,
2010,ROU,CYP,.06218347097259
2012,ROU,CYP,.0248025237312079
2015,ROU,CYP,.0432769710513193
2017,ROU,CYP,.0231028149212172
2018,ROU,CYP,.0357111764281724
2019,ROU,CYP,.0361790477536973
2021,ROU,CYP,.0331931276772906
2023,ROU,CYP,.0435022699875075
2026,ROU,CYP,
1994,ROU,ISL,
2000,ROU,ISL,
2003,ROU,ISL,
2004,ROU,ISL,
2008,ROU,ISL,.0968618126114029
2009,ROU,ISL,.102443659101294
2010,ROU,ISL,.1150899252119457
2011,ROU,ISL,.1058817895991579
2012,ROU,ISL,.077708977970563
2013,ROU,ISL,.0827993682434759
2014,ROU,ISL,.1012743098399788
2019,ROU,ISL,.089085501993053
2021,ROU,ISL,.0860995819166457
2022,ROU,ISL,.0772485046867885
1994,ROU,SWE,
1998,ROU,SWE,.1440545077794461
2000,ROU,SWE,.1065514288736827
2002,ROU,SWE,.1263185709854665
2003,ROU,SWE,.1296890322572326
2004,ROU,SWE,.1253800584121804
2005,ROU,SWE,.1195368325555665
2006,ROU,SWE,.130504117460016
2007,ROU,SWE,.1285420474240789
2008,ROU,SWE,.1148287782870864
2009,ROU,SWE,.1204106247769794
2011,ROU,SWE,.1238487552748414
2012,ROU,SWE,.0956759436462473
2013,ROU,SWE,.1007663339191603
2014,ROU,SWE,.1192412755156628
2015,ROU,SWE,.1141503909663585
2017,ROU,SWE,.0939762348362567
2018,ROU,SWE,.106584596343212
2019,ROU,SWE,.107052467668737
2021,ROU,SWE,.1040665475923302
2022,ROU,SWE,.0952154703624732
2023,ROU,SWE,.1143756899025466
2026,ROU,SWE,
1994,ROU,GRC,
1998,ROU,GRC,.0750944714225368
2002,ROU,GRC,.0573585346285583
2003,ROU,GRC,.060728995900323
2004,ROU,GRC,.0564200220552722
2005,ROU,GRC,.050576796198657
2006,ROU,GRC,.0615440811031071
2007,ROU,GRC,.0595820110671693
2008,ROU,GRC,.0458687419301769
2009,ROU,GRC,.0514505884200698
2010,ROU,GRC,.0640968545307208
2011,ROU,GRC,.0548887189179333
2012,ROU,GRC,.0267159072893379
2013,ROU,GRC,.0318062975622508
2014,ROU,GRC,.050281239158754
2015,ROU,GRC,.0451903546094506
2017,ROU,GRC,.0250161984793482
2019,ROU,GRC,.0380924313118287
2021,ROU,GRC,.0351065112354215
2022,ROU,GRC,.0262554340055643
2026,ROU,GRC,
1994,ROU,BIH,
2002,ROU,BIH,
2003,ROU,BIH,
2004,ROU,BIH,
2005,ROU,BIH,
2006,ROU,BIH,
2007,ROU,BIH,
2008,ROU,BIH,.0455268866884254
2009,ROU,BIH,.0511087331783177
2010,ROU,BIH,.0637549992889682
2011,ROU,BIH,.0545468636761807
2012,ROU,BIH,.0263740520475858
1994,ROU,HRV,
1998,ROU,HRV,
2000,ROU,HRV,
2002,ROU,HRV,
2003,ROU,HRV,
2004,ROU,HRV,
2005,ROU,HRV,
2006,ROU,HRV,
2008,ROU,HRV,.0282367730655285
2009,ROU,HRV,.0338186195554211
2017,ROU,HRV,.0073842296146991
2023,ROU,HRV,.0277836846809897
2026,ROU,HRV,
1994,ROU,AUT,
2000,ROU,AUT,-.0301677068219541
2002,ROU,AUT,-.0104005647101707
2003,ROU,AUT,-.0070301034384055
2004,ROU,AUT,-.0113390772834558
2011,ROU,AUT,-.0128703804207948
2014,ROU,AUT,-.0174778601799743
2015,ROU,AUT,-.0225687447292775
2017,ROU,AUT,-.0427429008593802
2018,ROU,AUT,-.030134539352425
2023,ROU,AUT,-.0223434457930898
2026,ROU,AUT,
1994,ROU,ESP,
1998,ROU,ESP,-.0657769835126885
2000,ROU,ESP,-.1032800624184513
2002,ROU,ESP,-.083512920306667
2003,ROU,ESP,-.0801424590349019
2004,ROU,ESP,-.0844514328799529
2005,ROU,ESP,-.0902946587365683
2006,ROU,ESP,-.0793273738321181
2007,ROU,ESP,-.0812894438680554
2008,ROU,ESP,-.0950027130050473
2009,ROU,ESP,-.0894208665151553
2010,ROU,ESP,-.0767746004045044
2011,ROU,ESP,-.0859827360172918
2012,ROU,ESP,-.1141555476458871
2013,ROU,ESP,-.1090651573729739
2014,ROU,ESP,-.090590215776471
2015,ROU,ESP,-.0956811003257748
2017,ROU,ESP,-.1158552564558775
2018,ROU,ESP,-.1032468949489219
2019,ROU,ESP,-.1027790236233968
2021,ROU,ESP,-.1057649436998041
2022,ROU,ESP,-.1146160209296608
2023,ROU,ESP,-.0954558013895864
1994,ROU,CHE,
1998,ROU,CHE,
2000,ROU,CHE,
2002,ROU,CHE,
2005,ROU,CHE,
2006,ROU,CHE,
2011,ROU,CHE,-.0123661054624625
2014,ROU,CHE,-.016973585221641
2019,ROU,CHE,-.0291623930685669
2021,ROU,CHE,-.0321483131449747
2022,ROU,CHE,-.0409993903748307
2023,ROU,CHE,-.0218391708347569
1994,ROU,SVK,
1998,ROU,SVK,
1994,ROU,FIN,
1998,ROU,FIN,-.0085404642584381
2000,ROU,FIN,-.0460435431642005
2002,ROU,FIN,-.026276401052417
2006,ROU,FIN,-.0220908545778679
2007,ROU,FIN,-.0240529246138051
2008,ROU,FIN,-.037766193750797
2009,ROU,FIN,-.0321843472609046
2011,ROU,FIN,-.0287462167630415
2013,ROU,FIN,-.0518286381187235
2014,ROU,FIN,-.0333536965222206
2018,ROU,FIN,-.0460103756946714
2021,ROU,FIN,-.0485284244455538
2022,ROU,FIN,-.05737950167541
2023,ROU,FIN,-.0382192821353364
2026,ROU,FIN,
1994,ROU,NLD,
1998,ROU,NLD,.0103368985382011
2000,ROU,NLD,-.0271661803675617
2003,ROU,NLD,-.0040285769840131
2004,ROU,NLD,-.0083375508290631
2013,ROU,NLD,-.0329512753220848
2014,ROU,NLD,-.0144763337255818
2017,ROU,NLD,-.0397413744049875
2018,ROU,NLD,-.0271330128980328
2019,ROU,NLD,-.0266651415725077
2021,ROU,NLD,-.0296510616489147
2022,ROU,NLD,-.0385021388787713
1994,ROU,EST,
1998,ROU,EST,
2000,ROU,EST,
2002,ROU,EST,
2003,ROU,EST,
2009,ROU,EST,.0432526324693148
2011,ROU,EST,.0466907629671776
2012,ROU,EST,.0185179513385828
2013,ROU,EST,.0236083416114956
2015,ROU,EST,.0369923986586947
2018,ROU,EST,.0294266040355477
2019,ROU,EST,.0298944753610728
2022,ROU,EST,.018057478054809
2023,ROU,EST,.0372176975948831
1994,ROU,LTU,
2002,ROU,LTU,
2006,ROU,LTU,
2007,ROU,LTU,
2009,ROU,LTU,-.0402826146735177
2011,ROU,LTU,-.0368444841756547
2012,ROU,LTU,-.0650172958042491
2013,ROU,LTU,-.0599269055313366
2015,ROU,LTU,-.0465428484841373
2018,ROU,LTU,-.0541086431072843
2021,ROU,LTU,-.0566266918581664
2022,ROU,LTU,-.0654777690880232
2023,ROU,LTU,-.0463175495479491
2026,ROU,LTU,
1994,RUS,IRL,
1995,RUS,IRL,
1997,RUS,IRL,
2000,RUS,IRL,
2001,RUS,IRL,
2003,RUS,IRL,
2004,RUS,IRL,
2006,RUS,IRL,
2007,RUS,IRL,
2010,RUS,IRL,
2011,RUS,IRL,
2012,RUS,IRL,
2013,RUS,IRL,
2018,RUS,IRL,
1994,RUS,POL,
1995,RUS,POL,-.1464653672850627
1997,RUS,POL,-.1549671017754633
2001,RUS,POL,-.137812593208707
2003,RUS,POL,-.1477013337620465
2004,RUS,POL,-.1520103076070968
2008,RUS,POL,-.1625615877321918
2014,RUS,POL,-.1581490905036155
2015,RUS,POL,-.1632399750529193
2016,RUS,POL,-.1707918571509384
1994,RUS,DEU,
1995,RUS,DEU,-.1871058185479348
1997,RUS,DEU,-.1956075530383358
2000,RUS,DEU,-.2114793884084675
2001,RUS,DEU,-.178453044471579
2002,RUS,DEU,-.1917122462966836
2003,RUS,DEU,-.1883417850249184
2004,RUS,DEU,-.1926507588699697
2005,RUS,DEU,-.1984939847265847
2006,RUS,DEU,-.1875266998221346
2007,RUS,DEU,-.1894887698580717
2008,RUS,DEU,-.203202038995064
2009,RUS,DEU,-.1976201925051714
2010,RUS,DEU,-.1849739263945212
2011,RUS,DEU,-.1941820620073087
2012,RUS,DEU,-.2223548736359029
2013,RUS,DEU,-.2172644833629904
2014,RUS,DEU,-.1987895417664877
2015,RUS,DEU,-.2038804263157913
2016,RUS,DEU,-.2114323084138104
2018,RUS,DEU,-.2114462209389383
2019,RUS,DEU,-.2109783496134128
2021,RUS,DEU,-.2139642696898208
1994,RUS,HUN,
1995,RUS,HUN,-.102215188896872
1997,RUS,HUN,-.1107169233872722
2005,RUS,HUN,-.1136033550755208
2007,RUS,HUN,-.1045981402070087
2011,RUS,HUN,-.1092914323562456
2012,RUS,HUN,-.1374642439848405
2013,RUS,HUN,-.1323738537119277
2014,RUS,HUN,-.1138989121154249
2015,RUS,HUN,-.118989796664728
2016,RUS,HUN,-.1265416787627473
2018,RUS,HUN,-.1265555912878756
1994,RUS,MLT,
1995,RUS,MLT,
1997,RUS,MLT,
2000,RUS,MLT,
2001,RUS,MLT,
2002,RUS,MLT,
2003,RUS,MLT,
2004,RUS,MLT,
2005,RUS,MLT,
2006,RUS,MLT,
2009,RUS,MLT,
2012,RUS,MLT,
2013,RUS,MLT,
2014,RUS,MLT,
2016,RUS,MLT,
2019,RUS,MLT,
2021,RUS,MLT,
1994,RUS,NOR,
1995,RUS,NOR,
1997,RUS,NOR,
2000,RUS,NOR,
2001,RUS,NOR,
2003,RUS,NOR,
2004,RUS,NOR,
2005,RUS,NOR,
2006,RUS,NOR,
2008,RUS,NOR,
2009,RUS,NOR,
2010,RUS,NOR,
2012,RUS,NOR,
2013,RUS,NOR,
2014,RUS,NOR,
2015,RUS,NOR,
2018,RUS,NOR,
2019,RUS,NOR,
2021,RUS,NOR,
1994,RUS,FRA,
1995,RUS,FRA,-.118270684865114
1997,RUS,FRA,-.1267724193555148
2000,RUS,FRA,-.1426442547256462
2001,RUS,FRA,-.1096179107887572
2002,RUS,FRA,-.1228771126138626
2003,RUS,FRA,-.1195066513420979
2004,RUS,FRA,-.1238156251871483
2005,RUS,FRA,-.1296588510437631
2006,RUS,FRA,-.1186915661393136
2007,RUS,FRA,-.1206536361752509
2008,RUS,FRA,-.1343669053122425
2009,RUS,FRA,-.12878505882235
2010,RUS,FRA,-.1161387927116996
2011,RUS,FRA,-.1253469283244874
2012,RUS,FRA,-.1535197399530823
2013,RUS,FRA,-.1484293496801697
2014,RUS,FRA,-.1299544080836664
2015,RUS,FRA,-.1350452926329704
2016,RUS,FRA,-.1425971747309899
2018,RUS,FRA,-.1426110872561175
2019,RUS,FRA,-.142143215930592
2021,RUS,FRA,-.1451291360069994
1994,RUS,PRT,
1995,RUS,PRT,
1997,RUS,PRT,
2001,RUS,PRT,
2003,RUS,PRT,
2008,RUS,PRT,
2009,RUS,PRT,
2010,RUS,PRT,
2018,RUS,PRT,
2021,RUS,PRT,
1994,RUS,GBR,
1995,RUS,GBR,-.1433732544247877
1997,RUS,GBR,-.1518749889151874
2000,RUS,GBR,-.1677468242853197
2001,RUS,GBR,-.1347204803484306
2002,RUS,GBR,-.1479796821735357
2003,RUS,GBR,-.1446092209017706
2004,RUS,GBR,-.1489181947468211
2005,RUS,GBR,-.1547614206034366
2006,RUS,GBR,-.1437941356989864
2007,RUS,GBR,-.145756205734924
2008,RUS,GBR,-.1594694748719161
2009,RUS,GBR,-.1538876283820233
2010,RUS,GBR,-.1412413622713731
2011,RUS,GBR,-.1504494978841607
2012,RUS,GBR,-.178622309512756
2013,RUS,GBR,-.1735319192398428
2014,RUS,GBR,-.1550569776433399
2015,RUS,GBR,-.1601478621926436
2016,RUS,GBR,-.1676997442906626
2018,RUS,GBR,-.1677136568157906
2019,RUS,GBR,-.1672457854902652
2021,RUS,GBR,-.1702317055666724
1994,RUS,CYP,
1995,RUS,CYP,
1997,RUS,CYP,
2000,RUS,CYP,
2002,RUS,CYP,
2003,RUS,CYP,
2004,RUS,CYP,
2005,RUS,CYP,
2010,RUS,CYP,
2012,RUS,CYP,
2015,RUS,CYP,
2016,RUS,CYP,
2018,RUS,CYP,
2019,RUS,CYP,
2021,RUS,CYP,
1994,RUS,ISL,
1995,RUS,ISL,
1997,RUS,ISL,
2000,RUS,ISL,
2001,RUS,ISL,
2003,RUS,ISL,
2004,RUS,ISL,
2008,RUS,ISL,
2009,RUS,ISL,
2010,RUS,ISL,
2011,RUS,ISL,
2012,RUS,ISL,
2013,RUS,ISL,
2014,RUS,ISL,
2019,RUS,ISL,
2021,RUS,ISL,
1994,RUS,SWE,
1995,RUS,SWE,
1997,RUS,SWE,
2000,RUS,SWE,
2001,RUS,SWE,
2002,RUS,SWE,
2003,RUS,SWE,
2004,RUS,SWE,
2005,RUS,SWE,
2006,RUS,SWE,
2007,RUS,SWE,
2008,RUS,SWE,
2009,RUS,SWE,
2011,RUS,SWE,
2012,RUS,SWE,
2013,RUS,SWE,
2014,RUS,SWE,
2015,RUS,SWE,
2016,RUS,SWE,
2018,RUS,SWE,
2019,RUS,SWE,
2021,RUS,SWE,
1994,RUS,GRC,
1995,RUS,GRC,.0282977701092407
1997,RUS,GRC,.0197960356188403
2001,RUS,GRC,.0369505441855967
2002,RUS,GRC,.0236913423604921
2003,RUS,GRC,.0270618036322571
2004,RUS,GRC,.0227528297872062
2005,RUS,GRC,.016909603930591
2006,RUS,GRC,.0278768888350409
2007,RUS,GRC,.0259148187991035
2008,RUS,GRC,.0122015496621115
2009,RUS,GRC,.0177833961520039
2010,RUS,GRC,.0304296622626547
2011,RUS,GRC,.0212215266498671
2012,RUS,GRC,-.0069512849787275
2013,RUS,GRC,-.0018608947058144
2014,RUS,GRC,.0166140468906881
2015,RUS,GRC,.0115231623413844
2019,RUS,GRC,.0044252390437626
2021,RUS,GRC,.0014393189673549
1994,RUS,BIH,
1995,RUS,BIH,
1997,RUS,BIH,
2001,RUS,BIH,
2002,RUS,BIH,
2003,RUS,BIH,
2004,RUS,BIH,
2005,RUS,BIH,
2006,RUS,BIH,
2007,RUS,BIH,
2008,RUS,BIH,
2009,RUS,BIH,
2010,RUS,BIH,
2011,RUS,BIH,
2012,RUS,BIH,
1994,RUS,HRV,
1995,RUS,HRV,
1997,RUS,HRV,
2000,RUS,HRV,
2001,RUS,HRV,
2002,RUS,HRV,
2003,RUS,HRV,
2004,RUS,HRV,
2005,RUS,HRV,
2006,RUS,HRV,
2008,RUS,HRV,
2009,RUS,HRV,
2016,RUS,HRV,
1994,RUS,AUT,
1995,RUS,AUT,-.039461329229488
1997,RUS,AUT,-.0479630637198877
2000,RUS,AUT,-.0638348990900204
2002,RUS,AUT,-.0440677569782363
2003,RUS,AUT,-.0406972957064715
2004,RUS,AUT,-.045006269551522
2011,RUS,AUT,-.0465375726888616
2014,RUS,AUT,-.0511450524480406
2015,RUS,AUT,-.0562359369973445
2016,RUS,AUT,-.0637878190953635
2018,RUS,AUT,-.0638017316204916
1994,RUS,ESP,
1995,RUS,ESP,-.1125736848259846
1997,RUS,ESP,-.1210754193163845
2000,RUS,ESP,-.136947254686517
2001,RUS,ESP,-.1039209107496291
2002,RUS,ESP,-.1171801125747331
2003,RUS,ESP,-.1138096513029687
2004,RUS,ESP,-.1181186251480192
2005,RUS,ESP,-.1239618510046344
2006,RUS,ESP,-.1129945661001846
2007,RUS,ESP,-.1149566361361218
2008,RUS,ESP,-.1286699052731136
2009,RUS,ESP,-.1230880587832209
2010,RUS,ESP,-.1104417926725708
2011,RUS,ESP,-.1196499282853585
2012,RUS,ESP,-.1478227399139528
2013,RUS,ESP,-.1427323496410402
2014,RUS,ESP,-.1242574080445377
2015,RUS,ESP,-.1293482925938407
2016,RUS,ESP,-.1369001746918605
2018,RUS,ESP,-.1369140872169881
2019,RUS,ESP,-.1364462158914634
2021,RUS,ESP,-.1394321359678701
1994,RUS,CHE,
1997,RUS,CHE,
2000,RUS,CHE,
2002,RUS,CHE,
2005,RUS,CHE,
2006,RUS,CHE,
2011,RUS,CHE,
2014,RUS,CHE,
2019,RUS,CHE,
2021,RUS,CHE,
1994,RUS,SVK,
1994,RUS,ROU,
2000,RUS,ROU,-.0555353437879389
2002,RUS,ROU,-.0357682016761544
2003,RUS,ROU,-.0323977404043883
2004,RUS,ROU,-.0367067142494401
2005,RUS,ROU,-.0425499401060555
2006,RUS,ROU,-.0315826552016054
2007,RUS,ROU,-.033544725237543
2008,RUS,ROU,-.0472579943745348
2009,RUS,ROU,-.0416761478846429
2010,RUS,ROU,-.0290298817739916
2011,RUS,ROU,-.0382380173867797
2012,RUS,ROU,-.066410829015374
2013,RUS,ROU,-.0613204387424615
2014,RUS,ROU,-.0428454971459586
2015,RUS,ROU,-.0479363816952628
1994,RUS,FIN,
2000,RUS,FIN,-.0797107354322666
2002,RUS,FIN,-.0599435933204831
2006,RUS,FIN,-.0557580468459333
2007,RUS,FIN,-.0577201168818713
2008,RUS,FIN,-.0714333860188633
2009,RUS,FIN,-.0658515395289706
2011,RUS,FIN,-.0624134090311082
2013,RUS,FIN,-.0854958303867899
2014,RUS,FIN,-.0670208887902869
2018,RUS,FIN,-.0796775679627379
2021,RUS,FIN,-.0821956167136197
1994,RUS,NLD,
1997,RUS,NLD,
2000,RUS,NLD,
2001,RUS,NLD,
2003,RUS,NLD,
2004,RUS,NLD,
2013,RUS,NLD,
2014,RUS,NLD,
2016,RUS,NLD,
2018,RUS,NLD,
2019,RUS,NLD,
2021,RUS,NLD,
1994,RUS,EST,
1997,RUS,EST,.0115980796680843
2000,RUS,EST,-.0042737557020477
2001,RUS,EST,.0287525882348407
2002,RUS,EST,.0154933864097365
2003,RUS,EST,.0188638476815012
2009,RUS,EST,.009585440201248
2011,RUS,EST,.0130235706991112
2012,RUS,EST,-.015149240929483
2013,RUS,EST,-.0100588506565708
2015,RUS,EST,.0033252063906284
2018,RUS,EST,-.0042405882325186
2019,RUS,EST,-.0037727169069931
1994,RUS,LTU,
2001,RUS,LTU,-.0547826589079905
2002,RUS,LTU,-.0680418607330956
2006,RUS,LTU,-.0638563142585467
2007,RUS,LTU,-.0658183842944842
2009,RUS,LTU,-.0739498069415838
2011,RUS,LTU,-.0705116764437207
2012,RUS,LTU,-.0986844880723151
2013,RUS,LTU,-.0935940977994028
2015,RUS,LTU,-.0802100407522036
2016,RUS,LTU,-.0877619228502226
2018,RUS,LTU,-.0877758353753504
2021,RUS,LTU,-.0902938841262326
1994,SVK,IRL,
1996,SVK,IRL,.0085169798512935
1998,SVK,IRL,.0125230375894029
2010,SVK,IRL,.0015254206975871
2011,SVK,IRL,-.0076827149152011
2012,SVK,IRL,-.0358555265437955
1994,SVK,POL,
1996,SVK,POL,-.1193071214369904
1998,SVK,POL,-.1153010636988812
1994,SVK,DEU,
1998,SVK,DEU,-.1559415149617532
2009,SVK,DEU,-.1795853979642201
2010,SVK,DEU,-.1669391318535696
2011,SVK,DEU,-.176147267466357
2012,SVK,DEU,-.2043200790949515
1994,SVK,HUN,
1998,SVK,HUN,-.0710508853106904
2011,SVK,HUN,-.091256637815294
2012,SVK,HUN,-.1194294494438887
1994,SVK,MLT,
1996,SVK,MLT,.0648751494781034
1998,SVK,MLT,.068881207216211
2009,SVK,MLT,.045237324213746
2012,SVK,MLT,.0205026430830137
1994,SVK,NOR,
1996,SVK,NOR,.0383141337715215
1998,SVK,NOR,.0423201915096312
2009,SVK,NOR,.018676308507165
2010,SVK,NOR,.0313225746178152
2012,SVK,NOR,-.0060583726235673
1994,SVK,FRA,
1996,SVK,FRA,-.0911124390170418
1998,SVK,FRA,-.0871063812789326
2009,SVK,FRA,-.1107502642813989
2010,SVK,FRA,-.098103998170748
2011,SVK,FRA,-.1073121337835362
2012,SVK,FRA,-.1354849454121307
1994,SVK,PRT,
1996,SVK,PRT,.0268240973078752
1998,SVK,PRT,.0308301550459848
2009,SVK,PRT,.0071862720435178
2010,SVK,PRT,.0198325381541686
1994,SVK,RUS,
2009,SVK,RUS,.035060392559268
2010,SVK,RUS,.0477066586699189
2011,SVK,RUS,.0384985230571308
2012,SVK,RUS,.010325711428537
1994,SVK,GBR,
1996,SVK,GBR,-.1162150085767146
1998,SVK,GBR,-.1122089508386054
2009,SVK,GBR,-.1358528338410722
2010,SVK,GBR,-.1232065677304213
2011,SVK,GBR,-.1324147033432091
2012,SVK,GBR,-.1605875149718037
1994,SVK,CYP,
1996,SVK,CYP,.0535426323991822
1998,SVK,CYP,.0575486901372917
2010,SVK,CYP,.0465510732454758
2012,SVK,CYP,.0091701260040929
1994,SVK,ISL,
1996,SVK,ISL,.1064490866385376
2009,SVK,ISL,.0868112613741802
2010,SVK,ISL,.0994575274848312
2011,SVK,ISL,.0902493918720428
2012,SVK,ISL,.0620765802434488
1994,SVK,SWE,
1996,SVK,SWE,.1244160523142213
1998,SVK,SWE,.1284221100523314
2009,SVK,SWE,.1047782270498643
2011,SVK,SWE,.1082163575477272
2012,SVK,SWE,.0800435459191321
1994,SVK,GRC,
1996,SVK,GRC,.0554560159573131
1998,SVK,GRC,.0594620736954223
2009,SVK,GRC,.0358181906929552
2010,SVK,GRC,.0484644568036068
2011,SVK,GRC,.0392563211908188
2012,SVK,GRC,.011083509562224
1994,SVK,BIH,
1996,SVK,BIH,.0551141607155609
2009,SVK,BIH,.0354763354512032
2010,SVK,BIH,.0481226015618538
2011,SVK,BIH,.0389144659490664
2012,SVK,BIH,.0107416543204713
1994,SVK,HRV,
1996,SVK,HRV,.0378240470926636
1998,SVK,HRV,.0418301048307725
2009,SVK,HRV,.0181862218283059
1994,SVK,AUT,
1996,SVK,AUT,-.0123030833814154
2011,SVK,AUT,-.0285027781479101
1994,SVK,ESP,
1996,SVK,ESP,-.0854154389779123
1998,SVK,ESP,-.0814093812398033
2009,SVK,ESP,-.1050532642422698
2010,SVK,ESP,-.0924069981316194
2011,SVK,ESP,-.1016151337444071
2012,SVK,ESP,-.129787945373001
1994,SVK,CHE,
1996,SVK,CHE,-.011798808423083
1998,SVK,CHE,-.0077927506849733
2011,SVK,CHE,-.0279985031895765
1994,SVK,ROU,
1998,SVK,ROU,2.52965877584e-06
2009,SVK,ROU,-.0236413533436909
2010,SVK,ROU,-.0109950872330404
2011,SVK,ROU,-.0202032228458287
2012,SVK,ROU,-.0483760344744227
1994,SVK,FIN,
1996,SVK,FIN,-.0281789197236618
1998,SVK,FIN,-.024172861985553
2009,SVK,FIN,-.0478167449880194
2011,SVK,FIN,-.0443786144901563
1994,SVK,NLD,
1996,SVK,NLD,-.0093015569270235
1998,SVK,NLD,-.0052954991889136
1994,SVK,EST,
1996,SVK,EST,.0472580600065572
1998,SVK,EST,.051264117744667
2009,SVK,EST,.0276202347422
2011,SVK,EST,.0310583652400629
2012,SVK,EST,.0028855536114674
1994,SVK,LTU,
2009,SVK,LTU,-.055915012400632
2011,SVK,LTU,-.0524768819027693
2012,SVK,LTU,-.0806496935313641
1994,ESP,POL,
1995,ESP,POL,-.0897300448314614
1996,ESP,POL,-.0806065935243411
1997,ESP,POL,-.0982317793218618
1998,ESP,POL,-.0766005357862309
1999,ESP,POL,-.0761088917592747
2001,ESP,POL,-.0810772707551052
2003,ESP,POL,-.090966011308445
2004,ESP,POL,-.0952749851534951
2008,ESP,POL,-.10582626527859
2014,ESP,POL,-.101413768050014
2015,ESP,POL,-.1065046525993175
2016,ESP,POL,-.1140565346973368
2017,ESP,POL,-.1266788087294201
2022,ESP,POL,-.1254395732032034
2023,ESP,POL,-.1062793536631291
2025,ESP,POL,
1994,ESP,HUN,
1995,ESP,HUN,
1997,ESP,HUN,
1998,ESP,HUN,
2005,ESP,HUN,
2007,ESP,HUN,
2011,ESP,HUN,
2012,ESP,HUN,
2013,ESP,HUN,
2014,ESP,HUN,
2015,ESP,HUN,
2016,ESP,HUN,
2017,ESP,HUN,
2018,ESP,HUN,
1994,ESP,RUS,
1995,ESP,RUS,.084275294429155
1997,ESP,RUS,.0757735599387547
2000,ESP,RUS,.0599017245686228
2001,ESP,RUS,.0929280685055108
2002,ESP,RUS,.0796688666804068
2003,ESP,RUS,.0830393279521712
2004,ESP,RUS,.0787303541071209
2005,ESP,RUS,.0728871282505053
2006,ESP,RUS,.0838544131549552
2007,ESP,RUS,.0818923431190183
2008,ESP,RUS,.0681790739820264
2009,ESP,RUS,.0737609204719187
2010,ESP,RUS,.0864071865825692
2011,ESP,RUS,.0771990509697817
2012,ESP,RUS,.0490262393411863
2013,ESP,RUS,.0541166296140996
2014,ESP,RUS,.0725915712106032
2015,ESP,RUS,.067500686661299
2016,ESP,RUS,.0599488045632803
2019,ESP,RUS,.0604027633636771
2021,ESP,RUS,.0574168432872693
1994,ESP,SVK,
1996,ESP,SVK,
1998,ESP,SVK,
1994,ESP,ROU,
1998,ESP,ROU,.0387030575714258
2000,ESP,ROU,.0011999786656629
2002,ESP,ROU,.020967120777447
2003,ESP,ROU,.0243375820492123
2004,ESP,ROU,.0200286082041616
2005,ESP,ROU,.0141853823475463
2006,ESP,ROU,.0251526672519965
2007,ESP,ROU,.0231905972160579
2008,ESP,ROU,.0094773280790661
2009,ESP,ROU,.0150591745689594
2010,ESP,ROU,.0277054406796097
2011,ESP,ROU,.0184973050668223
2012,ESP,ROU,-.0096755065617724
2013,ESP,ROU,-.00458511628886
2014,ESP,ROU,.0138898253076438
2015,ESP,ROU,.008798940758339
2017,ESP,ROU,-.0113752153717627
2022,ESP,ROU,-.010135979845546
1994,ESP,EST,
1996,ESP,EST,
1997,ESP,EST,
1998,ESP,EST,
1999,ESP,EST,
2000,ESP,EST,
2001,ESP,EST,
2002,ESP,EST,
2003,ESP,EST,
2009,ESP,EST,
2011,ESP,EST,
2012,ESP,EST,
2013,ESP,EST,
2015,ESP,EST,
2018,ESP,EST,
2019,ESP,EST,
2022,ESP,EST,
2023,ESP,EST,
2024,ESP,EST,
2025,ESP,EST,
1994,ESP,LTU,
1999,ESP,LTU,
2001,ESP,LTU,
2002,ESP,LTU,
2006,ESP,LTU,
2007,ESP,LTU,
2009,ESP,LTU,-.017214484487982
2011,ESP,LTU,-.0137763539901189
2012,ESP,LTU,-.0419491656187138
2013,ESP,LTU,-.0368587753458011
2015,ESP,LTU,-.0234747182986018
2016,ESP,LTU,-.031026600396621
2018,ESP,LTU,-.0310405129217489
2021,ESP,LTU,-.0335585616726314
2022,ESP,LTU,-.0424096389024878
2023,ESP,LTU,-.0232494193624137
2024,ESP,LTU,-.0096812601938849
2025,ESP,LTU,
1994,SWE,POL,
1995,SWE,POL,-.1353517406306022
1996,SWE,POL,-.1262282893234815
1997,SWE,POL,-.1438534751210027
1998,SWE,POL,-.1222222315853722
1999,SWE,POL,-.1217305875584159
2001,SWE,POL,-.1266989665542459
2003,SWE,POL,-.1365877071075858
2004,SWE,POL,-.1408966809526359
2008,SWE,POL,-.1514479610777307
2014,SWE,POL,-.1470354638491547
2015,SWE,POL,-.1521263483984583
2016,SWE,POL,-.159678230496478
2017,SWE,POL,-.1723005045285607
2022,SWE,POL,-.1710612690023434
2023,SWE,POL,-.1519010494622698
2025,SWE,POL,
2026,SWE,POL,
1994,SWE,HUN,
1995,SWE,HUN,-.091101562242411
1997,SWE,HUN,-.0996032967328111
1998,SWE,HUN,-.0779720531971808
2005,SWE,HUN,-.10248972842106
2007,SWE,HUN,-.0934845135525471
2011,SWE,HUN,-.098177805701784
2012,SWE,HUN,-.1263506173303793
2013,SWE,HUN,-.1212602270574664
2014,SWE,HUN,-.1027852854609633
2015,SWE,HUN,-.1078761700102671
2016,SWE,HUN,-.1154280521082863
2017,SWE,HUN,-.1280503261403699
2018,SWE,HUN,-.1154419646334144
1994,SWE,RUS,
1995,SWE,RUS,.0386535986300142
1997,SWE,RUS,.0301518641396138
2000,SWE,RUS,.0142800287694821
2001,SWE,RUS,.0473063727063706
2002,SWE,RUS,.034047170881266
2003,SWE,RUS,.0374176321530318
2004,SWE,RUS,.0331086583079802
2005,SWE,RUS,.0272654324513645
2006,SWE,RUS,.0382327173558154
2007,SWE,RUS,.0362706473198771
2008,SWE,RUS,.0225573781828851
2009,SWE,RUS,.028139224672778
2010,SWE,RUS,.0407854907834286
2011,SWE,RUS,.0315773551706404
2012,SWE,RUS,.0034045435420459
2013,SWE,RUS,.0084949338149594
2014,SWE,RUS,.026969875411462
2015,SWE,RUS,.0218789908621582
2016,SWE,RUS,.0143271087641386
2019,SWE,RUS,.0147810675645366
2021,SWE,RUS,.0117951474881292
1994,SWE,SVK,
1996,SWE,SVK,
1998,SWE,SVK,
1994,SWE,ROU,
1998,SWE,ROU,-.006918638227715
2000,SWE,ROU,-.0444217171334782
2002,SWE,ROU,-.0246545750216937
2003,SWE,ROU,-.0212841137499285
2004,SWE,ROU,-.0255930875949793
2005,SWE,ROU,-.0314363134515943
2006,SWE,ROU,-.0204690285471451
2007,SWE,ROU,-.0224310985830818
2008,SWE,ROU,-.036144367720074
2009,SWE,ROU,-.0305625212301813
2010,SWE,ROU,-.0179162551195303
2011,SWE,ROU,-.0271243907323186
2012,SWE,ROU,-.0552972023609132
2013,SWE,ROU,-.050206812088001
2014,SWE,ROU,-.0317318704914978
2015,SWE,ROU,-.0368227550408014
2017,SWE,ROU,-.0569969111709038
2022,SWE,ROU,-.0557576756446877
2026,SWE,ROU,
1994,SWE,EST,
1996,SWE,EST,.0403368921200671
1997,SWE,EST,.0227117063225451
1998,SWE,EST,.0443429498581762
1999,SWE,EST,.0448345938851327
2000,SWE,EST,.0068398709524131
2001,SWE,EST,.0398662148893014
2002,SWE,EST,.0266070130641982
2003,SWE,EST,.0299774743359622
2009,SWE,EST,.0206990668557093
2011,SWE,EST,.0241371973535719
2012,SWE,EST,-.0040356142750226
2013,SWE,EST,.0010547759978898
2015,SWE,EST,.0144388330450895
2018,SWE,EST,.006873038421942
2019,SWE,EST,.0073409097474678
2022,SWE,EST,-.0044960875587961
2023,SWE,EST,.0146641319812779
2024,SWE,EST,.0282322911498066
2025,SWE,EST,
1994,SWE,LTU,
1999,SWE,LTU,-.0387006532576999
2001,SWE,LTU,-.0436690322535306
2002,SWE,LTU,-.056928234078635
2006,SWE,LTU,-.052742687604086
2007,SWE,LTU,-.0547047576400236
2009,SWE,LTU,-.0628361802871233
2011,SWE,LTU,-.0593980497892599
2012,SWE,LTU,-.0875708614178547
2013,SWE,LTU,-.0824804711449417
2015,SWE,LTU,-.0690964140977429
2016,SWE,LTU,-.0766482961957618
2018,SWE,LTU,-.0766622087208897
2021,SWE,LTU,-.0791802574717717
2022,SWE,LTU,-.0880313347016285
2023,SWE,LTU,-.0688711151615545
2024,SWE,LTU,-.0553029559930257
2025,SWE,LTU,
2026,SWE,LTU,
1994,CHE,POL,
1996,CHE,POL,-.1406651416302643
1997,CHE,POL,-.1582903274277858
1998,CHE,POL,-.1366590838921549
2004,CHE,POL,-.1553335332594191
2008,CHE,POL,-.165884813384514
2014,CHE,POL,-.1614723161559379
2015,CHE,POL,-.1665632007052416
2016,CHE,POL,-.1741150828032605
2017,CHE,POL,-.1867373568353436
2022,CHE,POL,-.1854981213091271
2023,CHE,POL,-.1663379017690532
2025,CHE,POL,
2026,CHE,POL,
1994,CHE,HUN,
1997,CHE,HUN,-.1140401490395944
1998,CHE,HUN,-.0924089055039641
2005,CHE,HUN,-.1169265807278433
2007,CHE,HUN,-.1079213658593308
2011,CHE,HUN,-.1126146580085674
2012,CHE,HUN,-.140787469637162
2013,CHE,HUN,-.1356970793642495
2014,CHE,HUN,-.1172221377677466
2015,CHE,HUN,-.1223130223170504
2016,CHE,HUN,-.1298649044150697
2017,CHE,HUN,-.1424871784471527
2018,CHE,HUN,-.1298788169401978
1994,CHE,RUS,
1997,CHE,RUS,.0157150118328306
2000,CHE,RUS,-.0001568235373017
2002,CHE,RUS,.0196103185744826
2004,CHE,RUS,.0186718060011969
2005,CHE,RUS,.012828580144582
2006,CHE,RUS,.0237958650490314
2007,CHE,RUS,.0218337950130941
2008,CHE,RUS,.0081205258761019
2009,CHE,RUS,.0137023723659946
2010,CHE,RUS,.0263486384766457
2011,CHE,RUS,.0171405028638573
2012,CHE,RUS,-.0110323087647369
2013,CHE,RUS,-.0059419184918247
2014,CHE,RUS,.012533023104679
2015,CHE,RUS,.0074421385553752
2016,CHE,RUS,-.000109743542644
2019,CHE,RUS,.0003442152577537
2021,CHE,RUS,-.0026417048186542
1994,CHE,SVK,
1996,CHE,SVK,-.1284431446306811
1998,CHE,SVK,-.1244370868925712
1994,CHE,ROU,
1998,CHE,ROU,-.0213554905344982
2000,CHE,ROU,-.0588585694402607
2002,CHE,ROU,-.0390914273284766
2004,CHE,ROU,-.0400299399017624
2005,CHE,ROU,-.0458731657583778
2006,CHE,ROU,-.0349058808539273
2007,CHE,ROU,-.0368679508898652
2008,CHE,ROU,-.0505812200268571
2009,CHE,ROU,-.0449993735369645
2010,CHE,ROU,-.0323531074263143
2011,CHE,ROU,-.0415612430391015
2012,CHE,ROU,-.0697340546676969
2013,CHE,ROU,-.0646436643947838
2014,CHE,ROU,-.046168722798281
2015,CHE,ROU,-.0512596073475844
2017,CHE,ROU,-.0714337634776869
2022,CHE,ROU,-.0701945279514699
2026,CHE,ROU,
1994,CHE,EST,
1996,CHE,EST,
1997,CHE,EST,
1998,CHE,EST,
2000,CHE,EST,
2002,CHE,EST,
2009,CHE,EST,
2011,CHE,EST,.0097003450467893
2012,CHE,EST,-.0184724665818054
2013,CHE,EST,-.0133820763088933
2015,CHE,EST,1.98073830665e-06
2018,CHE,EST,-.0075638138848414
2019,CHE,EST,-.0070959425593153
2022,CHE,EST,-.0189329398655794
2023,CHE,EST,.0002272796744941
2024,CHE,EST,.0137954388430229
2025,CHE,EST,
1994,CHE,LTU,
2002,CHE,LTU,
2006,CHE,LTU,
2007,CHE,LTU,
2009,CHE,LTU,
2011,CHE,LTU,-.073834902096043
2012,CHE,LTU,-.1020077137246375
2013,CHE,LTU,-.0969173234517247
2015,CHE,LTU,-.0835332664045256
2016,CHE,LTU,-.091085148502545
2018,CHE,LTU,-.0910990610276735
2021,CHE,LTU,-.0936171097785549
2022,CHE,LTU,-.1024681870084109
2023,CHE,LTU,-.0833079674683379
2024,CHE,LTU,-.0697398082998087
2025,CHE,LTU,
2026,CHE,LTU,
1994,GBR,POL,
1995,GBR,POL,-.1228553829342646
1996,GBR,POL,-.113731931627144
1997,GBR,POL,-.1313571174246652
1998,GBR,POL,-.109725873889035
1999,GBR,POL,-.1092342298620781
2001,GBR,POL,-.1142026088579088
2003,GBR,POL,-.1240913494112483
2004,GBR,POL,-.128400323256299
2008,GBR,POL,-.1389516033813936
2014,GBR,POL,-.1345391061528169
2015,GBR,POL,-.1396299907021209
2016,GBR,POL,-.1471818728001402
2017,GBR,POL,-.1598041468322235
2022,GBR,POL,-.1585649113060063
2023,GBR,POL,-.1394046917659328
2025,GBR,POL,
2026,GBR,POL,
1994,GBR,HUN,
1995,GBR,HUN,
1997,GBR,HUN,
1998,GBR,HUN,
2005,GBR,HUN,
2007,GBR,HUN,
2011,GBR,HUN,
2012,GBR,HUN,
2013,GBR,HUN,-.1087638693611289
2014,GBR,HUN,-.0902889277646264
2015,GBR,HUN,-.0953798123139303
2016,GBR,HUN,-.1029316944119491
2017,GBR,HUN,-.1155539684440321
2018,GBR,HUN,-.102945606937077
1994,GBR,RUS,
1995,GBR,RUS,
1997,GBR,RUS,
2000,GBR,RUS,
2001,GBR,RUS,
2002,GBR,RUS,
2003,GBR,RUS,
2004,GBR,RUS,
2005,GBR,RUS,
2006,GBR,RUS,
2007,GBR,RUS,
2008,GBR,RUS,
2009,GBR,RUS,
2010,GBR,RUS,
2011,GBR,RUS,
2012,GBR,RUS,
2013,GBR,RUS,
2014,GBR,RUS,
2015,GBR,RUS,
2016,GBR,RUS,
2019,GBR,RUS,
2021,GBR,RUS,
1994,GBR,SVK,
1996,GBR,SVK,
1998,GBR,SVK,
1994,GBR,ROU,
1998,GBR,ROU,.0055777194686217
2000,GBR,ROU,-.0319253594371408
2002,GBR,ROU,-.012158217325357
2003,GBR,ROU,-.0087877560535919
2004,GBR,ROU,-.0130967298986423
2005,GBR,ROU,-.0189399557552571
2006,GBR,ROU,-.0079726708508074
2007,GBR,ROU,-.009934740886745
2008,GBR,ROU,-.0236480100237371
2009,GBR,ROU,-.0180661635338445
2010,GBR,ROU,-.005419897423194
2011,GBR,ROU,-.0146280330359816
2012,GBR,ROU,-.0428008446645762
2013,GBR,ROU,-.0377104543916633
2014,GBR,ROU,-.0192355127951612
2015,GBR,ROU,-.0243263973444645
2017,GBR,ROU,-.0445005534745665
2022,GBR,ROU,-.0432613179483501
2026,GBR,ROU,
1994,GBR,EST,
1996,GBR,EST,
1997,GBR,EST,
1998,GBR,EST,
1999,GBR,EST,
2000,GBR,EST,
2001,GBR,EST,
2002,GBR,EST,
2003,GBR,EST,
2009,GBR,EST,
2011,GBR,EST,
2012,GBR,EST,
2013,GBR,EST,
2015,GBR,EST,
2018,GBR,EST,
2019,GBR,EST,
2022,GBR,EST,
2023,GBR,EST,
2024,GBR,EST,
2025,GBR,EST,
1994,GBR,LTU,
1999,GBR,LTU,-.0262042955613627
2001,GBR,LTU,-.0311726745571931
2002,GBR,LTU,-.0444318763822981
2006,GBR,LTU,-.0402463299077479
2007,GBR,LTU,-.0422083999436862
2009,GBR,LTU,-.0503398225907856
2011,GBR,LTU,-.0469016920929227
2012,GBR,LTU,-.0750745037215173
2013,GBR,LTU,-.0699841134486047
2015,GBR,LTU,-.0566000564014057
2016,GBR,LTU,-.064151938499425
2018,GBR,LTU,-.064165851024553
2021,GBR,LTU,-.0666838997754349
2022,GBR,LTU,-.075534977005291
2023,GBR,LTU,-.0563747574652173
2024,GBR,LTU,-.0428065982966889
2025,GBR,LTU,
2026,GBR,LTU,
1995,BEL,RUS,.0228098136468659
2000,BEL,RUS,-.0015637562136673
2002,BEL,RUS,.0182033858981168
2003,BEL,RUS,.0215738471698819
2004,BEL,RUS,.0172648733248318
2005,BEL,RUS,.0114216474682162
2006,BEL,RUS,.0223889323726665
2007,BEL,RUS,.0204268623367288
2008,BEL,RUS,.0067135931997367
2009,BEL,RUS,.012295439689629
2010,BEL,RUS,.0249417058002797
2011,BEL,RUS,.0157335701874921
2012,BEL,RUS,-.012439241441103
2013,BEL,RUS,-.0073488511681905
2014,BEL,RUS,.0111260904283133
2015,BEL,RUS,.0060352058790087
2016,BEL,RUS,-.0015166762190098
2019,BEL,RUS,-.0010627174186127
2021,BEL,RUS,-.0040486374950199
1995,BEL,POL,-.1511955256137508
1996,BEL,POL,-.1420720743066301
1998,BEL,POL,-.138066016568521
1999,BEL,POL,-.1375743725415642
2003,BEL,POL,-.1524314920907348
2004,BEL,POL,-.1567404659357847
2008,BEL,POL,-.1672917460608801
2014,BEL,POL,-.1628792488323034
2015,BEL,POL,-.1679701333816074
2016,BEL,POL,-.1755220154796264
2017,BEL,POL,-.1881442895117095
2022,BEL,POL,-.1869050539854927
2023,BEL,POL,-.1677448344454193
2025,BEL,POL,
2026,BEL,POL,
1995,BEL,HUN,-.1069453472255595
1998,BEL,HUN,-.0938158381803296
2005,BEL,HUN,-.1183335134042095
2007,BEL,HUN,-.1093282985356969
2011,BEL,HUN,-.1140215906849334
2012,BEL,HUN,-.1421944023135279
2013,BEL,HUN,-.1371040120406156
2014,BEL,HUN,-.1186290704441118
2015,BEL,HUN,-.1237199549934166
2016,BEL,HUN,-.1312718370914345
2017,BEL,HUN,-.1438941111235189
2018,BEL,HUN,-.1312857496165635
1995,DNK,RUS,.0419290774716665
1997,DNK,RUS,.0334273429812668
2000,DNK,RUS,.0175555076111347
2001,DNK,RUS,.0505818515480232
2002,DNK,RUS,.0373226497229185
2004,DNK,RUS,.0363841371496335
2005,DNK,RUS,.0305409112930177
2006,DNK,RUS,.041508196197468
2007,DNK,RUS,.0395461261615306
2008,DNK,RUS,.0258328570245376
2009,DNK,RUS,.0314147035144305
2010,DNK,RUS,.0440609696250816
2011,DNK,RUS,.0348528340122936
2012,DNK,RUS,.0066800223836986
2013,DNK,RUS,.0117704126566116
2014,DNK,RUS,.0302453542531147
2015,DNK,RUS,.0251544697038107
2016,DNK,RUS,.0176025876057911
2019,DNK,RUS,.018056546406189
2021,DNK,RUS,.0150706263297814
1995,DNK,POL,-.1320762617889491
1997,DNK,POL,-.1405779962793498
1999,DNK,POL,-.1184551087167625
2001,DNK,POL,-.1234234877125931
2004,DNK,POL,-.1376212021109835
2008,DNK,POL,-.1481724822360779
2014,DNK,POL,-.1437599850075017
2015,DNK,POL,-.1488508695568056
2016,DNK,POL,-.156402751654825
2017,DNK,POL,-.169025025686908
2022,DNK,POL,-.1677857901606912
2023,DNK,POL,-.1486255706206176
2025,DNK,POL,
2026,DNK,POL,
1995,DNK,HUN,-.0878260834007579
1997,DNK,HUN,-.0963278178911588
2005,DNK,HUN,-.0992142495794076
2007,DNK,HUN,-.0902090347108956
2011,DNK,HUN,-.0949023268601321
2012,DNK,HUN,-.1230751384887264
2013,DNK,HUN,-.1179847482158132
2014,DNK,HUN,-.0995098066193105
2015,DNK,HUN,-.1046006911686145
2016,DNK,HUN,-.1121525732666334
2017,DNK,HUN,-.1247748472987167
2018,DNK,HUN,-.1121664857917611
1995,HUN,DNK,.0220202417301246
1997,HUN,DNK,.0135185072397238
2005,HUN,DNK,.0106320755514751
2008,HUN,DNK,.0059240212829954
2009,HUN,DNK,.0115058677728879
2011,HUN,DNK,.0149439982707512
2012,HUN,DNK,-.0132288133578436
2013,HUN,DNK,-.0081384230849316
2014,HUN,DNK,.0103365185115717
2017,HUN,DNK,-.0149285221678338
2018,HUN,DNK,-.0023201606608781
2019,HUN,DNK,-.001852289335354
1995,HUN,SVN,-.1133542042747216
1997,HUN,SVN,-.1218559387651223
1998,HUN,SVN,-.1002246952294915
2007,HUN,SVN,-.1157371555848586
2011,HUN,SVN,-.1204304477340956
2014,HUN,SVN,-.1250379274932744
2015,HUN,SVN,-.1301288120425781
2018,HUN,SVN,-.137694606665725
2019,HUN,SVN,-.1372267353401996
1995,HUN,ISR,.038212006242539
1998,HUN,ISR,.0513415152877692
2005,HUN,ISR,.0268238400638894
2008,HUN,ISR,.0221157857954104
2009,HUN,ISR,.0276976322853026
2015,HUN,ISR,.0214373984746827
2016,HUN,ISR,.0138855163766634
2017,HUN,ISR,.0012632423445804
2018,HUN,ISR,.0138716038515357
2019,HUN,ISR,.0143394751770604
1995,HUN,TUR,.0295900379248036
1997,HUN,TUR,.021088303434403
1998,HUN,TUR,.0427195469700339
2005,HUN,TUR,.0182018717461543
2007,HUN,TUR,.0272070866146663
2008,HUN,TUR,.0134938174776747
2009,HUN,TUR,.0190756639675669
2012,HUN,TUR,-.0056590171631641
1995,HUN,BEL,-.037749048179096
1998,HUN,BEL,-.0246195391338657
2013,HUN,BEL,-.0679077129941512
2015,HUN,BEL,-.0545236559469514
2016,HUN,BEL,-.0620755380449713
2017,HUN,BEL,-.0746978120770548
1995,ISR,RUS,.1153610088161692
2000,ISR,RUS,.0909874389556355
2001,ISR,RUS,.1240137828925237
2002,ISR,RUS,.1107545810674205
2003,ISR,RUS,.1141250423391844
2004,ISR,RUS,.1098160684941341
2005,ISR,RUS,.1039728426375189
2006,ISR,RUS,.1149401275419685
2007,ISR,RUS,.1129780575060319
2008,ISR,RUS,.0992647883690387
2009,ISR,RUS,.1048466348589317
2010,ISR,RUS,.1174929009695816
2011,ISR,RUS,.1082847653567957
2012,ISR,RUS,.0801119537282006
2013,ISR,RUS,.0852023440011133
2014,ISR,RUS,.103677285597616
2015,ISR,RUS,.0985864010483128
2016,ISR,RUS,.0910345189502934
2019,ISR,RUS,.0914884777506899
2021,ISR,RUS,.0885025576742835
1995,ISR,POL,-.0586443304444478
1998,ISR,POL,-.0455148213992177
1999,ISR,POL,-.045023177372261
2001,ISR,POL,-.0499915563680918
2003,ISR,POL,-.0598802969214316
2004,ISR,POL,-.0641892707664817
2008,ISR,POL,-.0747405508915765
2014,ISR,POL,-.0703280536630004
2015,ISR,POL,-.0754189382123045
2016,ISR,POL,-.0829708203103232
2017,ISR,POL,-.0955930943424063
2022,ISR,POL,-.09435385881619
2023,ISR,POL,-.0751936392761157
2025,ISR,POL,
2026,ISR,POL,
1995,ISR,HUN,-.0143941520562567
1998,ISR,HUN,-.001264643011027
2005,ISR,HUN,-.0257823182349061
2007,ISR,HUN,-.0167771033663937
2011,ISR,HUN,-.0214703955156301
2012,ISR,HUN,-.0496432071442249
2013,ISR,HUN,-.0445528168713124
2014,ISR,HUN,-.0260778752748087
2015,ISR,HUN,-.0311687598241135
2016,ISR,HUN,-.0387206419221324
2017,ISR,HUN,-.0513429159542156
2018,ISR,HUN,-.0387345544472603
1995,POL,DNK,.0226013147898372
1997,POL,DNK,.0140995802994364
1999,POL,DNK,.0362224678620239
2001,POL,DNK,.0312540888661925
2005,POL,DNK,.011213148611188
2006,POL,DNK,.022180433515637
2008,POL,DNK,.0065050943427086
2009,POL,DNK,.0120869408326007
2010,POL,DNK,.0247332069432525
2011,POL,DNK,.0155250713304637
2014,POL,DNK,.0109175915712846
2017,POL,DNK,-.0143474491081216
2018,POL,DNK,-.0017390876011663
2019,POL,DNK,-.0012712162756409
2025,POL,DNK,
2026,POL,DNK,
1995,POL,SVN,
1996,POL,SVN,
1997,POL,SVN,
1998,POL,SVN,
1999,POL,SVN,
2001,POL,SVN,
2003,POL,SVN,
2007,POL,SVN,
2011,POL,SVN,
2014,POL,SVN,
2015,POL,SVN,
2018,POL,SVN,
2019,POL,SVN,
2023,POL,SVN,
2024,POL,SVN,
1995,POL,ISR,.038793079302252
1998,POL,ISR,.0519225883474821
1999,POL,ISR,.0524142323744394
2001,POL,ISR,.0474458533786077
2003,POL,ISR,.0375571128252683
2005,POL,ISR,.0274049131236022
2006,POL,ISR,.038372198028052
2008,POL,ISR,.0226968588551231
2009,POL,ISR,.0282787053450155
2010,POL,ISR,.0409249714556661
2015,POL,ISR,.0220184715343958
2016,POL,ISR,.0144665894363764
2017,POL,ISR,.0018443154042932
2018,POL,ISR,.0144526769112485
2019,POL,ISR,.0149205482367742
2021,POL,ISR,.0119346281603661
2023,POL,ISR,.0222437704705836
2024,POL,ISR,.0358119296391125
2025,POL,ISR,
2026,POL,ISR,
1995,POL,TUR,.0301711109845159
1996,POL,TUR,.0392945622916369
1997,POL,TUR,.0216693764941162
1998,POL,TUR,.0433006200297461
1999,POL,TUR,.0437922640567031
2001,POL,TUR,.0388238850608725
2003,POL,TUR,.0289351445075331
2004,POL,TUR,.0246261706624821
2005,POL,TUR,.0187829448058671
2006,POL,TUR,.0297502297103168
2007,POL,TUR,.0277881596743796
2008,POL,TUR,.0140748905373875
2009,POL,TUR,.0196567370272802
2010,POL,TUR,.0323030031379308
1995,POL,BEL,-.0371679751193833
1996,POL,BEL,-.0280445238122626
1998,POL,BEL,-.0240384660741527
1999,POL,BEL,-.0235468220471964
2003,POL,BEL,-.0384039415963647
2004,POL,BEL,-.0427129154414173
2010,POL,BEL,-.035036082965968
2015,POL,BEL,-.0539425828872394
2016,POL,BEL,-.0614944649852587
2017,POL,BEL,-.0741167390173408
2021,POL,BEL,-.0640264262612689
2022,POL,BEL,-.0728775034911253
2023,POL,BEL,-.0537172839510515
2026,POL,BEL,
1995,RUS,DNK,
1997,RUS,DNK,
2000,RUS,DNK,
2001,RUS,DNK,
2002,RUS,DNK,
2005,RUS,DNK,
2006,RUS,DNK,
2008,RUS,DNK,
2009,RUS,DNK,
2010,RUS,DNK,
2011,RUS,DNK,
2012,RUS,DNK,
2013,RUS,DNK,
2014,RUS,DNK,
2018,RUS,DNK,
2019,RUS,DNK,
1995,RUS,SVN,
1997,RUS,SVN,
2001,RUS,SVN,
2002,RUS,SVN,
2003,RUS,SVN,
2007,RUS,SVN,
2011,RUS,SVN,
2014,RUS,SVN,
2015,RUS,SVN,
2018,RUS,SVN,
2019,RUS,SVN,
1995,RUS,ISR,.0371564742974342
2000,RUS,ISR,.0127829044369018
2001,RUS,ISR,.0458092483737902
2002,RUS,ISR,.0325500465486855
2003,RUS,ISR,.0359205078204508
2005,RUS,ISR,.0257683081187843
2006,RUS,ISR,.0367355930232343
2008,RUS,ISR,.0210602538503055
2009,RUS,ISR,.0266421003401977
2010,RUS,ISR,.0392883664508483
2015,RUS,ISR,.0203818665295783
2016,RUS,ISR,.0128299844315588
2018,RUS,ISR,.0128160719064307
2019,RUS,ISR,.0132839432319558
2021,RUS,ISR,.0102980231555486
1995,RUS,TUR,.0285345059796987
1997,RUS,TUR,.0200327714892975
2000,RUS,TUR,.0041609361191661
2001,RUS,TUR,.0371872800560553
2002,RUS,TUR,.0239280782309501
2003,RUS,TUR,.0272985395027147
2004,RUS,TUR,.0229895656576652
2005,RUS,TUR,.0171463398010496
2006,RUS,TUR,.0281136247054993
2007,RUS,TUR,.0261515546695615
2008,RUS,TUR,.0124382855325699
2009,RUS,TUR,.0180201320224629
2010,RUS,TUR,.0306663981331126
2012,RUS,TUR,-.0067145491082695
1995,RUS,BEL,
2000,RUS,BEL,
2002,RUS,BEL,
2003,RUS,BEL,
2004,RUS,BEL,
2010,RUS,BEL,
2013,RUS,BEL,
2015,RUS,BEL,
2016,RUS,BEL,
2021,RUS,BEL,
1995,SVN,RUS,.0178787426984206
1997,SVN,RUS,.0093770082080202
2001,SVN,RUS,.0265315167747761
2002,SVN,RUS,.0132723149496721
2003,SVN,RUS,.0166427762214378
2004,SVN,RUS,.012333802376386
2005,SVN,RUS,.0064905765197708
2006,SVN,RUS,.0174578614242204
2007,SVN,RUS,.0154957913882835
2008,SVN,RUS,.0017825222512913
2009,SVN,RUS,.0073643687411843
2010,SVN,RUS,.0200106348518347
2011,SVN,RUS,.0108024992390468
2012,SVN,RUS,-.0173703123895482
2013,SVN,RUS,-.0122799221166358
2014,SVN,RUS,.0061950194798679
2015,SVN,RUS,.001104134930564
2016,SVN,RUS,-.0064477471674545
2019,SVN,RUS,-.0059937883670581
2021,SVN,RUS,-.0089797084434645
1995,SVN,POL,-.1561265965621961
1996,SVN,POL,-.1470031452550751
1997,SVN,POL,-.1646283310525967
1998,SVN,POL,-.1429970875169658
1999,SVN,POL,-.1425054434900092
2001,SVN,POL,-.1474738224858398
2003,SVN,POL,-.1573625630391795
2004,SVN,POL,-.1616715368842296
2008,SVN,POL,-.1722228170093245
2014,SVN,POL,-.1678103197807488
2015,SVN,POL,-.1729012043300528
2016,SVN,POL,-.1804530864280716
2017,SVN,POL,-.1930753604601546
2022,SVN,POL,-.1918361249339376
2023,SVN,POL,-.1726759053938637
2025,SVN,POL,
1995,SVN,HUN,-.1118764181740049
1997,SVN,HUN,-.1203781526644056
1998,SVN,HUN,-.0987469091287742
2005,SVN,HUN,-.1232645843526541
2007,SVN,HUN,-.114259369484142
2011,SVN,HUN,-.1189526616333782
2012,SVN,HUN,-.147125473261973
2013,SVN,HUN,-.1420350829890605
2014,SVN,HUN,-.1235601413925575
2015,SVN,HUN,-.1286510259418613
2016,SVN,HUN,-.1362029080398807
2017,SVN,HUN,-.1488251820719641
2018,SVN,HUN,-.1362168205650086
1995,TUR,RUS,.0381309073611368
1997,TUR,RUS,.029629172870736
2000,TUR,RUS,.0137573375006038
2001,TUR,RUS,.0467836814374922
2002,TUR,RUS,.0335244796123875
2003,TUR,RUS,.0368949408841528
2004,TUR,RUS,.0325859670391024
2005,TUR,RUS,.0267427411824868
2006,TUR,RUS,.0377100260869371
2007,TUR,RUS,.0357479560509993
2008,TUR,RUS,.0220346869140075
2009,TUR,RUS,.0276165334039004
2010,TUR,RUS,.0402627995145504
2011,TUR,RUS,.0310546639017626
2012,TUR,RUS,.0028818522731671
1995,TUR,POL,
1996,TUR,POL,
1997,TUR,POL,
1998,TUR,POL,
1999,TUR,POL,
2001,TUR,POL,
2003,TUR,POL,
2004,TUR,POL,
2008,TUR,POL,
1995,TUR,HUN,
1997,TUR,HUN,
1998,TUR,HUN,
2005,TUR,HUN,
2007,TUR,HUN,
2011,TUR,HUN,
2012,TUR,HUN,
1996,BEL,EST,
1998,BEL,EST,
1999,BEL,EST,
2000,BEL,EST,
2002,BEL,EST,
2003,BEL,EST,
2009,BEL,EST,
2011,BEL,EST,.0082934123704232
2012,BEL,EST,-.019879399258171
2013,BEL,EST,-.0147890089852585
2015,BEL,EST,-.0014049519380592
2018,BEL,EST,-.0089707465612068
2019,BEL,EST,-.0085028752356812
2022,BEL,EST,-.020339872541945
2023,BEL,EST,-.0011796530018711
2024,BEL,EST,.0123885061666577
2025,BEL,EST,
1996,BEL,SVK,
1998,BEL,SVK,
1996,EST,TUR,.0545806429766468
1997,EST,TUR,.0369554571791254
1998,EST,TUR,.0585867007147565
1999,EST,TUR,.0590783447417126
2000,EST,TUR,.0210836218089939
2001,EST,TUR,.0541099657458816
2002,EST,TUR,.0408507639207774
2003,EST,TUR,.0442212251925423
2004,EST,TUR,.039912251347492
2005,EST,TUR,.0340690254908766
2006,EST,TUR,.0450363103953265
2007,EST,TUR,.043074240359389
2008,EST,TUR,.0293609712223969
2009,EST,TUR,.0349428177122893
2010,EST,TUR,.0475890838229401
2012,EST,TUR,.0102081365815581
1996,EST,BEL,-.0127584431272526
1998,EST,BEL,-.0087523853891435
1999,EST,BEL,-.0082607413621869
2000,EST,BEL,-.0462554642949062
2002,EST,BEL,-.0264883221831223
2003,EST,BEL,-.0231178609113569
2004,EST,BEL,-.0274268347564077
2010,EST,BEL,-.0197500022809592
2013,EST,BEL,-.052040559249429
2015,EST,BEL,-.0386565022022295
2016,EST,BEL,-.0462083843002493
2017,EST,BEL,-.0588306583323317
2021,EST,BEL,-.0487403455762588
2022,EST,BEL,-.0575914228061154
2023,EST,BEL,-.0384312032660415
2026,EST,BEL,
1996,EST,SVN,-.0883635992228783
1997,EST,SVN,-.1059887850204003
1998,EST,SVN,-.0843575414847687
1999,EST,SVN,-.0838658974578121
2001,EST,SVN,-.0888342764536432
2002,EST,SVN,-.1020934782787476
2003,EST,SVN,-.0987230170069829
2007,EST,SVN,-.0998700018401354
2011,EST,SVN,-.1045632939893721
2014,EST,SVN,-.109170773748551
2015,EST,SVN,-.1142616582978551
2018,EST,SVN,-.121827452921002
2019,EST,SVN,-.1213595815954773
2023,EST,SVN,-.1140363593616666
2024,EST,SVN,-.1004682001931381
1996,SVK,TUR,.055692751827771
1998,SVK,TUR,.0596988095658804
2009,SVK,TUR,.0360549265634141
2010,SVK,TUR,.0487011926740643
2012,SVK,TUR,.011320245432682
1996,SVK,BEL,-.0116463342761288
1998,SVK,BEL,-.0076402765380187
2010,SVK,BEL,-.0186378934298346
1996,SVK,SVN,-.0872514903717541
1998,SVK,SVN,-.0832454326336447
2011,SVK,SVN,-.1034511851382481
1996,SVN,EST,.0195620361884719
1997,SVN,EST,.0019368503909515
1998,SVN,EST,.0235680939265821
1999,SVN,EST,.024059737953538
2001,SVN,EST,.0190913589577079
2002,SVN,EST,.0058321571326033
2003,SVN,EST,.0092026184043676
2009,SVN,EST,-.0000757890758848
2011,SVN,EST,.0033623414219782
2012,SVN,EST,-.024810470206616
2013,SVN,EST,-.0197200799337034
2015,SVN,EST,-.0063360228865043
2018,SVN,EST,-.0139018175096522
2019,SVN,EST,-.0134339461841266
2022,SVN,EST,-.0252709434903899
2023,SVN,EST,-.0061107239503162
2024,SVN,EST,.0074574352182121
2025,SVN,EST,
1996,SVN,SVK,-.1347811482554919
1998,SVN,SVK,-.1307750905173818
1996,TUR,EST,
1997,TUR,EST,
1998,TUR,EST,
1999,TUR,EST,
2000,TUR,EST,
2001,TUR,EST,
2002,TUR,EST,
2003,TUR,EST,
2009,TUR,EST,
2011,TUR,EST,
2012,TUR,EST,
1996,TUR,SVK,
1998,TUR,SVK,
1997,DNK,EST,.025987185164198
1999,DNK,EST,.0481100727267852
2000,DNK,EST,.0101153497940661
2001,DNK,EST,.043141693730954
2002,DNK,EST,.0298824919058497
2009,DNK,EST,.0239745456973622
2011,DNK,EST,.0274126761952248
2012,DNK,EST,-.0007601354333695
2013,DNK,EST,.0043302548395433
2015,DNK,EST,.0177143118867422
2018,DNK,EST,.0101485172635951
2019,DNK,EST,.0106163885891206
2022,DNK,EST,-.0012206087171432
2023,DNK,EST,.017939610822931
2024,DNK,EST,.0315077699914594
2025,DNK,EST,
1997,EST,ITA,.0618825279521278
2011,EST,ITA,.0633080189831544
2012,EST,ITA,.0351352073545596
2013,EST,ITA,.0402255976274725
2014,EST,ITA,.0587005392239758
2015,EST,ITA,.0536096546746721
2016,EST,ITA,.0460577725766529
2017,EST,ITA,.0334354985445705
2018,EST,ITA,.0460438600515248
2019,EST,ITA,.0465117313770504
2021,EST,ITA,.0435258113006428
2022,EST,ITA,.0346747340707861
2023,EST,ITA,.0538349536108602
2024,EST,ITA,.0674031127793885
2025,EST,ITA,
2026,EST,ITA,
1997,EST,DNK,.0293856609844465
1999,EST,DNK,.0515085485470334
2000,EST,DNK,.013513825614315
2001,EST,DNK,.0465401695512032
2002,EST,DNK,.0332809677260987
2005,EST,DNK,.0264992292961979
2006,EST,DNK,.0374665142006477
2008,EST,DNK,.021791175027718
2009,EST,DNK,.0273730215176105
2010,EST,DNK,.0400192876282609
2011,EST,DNK,.0308111520154739
2012,EST,DNK,.0026383403868793
2013,EST,DNK,.0077287306597916
2014,EST,DNK,.0262036722562942
2017,EST,DNK,.0009386315768885
2018,EST,DNK,.0135469930838434
2019,EST,DNK,.0140148644093693
2025,EST,DNK,
2026,EST,DNK,
1997,HUN,ITA,.0460153742074049
2011,HUN,ITA,.0474408652384322
2012,HUN,ITA,.0192680536098374
2013,HUN,ITA,.0243584438827493
2014,HUN,ITA,.0428333854792529
2015,HUN,ITA,.03774250092995
2016,HUN,ITA,.0301906188319296
2017,HUN,ITA,.0175683447998475
2018,HUN,ITA,.0301767063068022
2019,HUN,ITA,.0306445776323273
1997,ITA,EST,.012828352083499
2011,ITA,EST,.014253843114527
2012,ITA,EST,-.013918968514068
2013,ITA,EST,-.0088285782411547
2015,ITA,EST,.0045554788060441
2018,ITA,EST,-.0030103158171032
2019,ITA,EST,-.0025424444915778
2022,ITA,EST,-.0143794417978411
2023,ITA,EST,.0047807777422327
2024,ITA,EST,.0183489369107609
2025,ITA,EST,
1997,ITA,POL,-.1537368293600477
2014,ITA,POL,-.1569188180881992
2015,ITA,POL,-.1620097026375037
2016,ITA,POL,-.1695615847355228
2017,ITA,POL,-.182183858767606
2022,ITA,POL,-.1809446232413894
2023,ITA,POL,-.1617844037013157
2025,ITA,POL,
2026,ITA,POL,
1997,ITA,HUN,-.1094866509718569
2011,ITA,HUN,-.10806115994083
2012,ITA,HUN,-.1362339715694247
2013,ITA,HUN,-.1311435812965118
2014,ITA,HUN,-.1126686397000088
2015,ITA,HUN,-.1177595242493126
2016,ITA,HUN,-.1253114063473319
2017,ITA,HUN,-.1379336803794151
2018,ITA,HUN,-.1253253188724596
1997,ITA,RUS,.0202685099005681
2011,ITA,RUS,.0216940009315951
2012,ITA,RUS,-.0064788106970005
2013,ITA,RUS,-.0013884204240865
2014,ITA,RUS,.0170865211724162
2015,ITA,RUS,.0119956366231121
2016,ITA,RUS,.0044437545250935
2019,ITA,RUS,.004897713325491
2021,ITA,RUS,.0019117932490834
1997,POL,ITA,.0465964472671179
2011,POL,ITA,.0480219382981449
2014,POL,ITA,.0434144585389656
2015,POL,ITA,.0383235739896617
2016,POL,ITA,.0307716918916435
2017,POL,ITA,.01814941785956
2018,POL,ITA,.0307577793665146
2019,POL,ITA,.0312256506920399
2021,POL,ITA,.0282397306156329
2022,POL,ITA,.0193886533857761
2023,POL,ITA,.03854887292585
2024,POL,ITA,.0521170320943784
2025,POL,ITA,
2026,POL,ITA,
1997,RUS,ITA,.0449598422623005
2011,RUS,ITA,.0463853332933269
2012,RUS,ITA,.0182125216647321
2013,RUS,ITA,.0233029119376446
2014,RUS,ITA,.0417778535341487
2015,RUS,ITA,.0366869689848449
2016,RUS,ITA,.0291350868868254
2018,RUS,ITA,.0291211743616974
2019,RUS,ITA,.0295890456872226
2021,RUS,ITA,.0266031256108151
1998,BEL,MKD,
2000,BEL,MKD,
2002,BEL,MKD,
2004,BEL,MKD,
2005,BEL,MKD,
2006,BEL,MKD,
2007,BEL,MKD,
2012,BEL,MKD,
2019,BEL,MKD,
1998,BEL,ROU,-.0227624232108641
2000,BEL,ROU,-.0602655021166264
2002,BEL,ROU,-.0404983600048423
2003,BEL,ROU,-.0371278987330774
2004,BEL,ROU,-.0414368725781278
2005,BEL,ROU,-.047280098434744
2006,BEL,ROU,-.036312813530293
2007,BEL,ROU,-.0382748835662304
2008,BEL,ROU,-.0519881527032227
2009,BEL,ROU,-.0464063062133308
2010,BEL,ROU,-.0337600401026797
2011,BEL,ROU,-.0429681757154668
2012,BEL,ROU,-.0711409873440626
2013,BEL,ROU,-.0660505970711494
2014,BEL,ROU,-.0475756554746459
2015,BEL,ROU,-.0526665400239501
2017,BEL,ROU,-.0728406961540526
2022,BEL,ROU,-.0716014606278358
2026,BEL,ROU,
1998,HRV,MKD,
2000,HRV,MKD,
2002,HRV,MKD,
2004,HRV,MKD,
2005,HRV,MKD,
2006,HRV,MKD,
2007,HRV,MKD,
2012,HRV,MKD,
2019,HRV,MKD,
1998,CYP,MKD,
2000,CYP,MKD,
2002,CYP,MKD,
2004,CYP,MKD,
2005,CYP,MKD,
2006,CYP,MKD,
2007,CYP,MKD,
2012,CYP,MKD,
2019,CYP,MKD,
1998,EST,ISR,.0672086690324922
1999,EST,ISR,.0677003130594481
2000,EST,ISR,.0297055901267289
2001,EST,ISR,.0627319340636182
2002,EST,ISR,.0494727322385133
2003,EST,ISR,.0528431935102783
2005,EST,ISR,.0426909938086118
2006,EST,ISR,.0536582787130625
2008,EST,ISR,.0379829395401326
2009,EST,ISR,.0435647860300251
2010,EST,ISR,.0562110521406757
2015,EST,ISR,.0373045522194059
2016,EST,ISR,.029752670121386
2017,EST,ISR,.0171303960893038
2018,EST,ISR,.0297387575962573
2019,EST,ISR,.030206628921783
2021,EST,ISR,.0272207088453761
2023,EST,ISR,.0375298511555935
2024,EST,ISR,.0510980103241223
2025,EST,ISR,
2026,EST,ISR,
1998,EST,MKD,
2000,EST,MKD,
2002,EST,MKD,
2004,EST,MKD,
2005,EST,MKD,
2006,EST,MKD,
2007,EST,MKD,
2012,EST,MKD,
2019,EST,MKD,
1998,FIN,MKD,
2000,FIN,MKD,
2002,FIN,MKD,
2004,FIN,MKD,
2005,FIN,MKD,
2006,FIN,MKD,
2007,FIN,MKD,
2012,FIN,MKD,
2019,FIN,MKD,
1998,FRA,MKD,
2000,FRA,MKD,
2002,FRA,MKD,
2004,FRA,MKD,
2005,FRA,MKD,
2006,FRA,MKD,
2007,FRA,MKD,
2012,FRA,MKD,
2019,FRA,MKD,
1998,DEU,MKD,
2000,DEU,MKD,
2002,DEU,MKD,
2004,DEU,MKD,
2005,DEU,MKD,
2006,DEU,MKD,
2007,DEU,MKD,
2012,DEU,MKD,
2019,DEU,MKD,
1998,GRC,MKD,
2002,GRC,MKD,
2004,GRC,MKD,
2005,GRC,MKD,
2006,GRC,MKD,
2007,GRC,MKD,
2012,GRC,MKD,
2019,GRC,MKD,
1998,HUN,MKD,
2005,HUN,MKD,
2007,HUN,MKD,
2012,HUN,MKD,
2019,HUN,MKD,
1998,IRL,MKD,
2000,IRL,MKD,
2004,IRL,MKD,
2005,IRL,MKD,
2006,IRL,MKD,
2007,IRL,MKD,
2012,IRL,MKD,
2019,IRL,MKD,
1998,ISR,EST,
1999,ISR,EST,
2000,ISR,EST,
2001,ISR,EST,
2002,ISR,EST,
2003,ISR,EST,
2009,ISR,EST,
2011,ISR,EST,
2012,ISR,EST,
2013,ISR,EST,
2015,ISR,EST,
2018,ISR,EST,
2019,ISR,EST,
2022,ISR,EST,
2023,ISR,EST,
2024,ISR,EST,
2025,ISR,EST,
1998,ISR,MKD,
2000,ISR,MKD,
2002,ISR,MKD,
2004,ISR,MKD,
2005,ISR,MKD,
2006,ISR,MKD,
2007,ISR,MKD,
2012,ISR,MKD,
2019,ISR,MKD,
1998,ISR,SVK,
1998,ISR,ROU,.0697887719584394
2000,ISR,ROU,.0322856930526767
2002,ISR,ROU,.0520528351644609
2003,ISR,ROU,.0554232964362248
2004,ISR,ROU,.0511143225911753
2005,ISR,ROU,.0452710967345589
2006,ISR,ROU,.05623838163901
2007,ISR,ROU,.0542763116030721
2008,ISR,ROU,.0405630424660802
2009,ISR,ROU,.0461448889559724
2010,ISR,ROU,.0587911550666237
2011,ISR,ROU,.0495830194538354
2012,ISR,ROU,.0214102078252411
2013,ISR,ROU,.0265005980981532
2014,ISR,ROU,.0449755396946568
2015,ISR,ROU,.0398846551453533
2017,ISR,ROU,.0197104990152501
2022,ISR,ROU,.0209497345414673
2026,ISR,ROU,
1998,MLT,MKD,
2000,MLT,MKD,
2002,MLT,MKD,
2004,MLT,MKD,
2005,MLT,MKD,
2006,MLT,MKD,
2007,MLT,MKD,
2012,MLT,MKD,
2019,MLT,MKD,
1998,NLD,MKD,
2000,NLD,MKD,
2004,NLD,MKD,
2005,NLD,MKD,
2006,NLD,MKD,
2007,NLD,MKD,
2012,NLD,MKD,
2019,NLD,MKD,
1998,MKD,ISR,
2000,MKD,ISR,
2002,MKD,ISR,
2005,MKD,ISR,
2006,MKD,ISR,
2008,MKD,ISR,
2009,MKD,ISR,
2010,MKD,ISR,
2015,MKD,ISR,
2016,MKD,ISR,
2017,MKD,ISR,
2018,MKD,ISR,
2019,MKD,ISR,
2021,MKD,ISR,
1998,MKD,GBR,
2000,MKD,GBR,
2002,MKD,GBR,
2004,MKD,GBR,
2005,MKD,GBR,
2006,MKD,GBR,
2007,MKD,GBR,
2008,MKD,GBR,
2009,MKD,GBR,
2010,MKD,GBR,
2011,MKD,GBR,
2012,MKD,GBR,
2013,MKD,GBR,
2014,MKD,GBR,
2015,MKD,GBR,
2016,MKD,GBR,
2017,MKD,GBR,
2018,MKD,GBR,
2019,MKD,GBR,
2021,MKD,GBR,
2022,MKD,GBR,
1998,MKD,MLT,
2000,MKD,MLT,
2002,MKD,MLT,
2004,MKD,MLT,
2005,MKD,MLT,
2006,MKD,MLT,
2009,MKD,MLT,
2012,MKD,MLT,
2013,MKD,MLT,
2014,MKD,MLT,
2016,MKD,MLT,
2019,MKD,MLT,
2021,MKD,MLT,
1998,MKD,NLD,
2000,MKD,NLD,
2004,MKD,NLD,
2013,MKD,NLD,
2014,MKD,NLD,
2016,MKD,NLD,
2017,MKD,NLD,
2018,MKD,NLD,
2019,MKD,NLD,
2021,MKD,NLD,
2022,MKD,NLD,
1998,MKD,HRV,
2000,MKD,HRV,
2002,MKD,HRV,
2004,MKD,HRV,
2005,MKD,HRV,
2006,MKD,HRV,
2008,MKD,HRV,
2009,MKD,HRV,
2016,MKD,HRV,
2017,MKD,HRV,
1998,MKD,BEL,
2000,MKD,BEL,
2002,MKD,BEL,
2004,MKD,BEL,
2010,MKD,BEL,
2013,MKD,BEL,
2015,MKD,BEL,
2016,MKD,BEL,
2017,MKD,BEL,
2021,MKD,BEL,
2022,MKD,BEL,
1998,MKD,DEU,
2000,MKD,DEU,
2002,MKD,DEU,
2004,MKD,DEU,
2005,MKD,DEU,
2006,MKD,DEU,
2007,MKD,DEU,
2008,MKD,DEU,
2009,MKD,DEU,
2010,MKD,DEU,
2011,MKD,DEU,
2012,MKD,DEU,
2013,MKD,DEU,
2014,MKD,DEU,
2015,MKD,DEU,
2016,MKD,DEU,
2017,MKD,DEU,
2018,MKD,DEU,
2019,MKD,DEU,
2021,MKD,DEU,
2022,MKD,DEU,
1998,MKD,NOR,
2000,MKD,NOR,
2004,MKD,NOR,
2005,MKD,NOR,
2006,MKD,NOR,
2008,MKD,NOR,
2009,MKD,NOR,
2010,MKD,NOR,
2012,MKD,NOR,
2013,MKD,NOR,
2014,MKD,NOR,
2015,MKD,NOR,
2017,MKD,NOR,
2018,MKD,NOR,
2019,MKD,NOR,
2021,MKD,NOR,
2022,MKD,NOR,
1998,MKD,IRL,
2000,MKD,IRL,
2004,MKD,IRL,
2006,MKD,IRL,
2007,MKD,IRL,
2010,MKD,IRL,
2011,MKD,IRL,
2012,MKD,IRL,
2013,MKD,IRL,
2018,MKD,IRL,
1998,MKD,SWE,
2000,MKD,SWE,
2002,MKD,SWE,
2004,MKD,SWE,
2005,MKD,SWE,
2006,MKD,SWE,
2007,MKD,SWE,
2008,MKD,SWE,
2009,MKD,SWE,
2011,MKD,SWE,
2012,MKD,SWE,
2013,MKD,SWE,
2014,MKD,SWE,
2015,MKD,SWE,
2016,MKD,SWE,
2017,MKD,SWE,
2018,MKD,SWE,
2019,MKD,SWE,
2021,MKD,SWE,
2022,MKD,SWE,
1998,MKD,CYP,
2000,MKD,CYP,
2002,MKD,CYP,
2004,MKD,CYP,
2005,MKD,CYP,
2010,MKD,CYP,
2012,MKD,CYP,
2015,MKD,CYP,
2016,MKD,CYP,
2017,MKD,CYP,
2018,MKD,CYP,
2019,MKD,CYP,
2021,MKD,CYP,
1998,MKD,PRT,
2008,MKD,PRT,
2009,MKD,PRT,
2010,MKD,PRT,
2017,MKD,PRT,
2018,MKD,PRT,
2021,MKD,PRT,
2022,MKD,PRT,
1998,MKD,EST,
2000,MKD,EST,
2002,MKD,EST,
2009,MKD,EST,
2011,MKD,EST,
2012,MKD,EST,
2013,MKD,EST,
2015,MKD,EST,
2018,MKD,EST,
2019,MKD,EST,
2022,MKD,EST,
1998,MKD,TUR,
2000,MKD,TUR,
2002,MKD,TUR,
2004,MKD,TUR,
2005,MKD,TUR,
2006,MKD,TUR,
2007,MKD,TUR,
2008,MKD,TUR,
2009,MKD,TUR,
2010,MKD,TUR,
2012,MKD,TUR,
1998,MKD,FIN,
2000,MKD,FIN,
2002,MKD,FIN,
2006,MKD,FIN,
2007,MKD,FIN,
2008,MKD,FIN,
2009,MKD,FIN,
2011,MKD,FIN,
2013,MKD,FIN,
2014,MKD,FIN,
2018,MKD,FIN,
2021,MKD,FIN,
2022,MKD,FIN,
1998,MKD,ESP,
2000,MKD,ESP,
2002,MKD,ESP,
2004,MKD,ESP,
2005,MKD,ESP,
2006,MKD,ESP,
2007,MKD,ESP,
2008,MKD,ESP,
2009,MKD,ESP,
2010,MKD,ESP,
2011,MKD,ESP,
2012,MKD,ESP,
2013,MKD,ESP,
2014,MKD,ESP,
2015,MKD,ESP,
2016,MKD,ESP,
2017,MKD,ESP,
2018,MKD,ESP,
2019,MKD,ESP,
2021,MKD,ESP,
2022,MKD,ESP,
1998,MKD,POL,
2004,MKD,POL,
2008,MKD,POL,
2014,MKD,POL,
2015,MKD,POL,
2016,MKD,POL,
2017,MKD,POL,
2022,MKD,POL,
1998,MKD,SVN,
2002,MKD,SVN,
2007,MKD,SVN,
2011,MKD,SVN,
2014,MKD,SVN,
2015,MKD,SVN,
2018,MKD,SVN,
2019,MKD,SVN,
1998,MKD,GRC,
2002,MKD,GRC,
2004,MKD,GRC,
2005,MKD,GRC,
2006,MKD,GRC,
2007,MKD,GRC,
2008,MKD,GRC,
2009,MKD,GRC,
2010,MKD,GRC,
2011,MKD,GRC,
2012,MKD,GRC,
2013,MKD,GRC,
2014,MKD,GRC,
2015,MKD,GRC,
2017,MKD,GRC,
2019,MKD,GRC,
2021,MKD,GRC,
2022,MKD,GRC,
1998,MKD,SVK,
1998,MKD,ROU,
2000,MKD,ROU,
2002,MKD,ROU,
2004,MKD,ROU,
2005,MKD,ROU,
2006,MKD,ROU,
2007,MKD,ROU,
2008,MKD,ROU,
2009,MKD,ROU,
2010,MKD,ROU,
2011,MKD,ROU,
2012,MKD,ROU,
2013,MKD,ROU,
2014,MKD,ROU,
2015,MKD,ROU,
2017,MKD,ROU,
2022,MKD,ROU,
1998,MKD,HUN,
2005,MKD,HUN,
2007,MKD,HUN,
2011,MKD,HUN,
2012,MKD,HUN,
2013,MKD,HUN,
2014,MKD,HUN,
2015,MKD,HUN,
2016,MKD,HUN,
2017,MKD,HUN,
2018,MKD,HUN,
1998,MKD,FRA,
2000,MKD,FRA,
2002,MKD,FRA,
2004,MKD,FRA,
2005,MKD,FRA,
2006,MKD,FRA,
2007,MKD,FRA,
2008,MKD,FRA,
2009,MKD,FRA,
2010,MKD,FRA,
2011,MKD,FRA,
2012,MKD,FRA,
2013,MKD,FRA,
2014,MKD,FRA,
2015,MKD,FRA,
2016,MKD,FRA,
2017,MKD,FRA,
2018,MKD,FRA,
2019,MKD,FRA,
2021,MKD,FRA,
2022,MKD,FRA,
1998,MKD,CHE,
2000,MKD,CHE,
2002,MKD,CHE,
2005,MKD,CHE,
2006,MKD,CHE,
2011,MKD,CHE,
2014,MKD,CHE,
2019,MKD,CHE,
2021,MKD,CHE,
2022,MKD,CHE,
1998,NOR,MKD,
2000,NOR,MKD,
2004,NOR,MKD,
2005,NOR,MKD,
2006,NOR,MKD,
2007,NOR,MKD,
2012,NOR,MKD,
2019,NOR,MKD,
1998,POL,MKD,
2004,POL,MKD,
2005,POL,MKD,
2006,POL,MKD,
2007,POL,MKD,
2019,POL,MKD,
1998,PRT,MKD,
2004,PRT,MKD,
2005,PRT,MKD,
2006,PRT,MKD,
2007,PRT,MKD,
2012,PRT,MKD,
2019,PRT,MKD,
1998,ROU,ISR,.0839531756107298
2000,ROU,ISR,.0464500967049681
2002,ROU,ISR,.0662172388167517
2003,ROU,ISR,.0695877000885167
2005,ROU,ISR,.0594355003868507
2006,ROU,ISR,.070402785291301
2008,ROU,ISR,.0547274461183718
2009,ROU,ISR,.0603092926082641
2010,ROU,ISR,.0729555587189145
2015,ROU,ISR,.0540490587976442
2017,ROU,ISR,.0338749026675418
2018,ROU,ISR,.0464832641744965
2019,ROU,ISR,.0469511355000222
2021,ROU,ISR,.0439652154236148
2023,ROU,ISR,.0542743577338327
2026,ROU,ISR,
1998,ROU,BEL,.0079921211890955
2000,ROU,BEL,-.0295109577166675
2002,ROU,BEL,-.0097438156048834
2003,ROU,BEL,-.0063733543331185
2004,ROU,BEL,-.0106823281781689
2010,ROU,BEL,-.0030054957027206
2013,ROU,BEL,-.0352960526711903
2015,ROU,BEL,-.0219119956239914
2017,ROU,BEL,-.042086151754093
2021,ROU,BEL,-.0319958389980197
2022,ROU,BEL,-.0408469162278769
2023,ROU,BEL,-.0216866966878028
2026,ROU,BEL,
1998,ROU,TUR,.0753312072929953
2000,ROU,TUR,.037828128387232
2002,ROU,TUR,.0575952704990162
2003,ROU,TUR,.0609657317707814
2004,ROU,TUR,.0566567579257315
2005,ROU,TUR,.0508135320691156
2006,ROU,TUR,.0617808169735657
2007,ROU,TUR,.0598187469376282
2008,ROU,TUR,.0461054778006361
2009,ROU,TUR,.0516873242905286
2010,ROU,TUR,.064333590401179
2012,ROU,TUR,.0269526431597968
1998,ROU,SVN,
2002,ROU,SVN,
2003,ROU,SVN,
2007,ROU,SVN,
2011,ROU,SVN,-.0878187874111341
2014,ROU,SVN,-.0924262671703128
2015,ROU,SVN,-.0975171517196164
2018,ROU,SVN,-.1050829463427636
2019,ROU,SVN,-.1046150750172385
2023,ROU,SVN,-.0972918527834283
1998,ROU,MKD,
2000,ROU,MKD,
2002,ROU,MKD,
2004,ROU,MKD,
2005,ROU,MKD,
2006,ROU,MKD,
2007,ROU,MKD,
2012,ROU,MKD,
2019,ROU,MKD,
1998,SVK,ISR,.068320777883616
2009,SVK,ISR,.0446768948811494
2010,SVK,ISR,.0573231609917996
1998,SVK,MKD,
2012,SVK,MKD,
1998,SVN,MKD,
2002,SVN,MKD,
2004,SVN,MKD,
2005,SVN,MKD,
2006,SVN,MKD,
2007,SVN,MKD,
2012,SVN,MKD,
2019,SVN,MKD,
1998,SVN,ROU,-.0276934941593087
2002,SVN,ROU,-.0454294309532873
2003,SVN,ROU,-.0420589696815227
2004,SVN,ROU,-.0463679435265732
2005,SVN,ROU,-.0522111693831886
2006,SVN,ROU,-.0412438844787387
2007,SVN,ROU,-.0432059545146758
2008,SVN,ROU,-.056919223651668
2009,SVN,ROU,-.0513373771617752
2010,SVN,ROU,-.038691111051126
2011,SVN,ROU,-.0478992466639128
2012,SVN,ROU,-.0760720582925072
2013,SVN,ROU,-.0709816680195947
2014,SVN,ROU,-.0525067264230915
2015,SVN,ROU,-.0575976109723953
2017,SVN,ROU,-.0777717671024978
2022,SVN,ROU,-.0765325315762811
1998,ESP,MKD,
2000,ESP,MKD,
2002,ESP,MKD,
2004,ESP,MKD,
2005,ESP,MKD,
2006,ESP,MKD,
2007,ESP,MKD,
2012,ESP,MKD,
2019,ESP,MKD,
1998,SWE,MKD,
2000,SWE,MKD,
2002,SWE,MKD,
2004,SWE,MKD,
2005,SWE,MKD,
2006,SWE,MKD,
2007,SWE,MKD,
2012,SWE,MKD,
2019,SWE,MKD,
1998,CHE,MKD,
2000,CHE,MKD,
2002,CHE,MKD,
2004,CHE,MKD,
2005,CHE,MKD,
2006,CHE,MKD,
2007,CHE,MKD,
2012,CHE,MKD,
2019,CHE,MKD,
1998,TUR,MKD,
2000,TUR,MKD,
2002,TUR,MKD,
2004,TUR,MKD,
2005,TUR,MKD,
2006,TUR,MKD,
2007,TUR,MKD,
2012,TUR,MKD,
1998,TUR,ROU,-.0074413294965933
2000,TUR,ROU,-.0449444084023555
2002,TUR,ROU,-.0251772662905717
2003,TUR,ROU,-.0218068050188064
2004,TUR,ROU,-.0261157788638572
2005,TUR,ROU,-.0319590047204726
2006,TUR,ROU,-.0209917198160226
2007,TUR,ROU,-.02295378985196
2008,TUR,ROU,-.0366670589889519
2009,TUR,ROU,-.0310852124990596
2010,TUR,ROU,-.0184389463884087
2011,TUR,ROU,-.0276470820011969
2012,TUR,ROU,-.0558198936297912
1998,GBR,MKD,
2000,GBR,MKD,
2002,GBR,MKD,
2004,GBR,MKD,
2005,GBR,MKD,
2006,GBR,MKD,
2007,GBR,MKD,
2012,GBR,MKD,
2019,GBR,MKD,
1999,BEL,LTU,-.0545444382408484
2002,BEL,LTU,-.0727720190617838
2006,BEL,LTU,-.0685864725872348
2007,BEL,LTU,-.0705485426231721
2009,BEL,LTU,-.0786799652702719
2011,BEL,LTU,-.0752418347724089
2012,BEL,LTU,-.1034146464010035
2013,BEL,LTU,-.0983242561280908
2015,BEL,LTU,-.0849401990808914
2016,BEL,LTU,-.0924920811789105
2018,BEL,LTU,-.0925059937040388
2021,BEL,LTU,-.0950240424549205
2022,BEL,LTU,-.1038751196847771
2023,BEL,LTU,-.0847149001447033
2024,BEL,LTU,-.0711467409761744
2025,BEL,LTU,
2026,BEL,LTU,
1999,DNK,LTU,-.0354251744160471
2001,DNK,LTU,-.0403935534118776
2002,DNK,LTU,-.0536527552369823
2006,DNK,LTU,-.0494672087624334
2007,DNK,LTU,-.0514292787983707
2009,DNK,LTU,-.0595607014454704
2011,DNK,LTU,-.0561225709476071
2012,DNK,LTU,-.0842953825762017
2013,DNK,LTU,-.0792049923032888
2015,DNK,LTU,-.06582093525609
2016,DNK,LTU,-.0733728173541087
2018,DNK,LTU,-.0733867298792368
2021,DNK,LTU,-.0759047786301192
2022,DNK,LTU,-.0847558558599752
2023,DNK,LTU,-.0655956363199017
2024,DNK,LTU,-.0520274771513729
2025,DNK,LTU,
2026,DNK,LTU,
1999,ISR,LTU,.0380067569284543
2001,ISR,LTU,.0330383779326241
2002,ISR,LTU,.0197791761075193
2006,ISR,LTU,.023964722582068
2007,ISR,LTU,.0220026525461304
2009,ISR,LTU,.0138712298990316
2011,ISR,LTU,.0173093603968942
2012,ISR,LTU,-.0108634512317003
2013,ISR,LTU,-.0057730609587875
2015,ISR,LTU,.0076109960884115
2016,ISR,LTU,.0000591139903924
2018,ISR,LTU,.000045201465264
2021,ISR,LTU,-.0024728472856179
2022,ISR,LTU,-.0113239245154743
2023,ISR,LTU,.0078362950245999
2024,ISR,LTU,.0214044541931281
2025,ISR,LTU,
2026,ISR,LTU,
1999,LTU,ISR,.0615273622006281
2001,LTU,ISR,.0565589832047981
2002,LTU,ISR,.0432997813796931
2005,LTU,ISR,.0365180429497921
2006,LTU,ISR,.0474853278542417
2008,LTU,ISR,.0318099886813131
2009,LTU,ISR,.0373918351712053
2010,LTU,ISR,.0500381012818552
2015,LTU,ISR,.0311316013605854
2016,LTU,ISR,.0235797192625661
2017,LTU,ISR,.0109574452304829
2018,LTU,ISR,.0235658067374379
2019,LTU,ISR,.0240336780629634
2021,LTU,ISR,.0210477579865559
2023,LTU,ISR,.0313569002967734
2024,LTU,ISR,.0449250594653019
2025,LTU,ISR,
2026,LTU,ISR,
1999,LTU,DNK,.0453355976882129
2001,LTU,DNK,.0403672186923826
2002,LTU,DNK,.0271080168672788
2005,LTU,DNK,.0203262784373776
2006,LTU,DNK,.0312935633418265
2008,LTU,DNK,.0156182241688979
2009,LTU,DNK,.0212000706587899
2010,LTU,DNK,.0338463367694411
2011,LTU,DNK,.0246382011566535
2012,LTU,DNK,-.0035346104719414
2013,LTU,DNK,.0015557798009713
2014,LTU,DNK,.0200307213974739
2017,LTU,DNK,-.0052343192819319
2018,LTU,DNK,.0073740422250234
2019,LTU,DNK,.0078419135505485
2025,LTU,DNK,
2026,LTU,DNK,
1999,LTU,SVN,-.0900388483166314
2001,LTU,SVN,-.0950072273124631
2002,LTU,SVN,-.1082664291375675
2007,LTU,SVN,-.1060429526989559
2011,LTU,SVN,-.1107362448481923
2014,LTU,SVN,-.1153437246073715
2015,LTU,SVN,-.1204346091566754
2018,LTU,SVN,-.1280004037798222
2019,LTU,SVN,-.1275325324542975
2023,LTU,SVN,-.120209310220487
2024,LTU,SVN,-.1066411510519583
1999,LTU,BEL,-.0144336922210071
2002,LTU,BEL,-.0326612730419416
2004,LTU,BEL,-.0335997856152274
2010,LTU,BEL,-.0259229531397799
2013,LTU,BEL,-.0582135101082492
2015,LTU,BEL,-.0448294530610501
2016,LTU,BEL,-.052381335159069
2017,LTU,BEL,-.0650036091911527
2021,LTU,BEL,-.0549132964350785
2022,LTU,BEL,-.0637643736649353
2023,LTU,BEL,-.0446041541248617
2026,LTU,BEL,
1999,LTU,TUR,.052905393882893
2001,LTU,TUR,.0479370148870615
2002,LTU,TUR,.0346778130619579
2004,LTU,TUR,.0337393004886724
2005,LTU,TUR,.0278960746320567
2006,LTU,TUR,.0388633595365065
2007,LTU,TUR,.0369012895005687
2008,LTU,TUR,.0231880203635769
2009,LTU,TUR,.0287698668534697
2010,LTU,TUR,.0414161329641203
2012,LTU,TUR,.0040351857227381
1999,SVN,LTU,-.0594755091892936
2001,SVN,LTU,-.0644438881851247
2002,SVN,LTU,-.0777030900102291
2006,SVN,LTU,-.0735175435356802
2007,SVN,LTU,-.0754796135716169
2009,SVN,LTU,-.0836110362187165
2011,SVN,LTU,-.080172905720854
2012,SVN,LTU,-.1083457173494489
2013,SVN,LTU,-.1032553270765355
2015,SVN,LTU,-.0898712700293368
2016,SVN,LTU,-.0974231521273557
2018,SVN,LTU,-.0974370646524838
2021,SVN,LTU,-.0999551134033659
2022,SVN,LTU,-.1088061906332227
2023,SVN,LTU,-.0896459710931484
2024,SVN,LTU,-.0760778119246196
2025,SVN,LTU,
1999,TUR,LTU,
2001,TUR,LTU,
2002,TUR,LTU,
2006,TUR,LTU,
2007,TUR,LTU,
2009,TUR,LTU,
2011,TUR,LTU,
2012,TUR,LTU,
2000,AUT,LVA,
2002,AUT,LVA,
2003,AUT,LVA,
2005,AUT,LVA,
2007,AUT,LVA,
2015,AUT,LVA,.0231314443363311
2016,AUT,LVA,.0155795622383118
2024,AUT,LVA,.0369249024410483
2025,AUT,LVA,
2000,AUT,MKD,
2002,AUT,MKD,
2004,AUT,MKD,
2005,AUT,MKD,
2007,AUT,MKD,
2012,AUT,MKD,
2019,AUT,MKD,
2000,BEL,LVA,.0035037535570108
2002,BEL,LVA,.0232708956687941
2003,BEL,LVA,.0266413569405597
2005,BEL,LVA,.0164891572388936
2006,BEL,LVA,.0274564421433435
2007,BEL,LVA,.0254943721074059
2008,BEL,LVA,.0117811029704142
2015,BEL,LVA,.0111027156496862
2016,BEL,LVA,.0035508335516676
2024,BEL,LVA,.0248961737544038
2025,BEL,LVA,
2000,HRV,LVA,.0199644605722941
2001,HRV,LVA,.0529908045091827
2002,HRV,LVA,.0397316026840783
2003,HRV,LVA,.0431020639558431
2005,HRV,LVA,.0329498642541773
2006,HRV,LVA,.0439171491586273
2007,HRV,LVA,.0419550791226898
2008,HRV,LVA,.0282418099856974
2016,HRV,LVA,.020011540566951
2024,HRV,LVA,.0413568807696878
2025,HRV,LVA,
2000,CYP,LVA,.0635350303579168
2002,CYP,LVA,.0833021724697005
2003,CYP,LVA,.0866726337414659
2005,CYP,LVA,.0765204340397998
2006,CYP,LVA,.0874877189442499
2007,CYP,LVA,.0855256489083127
2008,CYP,LVA,.0718123797713206
2015,CYP,LVA,.0711339924505929
2016,CYP,LVA,.0635821103525741
2024,CYP,LVA,.0849274505553104
2025,CYP,LVA,
2000,DNK,LVA,.0226230173818114
2001,DNK,LVA,.0556493613187009
2002,DNK,LVA,.0423901594935954
2005,DNK,LVA,.0356084210636955
2006,DNK,LVA,.046575705968145
2007,DNK,LVA,.0446136359322079
2008,DNK,LVA,.0309003667952156
2015,DNK,LVA,.0302219794744882
2016,DNK,LVA,.0226700973764691
2024,DNK,LVA,.0440154375792055
2025,DNK,LVA,
2000,DNK,MKD,
2002,DNK,MKD,
2004,DNK,MKD,
2005,DNK,MKD,
2006,DNK,MKD,
2007,DNK,MKD,
2012,DNK,MKD,
2019,DNK,MKD,
2000,DNK,ROU,-.0411462382918247
2002,DNK,ROU,-.0213790961800404
2004,DNK,ROU,-.0223176087533263
2005,DNK,ROU,-.0281608346099415
2006,DNK,ROU,-.017193549705492
2007,DNK,ROU,-.0191556197414288
2008,DNK,ROU,-.0328688888784213
2009,DNK,ROU,-.027287042388529
2010,DNK,ROU,-.0146407762778789
2011,DNK,ROU,-.0238489118906655
2012,DNK,ROU,-.0520217235192605
2013,DNK,ROU,-.046931333246348
2014,DNK,ROU,-.0284563916498449
2015,DNK,ROU,-.0335472761991482
2017,DNK,ROU,-.0537214323292506
2022,DNK,ROU,-.0524821968030343
2026,DNK,ROU,
2000,EST,LVA,.0251565975755261
2001,EST,LVA,.0581829415124141
2002,EST,LVA,.0449237396873108
2003,EST,LVA,.0482942009590748
2005,EST,LVA,.0381420012574084
2006,EST,LVA,.0491092861618591
2007,EST,LVA,.0471472161259212
2008,EST,LVA,.0334339469889293
2015,EST,LVA,.0327555596682023
2016,EST,LVA,.0252036775701825
2024,EST,LVA,.0465490177729195
2025,EST,LVA,
2000,FIN,LVA,.0257544287471494
2002,FIN,LVA,.0455215708589337
2005,FIN,LVA,.0387398324290326
2006,FIN,LVA,.0497071173334827
2007,FIN,LVA,.0477450472975453
2008,FIN,LVA,.0340317781605531
2015,FIN,LVA,.0333533908398254
2016,FIN,LVA,.025801508741807
2024,FIN,LVA,.0471468489445432
2025,FIN,LVA,
2000,FRA,LVA,
2001,FRA,LVA,
2002,FRA,LVA,
2003,FRA,LVA,
2005,FRA,LVA,
2006,FRA,LVA,
2007,FRA,LVA,
2008,FRA,LVA,
2015,FRA,LVA,.0526092238262498
2016,FRA,LVA,.0450573417282314
2024,FRA,LVA,.0664026819309671
2025,FRA,LVA,
2000,DEU,LVA,
2001,DEU,LVA,
2002,DEU,LVA,
2003,DEU,LVA,
2005,DEU,LVA,
2006,DEU,LVA,
2007,DEU,LVA,
2008,DEU,LVA,
2015,DEU,LVA,
2016,DEU,LVA,
2024,DEU,LVA,.0125261762227242
2025,DEU,LVA,
2000,ISL,LVA,.0854177100009086
2001,ISL,LVA,.1184440539377964
2003,ISL,LVA,.1085553133844567
2005,ISL,LVA,.0984031136827915
2006,ISL,LVA,.1093703985872409
2007,ISL,LVA,.1074083285513032
2008,ISL,LVA,.0936950594143118
2015,ISL,LVA,.0930166720935839
2016,ISL,LVA,.0854647899955653
2024,ISL,LVA,.1068101301983006
2025,ISL,LVA,
2000,ISL,MKD,
2004,ISL,MKD,
2005,ISL,MKD,
2006,ISL,MKD,
2007,ISL,MKD,
2012,ISL,MKD,
2019,ISL,MKD,
2000,IRL,LVA,.0546288498522947
2001,IRL,LVA,.0876551937891835
2003,IRL,LVA,.0777664532358441
2005,IRL,LVA,.067614253534178
2006,IRL,LVA,.0785815384386273
2007,IRL,LVA,.0766194684026903
2008,IRL,LVA,.0629061992656986
2015,IRL,LVA,.0622278119449713
2016,IRL,LVA,.0546759298469512
2024,IRL,LVA,.0760212700496877
2025,IRL,LVA,
2000,ISR,LVA,.0960549487263133
2001,ISR,LVA,.1290812926632021
2002,ISR,LVA,.1158220908380986
2003,ISR,LVA,.1191925521098626
2005,ISR,LVA,.1090403524081964
2006,ISR,LVA,.1200076373126462
2007,ISR,LVA,.1180455672767088
2008,ISR,LVA,.1043322981397168
2015,ISR,LVA,.1036539108189892
2016,ISR,LVA,.0961020287209701
2024,ISR,LVA,.1174473689237068
2025,ISR,LVA,
2000,LVA,DNK,.015451867910646
2001,LVA,DNK,.0484782118475348
2002,LVA,DNK,.0352190100224304
2005,LVA,DNK,.0284372715925294
2006,LVA,DNK,.0394045564969788
2008,LVA,DNK,.0237292173240503
2009,LVA,DNK,.0293110638139422
2010,LVA,DNK,.0419573299245923
2011,LVA,DNK,.0327491943118054
2012,LVA,DNK,.0045763826832103
2013,LVA,DNK,.0096667729561239
2014,LVA,DNK,.028141714552626
2017,LVA,DNK,.0028766738732202
2018,LVA,DNK,.0154850353801751
2019,LVA,DNK,.0159529067057002
2025,LVA,DNK,
2026,LVA,DNK,
2000,LVA,RUS,.02202713010118
2001,LVA,RUS,.0550534740380687
2002,LVA,RUS,.0417942722129643
2003,LVA,RUS,.0451647334847295
2004,LVA,RUS,.040855759639678
2005,LVA,RUS,.035012533783063
2006,LVA,RUS,.0459798186875131
2007,LVA,RUS,.0440177486515752
2008,LVA,RUS,.0303044795145825
2009,LVA,RUS,.0358863260044765
2010,LVA,RUS,.0485325921151265
2011,LVA,RUS,.0393244565023385
2012,LVA,RUS,.0111516448737434
2013,LVA,RUS,.016242035146657
2014,LVA,RUS,.0347169767431599
2015,LVA,RUS,.0296260921938558
2016,LVA,RUS,.022074210095836
2019,LVA,RUS,.0225281688962342
2021,LVA,RUS,.0195422488198271
2000,LVA,EST,.0145869722841105
2001,LVA,EST,.0476133162209996
2002,LVA,EST,.0343541143958948
2003,LVA,EST,.0377245756676606
2009,LVA,EST,.0284461681874073
2011,LVA,EST,.0318842986852701
2012,LVA,EST,.0037114870566755
2013,LVA,EST,.0088018773295885
2015,LVA,EST,.0221859343767878
2018,LVA,EST,.0146201397536413
2019,LVA,EST,.0150880110791659
2022,LVA,EST,.0032510137729024
2023,LVA,EST,.0224112333129762
2024,LVA,EST,.0359793924815044
2025,LVA,EST,
2000,LVA,DEU,-.1926186604223084
2001,LVA,DEU,-.15959231648542
2002,LVA,DEU,-.1728515183105246
2003,LVA,DEU,-.1694810570387598
2004,LVA,DEU,-.1737900308838093
2005,LVA,DEU,-.179633256740425
2006,LVA,DEU,-.168665971835975
2007,LVA,DEU,-.1706280418719123
2008,LVA,DEU,-.1843413110089047
2009,LVA,DEU,-.1787594645190122
2010,LVA,DEU,-.1661131984083623
2011,LVA,DEU,-.1753213340211491
2012,LVA,DEU,-.2034941456497442
2013,LVA,DEU,-.1984037553768312
2014,LVA,DEU,-.1799288137803281
2015,LVA,DEU,-.1850196983296323
2016,LVA,DEU,-.1925715804276515
2017,LVA,DEU,-.2051938544597342
2018,LVA,DEU,-.1925854929527795
2019,LVA,DEU,-.1921176216272542
2021,LVA,DEU,-.1951035417036612
2022,LVA,DEU,-.2039546189335176
2023,LVA,DEU,-.1847943993934437
2024,LVA,DEU,-.1712262402249154
2025,LVA,DEU,
2026,LVA,DEU,
2000,LVA,IRL,-.0241541078711522
2001,LVA,IRL,.0088722360657361
2003,LVA,IRL,-.001016504487603
2004,LVA,IRL,-.0053254783326538
2006,LVA,IRL,-.000201419284819
2007,LVA,IRL,-.0021634893207561
2010,LVA,IRL,.0023513541427952
2011,LVA,IRL,-.0068567814699926
2012,LVA,IRL,-.0350295930985875
2013,LVA,IRL,-.0299392028256747
2018,LVA,IRL,-.0241209404016234
2024,LVA,IRL,-.0027616876737591
2000,LVA,SWE,.0917449645917756
2001,LVA,SWE,.1247713085286648
2002,LVA,SWE,.1115121067035603
2003,LVA,SWE,.1148825679753253
2004,LVA,SWE,.1105735941302745
2005,LVA,SWE,.1047303682736597
2006,LVA,SWE,.1156976531781094
2007,LVA,SWE,.1137355831421721
2008,LVA,SWE,.1000223140051801
2009,LVA,SWE,.1056041604950727
2011,LVA,SWE,.1090422909929351
2012,LVA,SWE,.0808694793643399
2013,LVA,SWE,.0859598696372529
2014,LVA,SWE,.1044348112337563
2015,LVA,SWE,.0993439266844526
2016,LVA,SWE,.0917920445864328
2017,LVA,SWE,.0791697705543497
2018,LVA,SWE,.0917781320613052
2019,LVA,SWE,.0922460033868305
2021,LVA,SWE,.0892600833104228
2022,LVA,SWE,.0804090060805672
2023,LVA,SWE,.0995692256206405
2024,LVA,SWE,.1131373847891696
2025,LVA,SWE,
2026,LVA,SWE,
2000,LVA,MLT,.032204061755657
2001,LVA,MLT,.0652304056925461
2002,LVA,MLT,.0519712038674411
2003,LVA,MLT,.055341665139206
2004,LVA,MLT,.0510326912941556
2005,LVA,MLT,.04518946543754
2006,LVA,MLT,.0561567503419897
2009,LVA,MLT,.0460632576589528
2012,LVA,MLT,.0213285765282216
2013,LVA,MLT,.0264189668011344
2014,LVA,MLT,.0448939083976367
2016,LVA,MLT,.0322511417503136
2019,LVA,MLT,.0327051005507115
2021,LVA,MLT,.0297191804743042
2025,LVA,MLT,
2026,LVA,MLT,
2000,LVA,HRV,.0051529593702176
2001,LVA,HRV,.0381793033071065
2002,LVA,HRV,.0249201014820015
2003,LVA,HRV,.0282905627537668
2004,LVA,HRV,.0239815889087166
2005,LVA,HRV,.0181383630521007
2006,LVA,HRV,.0291056479565513
2008,LVA,HRV,.013430308783622
2009,LVA,HRV,.0190121552735142
2016,LVA,HRV,.0052000393648748
2017,LVA,HRV,-.007422234667208
2023,LVA,HRV,.0129772203990827
2024,LVA,HRV,.0265453795676105
2026,LVA,HRV,
2000,LVA,TUR,.0230216641053252
2001,LVA,TUR,.0560480080422145
2002,LVA,TUR,.0427888062171097
2003,LVA,TUR,.0461592674888746
2004,LVA,TUR,.0418502936438238
2005,LVA,TUR,.0360070677872082
2006,LVA,TUR,.0469743526916586
2007,LVA,TUR,.0450122826557212
2008,LVA,TUR,.0312990135187296
2009,LVA,TUR,.0368808600086219
2010,LVA,TUR,.0495271261192716
2012,LVA,TUR,.0121461788778897
2000,LVA,NOR,.0056430460490758
2001,LVA,NOR,.0386693899859656
2003,LVA,NOR,.0287806494326254
2004,LVA,NOR,.0244716755875749
2005,LVA,NOR,.0186284497309601
2006,LVA,NOR,.0295957346354091
2008,LVA,NOR,.0139203954624804
2009,LVA,NOR,.0195022419523718
2010,LVA,NOR,.032148508063024
2012,LVA,NOR,-.0052324391783597
2013,LVA,NOR,-.0001420489054467
2014,LVA,NOR,.0183328926910565
2015,LVA,NOR,.0132420081417531
2017,LVA,NOR,-.0069321479883499
2018,LVA,NOR,.0056762135186052
2019,LVA,NOR,.0061440848441311
2021,LVA,NOR,.0031581647677229
2022,LVA,NOR,-.0056929124621333
2023,LVA,NOR,.0134673070779407
2024,LVA,NOR,.0270354662464691
2025,LVA,NOR,
2026,LVA,NOR,
2000,LVA,ISL,.073777998916091
2001,LVA,ISL,.1068043428529806
2003,LVA,ISL,.0969156022996405
2004,LVA,ISL,.0926066284545898
2008,LVA,ISL,.0820553483294952
2009,LVA,ISL,.0876371948193876
2010,LVA,ISL,.1002834609300386
2011,LVA,ISL,.0910753253172507
2012,LVA,ISL,.0629025136886561
2013,LVA,ISL,.0679929039615684
2014,LVA,ISL,.0864678455580715
2019,LVA,ISL,.0742790377111461
2021,LVA,ISL,.0712931176347383
2022,LVA,ISL,.0624420404048826
2025,LVA,ISL,
2000,LVA,NLD,-.0419726446494687
2001,LVA,NLD,-.0089463007125798
2003,LVA,NLD,-.0188350412659196
2004,LVA,NLD,-.0231440151109704
2013,LVA,NLD,-.0477577396039916
2014,LVA,NLD,-.0292827980074898
2016,LVA,NLD,-.0419255646548115
2017,LVA,NLD,-.0545478386868948
2018,LVA,NLD,-.04193947717994
2019,LVA,NLD,-.0414716058544141
2021,LVA,NLD,-.0444575259308214
2022,LVA,NLD,-.0533086031606786
2025,LVA,NLD,
2000,LVA,AUT,-.0449741711038608
2002,LVA,AUT,-.0252070289920773
2003,LVA,AUT,-.0218365677203125
2004,LVA,AUT,-.0261455415653631
2011,LVA,AUT,-.0276768447027021
2014,LVA,AUT,-.0322843244618807
2015,LVA,AUT,-.0373752090111853
2016,LVA,AUT,-.0449270911092038
2017,LVA,AUT,-.0575493651412874
2018,LVA,AUT,-.0449410036343326
2023,LVA,AUT,-.0371499100749971
2024,LVA,AUT,-.0235817509064683
2025,LVA,AUT,
2026,LVA,AUT,
2000,LVA,MKD,
2002,LVA,MKD,
2004,LVA,MKD,
2005,LVA,MKD,
2006,LVA,MKD,
2007,LVA,MKD,
2012,LVA,MKD,
2019,LVA,MKD,
2000,LVA,GBR,-.1488860962991604
2001,LVA,GBR,-.1158597523622716
2002,LVA,GBR,-.1291189541873765
2003,LVA,GBR,-.1257484929156114
2004,LVA,GBR,-.1300574667606622
2005,LVA,GBR,-.1359006926172772
2006,LVA,GBR,-.1249334077128269
2007,LVA,GBR,-.1268954777487646
2008,LVA,GBR,-.1406087468857568
2009,LVA,GBR,-.1350269003958646
2010,LVA,GBR,-.1223806342852142
2011,LVA,GBR,-.1315887698980021
2012,LVA,GBR,-.1597615815265962
2013,LVA,GBR,-.1546711912536835
2014,LVA,GBR,-.1361962496571809
2015,LVA,GBR,-.1412871342064849
2016,LVA,GBR,-.1488390163045031
2017,LVA,GBR,-.1614612903365863
2018,LVA,GBR,-.1488529288296319
2019,LVA,GBR,-.1483850575041067
2021,LVA,GBR,-.151370977580513
2022,LVA,GBR,-.1602220548103692
2023,LVA,GBR,-.1410618352702958
2024,LVA,GBR,-.1274936761017669
2025,LVA,GBR,
2026,LVA,GBR,
2000,LVA,ROU,-.0366746158017788
2002,LVA,ROU,-.0169074736899961
2003,LVA,ROU,-.0135370124182305
2004,LVA,ROU,-.0178459862632804
2005,LVA,ROU,-.0236892121198959
2006,LVA,ROU,-.0127219272154462
2007,LVA,ROU,-.0146839972513835
2008,LVA,ROU,-.0283972663883757
2009,LVA,ROU,-.0228154198984836
2010,LVA,ROU,-.0101691537878323
2011,LVA,ROU,-.0193772894006204
2012,LVA,ROU,-.0475501010292147
2013,LVA,ROU,-.0424597107563019
2014,LVA,ROU,-.0239847691597993
2015,LVA,ROU,-.0290756537091031
2017,LVA,ROU,-.0492498098392056
2022,LVA,ROU,-.0480105743129885
2026,LVA,ROU,
2000,LVA,ESP,-.1180865267003579
2001,LVA,ESP,-.0850601827634697
2002,LVA,ESP,-.0983193845885738
2003,LVA,ESP,-.094948923316809
2004,LVA,ESP,-.0992578971618592
2005,LVA,ESP,-.1051011230184745
2006,LVA,ESP,-.0941338381140251
2007,LVA,ESP,-.096095908149962
2008,LVA,ESP,-.1098091772869544
2009,LVA,ESP,-.1042273307970623
2010,LVA,ESP,-.0915810646864119
2011,LVA,ESP,-.1007892002991992
2012,LVA,ESP,-.1289620119277937
2013,LVA,ESP,-.1238716216548812
2014,LVA,ESP,-.1053966800583782
2015,LVA,ESP,-.1104875646076819
2016,LVA,ESP,-.118039446705701
2017,LVA,ESP,-.1306617207377843
2018,LVA,ESP,-.1180533592308292
2019,LVA,ESP,-.1175854879053041
2021,LVA,ESP,-.1205714079817106
2022,LVA,ESP,-.1294224852115675
2023,LVA,ESP,-.1102622656714938
2024,LVA,ESP,-.0966941065029641
2025,LVA,ESP,
2000,LVA,FIN,-.0608500074461077
2002,LVA,FIN,-.0410828653343236
2006,LVA,FIN,-.0368973188597743
2007,LVA,FIN,-.0388593888957117
2008,LVA,FIN,-.0525726580327038
2009,LVA,FIN,-.0469908115428117
2011,LVA,FIN,-.0435526810449487
2013,LVA,FIN,-.0666351024006306
2014,LVA,FIN,-.0481601608041274
2018,LVA,FIN,-.0608168399765794
2021,LVA,FIN,-.0633348887274598
2022,LVA,FIN,-.072185965957317
2023,LVA,FIN,-.0530257464172427
2024,LVA,FIN,-.0394575872487144
2025,LVA,FIN,
2026,LVA,FIN,
2000,LVA,CHE,-.0444698961455283
2002,LVA,CHE,-.0247027540337441
2005,LVA,CHE,-.0314844924636452
2006,LVA,CHE,-.0205172075591949
2011,LVA,CHE,-.0271725697443695
2014,LVA,CHE,-.0317800495035482
2019,LVA,CHE,-.0439688573504741
2021,LVA,CHE,-.0469547774268811
2022,LVA,CHE,-.0558058546567377
2023,LVA,CHE,-.0366456351166636
2024,LVA,CHE,-.0230774759481344
2025,LVA,CHE,
2000,LVA,CYP,.020871544676736
2002,LVA,CYP,.0406386867885211
2003,LVA,CYP,.0440091480602854
2004,LVA,CYP,.0397001742152349
2005,LVA,CYP,.0338569483586198
2010,LVA,CYP,.0473770066906834
2012,LVA,CYP,.0099960594493014
2015,LVA,CYP,.0284705067694126
2016,LVA,CYP,.0209186246713929
2017,LVA,CYP,.0082963506393099
2018,LVA,CYP,.0209047121462653
2019,LVA,CYP,.0213725834717909
2021,LVA,CYP,.0183866633953836
2023,LVA,CYP,.028695805705601
2024,LVA,CYP,.0422639648741295
2026,LVA,CYP,
2000,LVA,ISR,.0316436324230606
2001,LVA,ISR,.0646699763599499
2002,LVA,ISR,.0514107745348452
2003,LVA,ISR,.0547812358066106
2005,LVA,ISR,.0446290361049448
2006,LVA,ISR,.0555963210093941
2008,LVA,ISR,.0399209818364647
2009,LVA,ISR,.0455028283263573
2010,LVA,ISR,.0581490944370074
2015,LVA,ISR,.0392425945157376
2016,LVA,ISR,.0316907124177179
2017,LVA,ISR,.0190684383856348
2018,LVA,ISR,.0316767998925904
2019,LVA,ISR,.0321446712181157
2021,LVA,ISR,.0291587511417081
2023,LVA,ISR,.039467893451925
2024,LVA,ISR,.0530360526204542
2025,LVA,ISR,
2026,LVA,ISR,
2000,LVA,FRA,-.1237835267394869
2001,LVA,FRA,-.0907571828025993
2002,LVA,FRA,-.1040163846277033
2003,LVA,FRA,-.1006459233559384
2004,LVA,FRA,-.1049548972009884
2005,LVA,FRA,-.110798123057604
2006,LVA,FRA,-.0998308381531543
2007,LVA,FRA,-.1017929081890915
2008,LVA,FRA,-.1155061773260829
2009,LVA,FRA,-.1099243308361916
2010,LVA,FRA,-.0972780647255407
2011,LVA,FRA,-.1064862003383282
2012,LVA,FRA,-.1346590119669229
2013,LVA,FRA,-.1295686216940094
2014,LVA,FRA,-.1110936800975073
2015,LVA,FRA,-.116184564646811
2016,LVA,FRA,-.1237364467448301
2017,LVA,FRA,-.1363587207769134
2018,LVA,FRA,-.1237503592699583
2019,LVA,FRA,-.1232824879444326
2021,LVA,FRA,-.1262684080208402
2022,LVA,FRA,-.1351194852506965
2023,LVA,FRA,-.1159592657106226
2024,LVA,FRA,-.1023911065420938
2025,LVA,FRA,
2026,LVA,FRA,
2000,LVA,BEL,-.0443174219985744
2002,LVA,BEL,-.0245502798867906
2003,LVA,BEL,-.0211798186150246
2004,LVA,BEL,-.025488792460076
2010,LVA,BEL,-.0178119599846277
2013,LVA,BEL,-.0501025169530971
2015,LVA,BEL,-.0367184599058982
2016,LVA,BEL,-.0442703420039169
2017,LVA,BEL,-.0568926160360008
2021,LVA,BEL,-.0468023032799265
2022,LVA,BEL,-.0556533805097837
2023,LVA,BEL,-.03649316096971
2026,LVA,BEL,
2000,MLT,LVA,.0486318036570388
2001,MLT,LVA,.0816581475939274
2002,MLT,LVA,.0683989457688232
2003,MLT,LVA,.0717694070405883
2005,MLT,LVA,.0616172073389223
2006,MLT,LVA,.0725844922433725
2007,MLT,LVA,.0706224222074354
2008,MLT,LVA,.0569091530704423
2015,MLT,LVA,.0562307657497149
2016,MLT,LVA,.0486788836516966
2024,MLT,LVA,.0700242238544322
2025,MLT,LVA,
2000,NLD,LVA,
2001,NLD,LVA,
2003,NLD,LVA,
2005,NLD,LVA,
2006,NLD,LVA,
2007,NLD,LVA,
2008,NLD,LVA,.0090512464202716
2015,NLD,LVA,.0083728590995439
2016,NLD,LVA,.0008209770015249
2024,NLD,LVA,.022166317204261
2025,NLD,LVA,
2000,MKD,DNK,
2002,MKD,DNK,
2005,MKD,DNK,
2006,MKD,DNK,
2008,MKD,DNK,
2009,MKD,DNK,
2010,MKD,DNK,
2011,MKD,DNK,
2012,MKD,DNK,
2013,MKD,DNK,
2014,MKD,DNK,
2017,MKD,DNK,
2018,MKD,DNK,
2019,MKD,DNK,
2000,MKD,RUS,
2002,MKD,RUS,
2004,MKD,RUS,
2005,MKD,RUS,
2006,MKD,RUS,
2007,MKD,RUS,
2008,MKD,RUS,
2009,MKD,RUS,
2010,MKD,RUS,
2011,MKD,RUS,
2012,MKD,RUS,
2013,MKD,RUS,
2014,MKD,RUS,
2015,MKD,RUS,
2016,MKD,RUS,
2019,MKD,RUS,
2021,MKD,RUS,
2000,MKD,LVA,
2002,MKD,LVA,
2005,MKD,LVA,
2006,MKD,LVA,
2007,MKD,LVA,
2008,MKD,LVA,
2015,MKD,LVA,
2016,MKD,LVA,
2000,MKD,ISL,
2004,MKD,ISL,
2008,MKD,ISL,
2009,MKD,ISL,
2010,MKD,ISL,
2011,MKD,ISL,
2012,MKD,ISL,
2013,MKD,ISL,
2014,MKD,ISL,
2019,MKD,ISL,
2021,MKD,ISL,
2022,MKD,ISL,
2000,MKD,AUT,
2002,MKD,AUT,
2004,MKD,AUT,
2011,MKD,AUT,
2014,MKD,AUT,
2015,MKD,AUT,
2016,MKD,AUT,
2017,MKD,AUT,
2018,MKD,AUT,
2000,NOR,LVA,.0307889741789285
2001,NOR,LVA,.0638153181158175
2003,NOR,LVA,.0539265775624781
2005,NOR,LVA,.0437743778608113
2006,NOR,LVA,.0547416627652615
2007,NOR,LVA,.0527795927293247
2008,NOR,LVA,.0390663235923325
2015,NOR,LVA,.038387936271605
2016,NOR,LVA,.0308360541735864
2024,NOR,LVA,.0521813943763221
2025,NOR,LVA,
2000,ROU,DNK,.0302583321925528
2002,ROU,DNK,.0500254743043373
2005,ROU,DNK,.043243735874437
2006,ROU,DNK,.0542110207788865
2008,ROU,DNK,.0385356816059569
2009,ROU,DNK,.0441175280958491
2010,ROU,DNK,.0567637942065
2011,ROU,DNK,.0475556585937123
2012,ROU,DNK,.0193828469651174
2013,ROU,DNK,.0244732372380303
2014,ROU,DNK,.0429481788345334
2017,ROU,DNK,.0176831381551267
2018,ROU,DNK,.0302914996620824
2019,ROU,DNK,.0307593709876076
2026,ROU,DNK,
2000,ROU,LVA,
2002,ROU,LVA,
2003,ROU,LVA,
2005,ROU,LVA,
2006,ROU,LVA,
2007,ROU,LVA,
2008,ROU,LVA,.050178453567168
2015,ROU,LVA,.0495000662464409
2000,RUS,LVA,.0082339118856984
2001,RUS,LVA,.0412602558225871
2002,RUS,LVA,.0280010539974822
2003,RUS,LVA,.0313715152692476
2005,RUS,LVA,.0212193155675812
2006,RUS,LVA,.0321866004720314
2007,RUS,LVA,.0302245304360941
2008,RUS,LVA,.0165112612991024
2015,RUS,LVA,.0158328739783743
2016,RUS,LVA,.0082809918803556
2000,RUS,MKD,
2002,RUS,MKD,
2004,RUS,MKD,
2005,RUS,MKD,
2006,RUS,MKD,
2007,RUS,MKD,
2012,RUS,MKD,
2019,RUS,MKD,
2000,ESP,LVA,
2001,ESP,LVA,
2002,ESP,LVA,
2003,ESP,LVA,
2005,ESP,LVA,
2006,ESP,LVA,
2007,ESP,LVA,
2008,ESP,LVA,
2015,ESP,LVA,
2016,ESP,LVA,
2024,ESP,LVA,
2025,ESP,LVA,
2000,SWE,LVA,.0193475385401604
2001,SWE,LVA,.0523738824770476
2002,SWE,LVA,.0391146806519428
2003,SWE,LVA,.0424851419237082
2005,SWE,LVA,.0323329422220424
2006,SWE,LVA,.0433002271264922
2007,SWE,LVA,.0413381570905547
2008,SWE,LVA,.0276248879535629
2015,SWE,LVA,.0269465006328352
2016,SWE,LVA,.0193946185348162
2024,SWE,LVA,.0407399587375523
2025,SWE,LVA,
2000,CHE,LVA,
2002,CHE,LVA,
2005,CHE,LVA,
2006,CHE,LVA,
2007,CHE,LVA,
2008,CHE,LVA,
2015,CHE,LVA,.0125096483260521
2016,CHE,LVA,.0049577662280337
2024,CHE,LVA,.026303106430769
2025,CHE,LVA,
2000,TUR,LVA,
2001,TUR,LVA,
2002,TUR,LVA,
2003,TUR,LVA,
2005,TUR,LVA,
2006,TUR,LVA,
2007,TUR,LVA,
2008,TUR,LVA,
2000,GBR,LVA,
2001,GBR,LVA,
2002,GBR,LVA,
2003,GBR,LVA,
2005,GBR,LVA,
2006,GBR,LVA,
2007,GBR,LVA,
2008,GBR,LVA,
2015,GBR,LVA,.0394428583291723
2016,GBR,LVA,.0318909762311533
2024,GBR,LVA,.05323631643389
2025,GBR,LVA,
2001,BIH,LVA,
2002,BIH,LVA,
2003,BIH,LVA,
2005,BIH,LVA,
2006,BIH,LVA,
2007,BIH,LVA,
2008,BIH,LVA,
2016,BIH,LVA,
2001,GRC,LVA,.0936819105418295
2002,GRC,LVA,.0804227087167261
2003,GRC,LVA,.0837931699884897
2005,GRC,LVA,.073640970286824
2006,GRC,LVA,.0846082551912741
2007,GRC,LVA,.0826461851553358
2008,GRC,LVA,.0689329160183448
2015,GRC,LVA,.0682545286976172
2016,GRC,LVA,.0607026465995976
2024,GRC,LVA,.0820479868023337
2025,GRC,LVA,
2001,LVA,GRC,.0558112721717557
2002,LVA,GRC,.0425520703466517
2003,LVA,GRC,.0459225316184164
2004,LVA,GRC,.0416135577733662
2005,LVA,GRC,.0357703319167506
2006,LVA,GRC,.0467376168212004
2007,LVA,GRC,.0447755467852627
2008,LVA,GRC,.0310622776482714
2009,LVA,GRC,.0366441241381636
2010,LVA,GRC,.0492903902488143
2011,LVA,GRC,.0400822546360266
2012,LVA,GRC,.0119094430074322
2013,LVA,GRC,.0169998332803442
2014,LVA,GRC,.0354747748768467
2015,LVA,GRC,.0303838903275437
2017,LVA,GRC,.0102097341974411
2019,LVA,GRC,.0232859670299214
2021,LVA,GRC,.0203000469535149
2022,LVA,GRC,.0114489697236573
2024,LVA,GRC,.0441773484322605
2025,LVA,GRC,
2026,LVA,GRC,
2001,LVA,SVN,-.086896234157311
2002,LVA,SVN,-.1001554359824153
2003,LVA,SVN,-.0967849747106506
2007,LVA,SVN,-.0979319595438039
2011,LVA,SVN,-.1026252516930405
2014,LVA,SVN,-.10723273145222
2015,LVA,SVN,-.1123236160015233
2018,LVA,SVN,-.1198894106246707
2019,LVA,SVN,-.1194215392991458
2023,LVA,SVN,-.1120983170653348
2024,LVA,SVN,-.0985301578968061
2001,LVA,LTU,-.0359219309218315
2002,LVA,LTU,-.0491811327469371
2006,LVA,LTU,-.0449955862723884
2007,LVA,LTU,-.046957656308326
2009,LVA,LTU,-.0550890789554249
2011,LVA,LTU,-.051650948457562
2012,LVA,LTU,-.0798237600861562
2013,LVA,LTU,-.0747333698132436
2015,LVA,LTU,-.0613493127660444
2016,LVA,LTU,-.0689011948640636
2018,LVA,LTU,-.0689151073891919
2021,LVA,LTU,-.0714331561400727
2022,LVA,LTU,-.0802842333699292
2023,LVA,LTU,-.0611240138298556
2024,LVA,LTU,-.0475558546613282
2025,LVA,LTU,
2026,LVA,LTU,
2001,LVA,BIH,.0554694169300039
2002,LVA,BIH,.0422102151048985
2003,LVA,BIH,.0455806763766645
2004,LVA,BIH,.0412717025316134
2005,LVA,BIH,.0354284766749981
2006,LVA,BIH,.0463957615794481
2007,LVA,BIH,.0444336915435106
2008,LVA,BIH,.0307204224065187
2009,LVA,BIH,
2010,LVA,BIH,.0489485350070616
2011,LVA,BIH,.0397403993942741
2012,LVA,BIH,.0115675877656803
2001,LVA,PRT,.0271793535223186
2003,LVA,PRT,.0172906129689789
2008,LVA,PRT,.0024303589988336
2009,LVA,PRT,.0080122054887259
2010,LVA,PRT,.020658471599377
2017,LVA,PRT,-.0184221844519968
2018,LVA,PRT,-.0058138229450412
2021,LVA,PRT,-.0083318716959233
2022,LVA,PRT,-.0171829489257805
2023,LVA,PRT,.0019772706142943
2024,LVA,PRT,.0155454297828229
2025,LVA,PRT,
2001,LVA,POL,-.1189518652225478
2003,LVA,POL,-.1288406057758874
2004,LVA,POL,-.1331495796209375
2008,LVA,POL,-.1437008597460324
2014,LVA,POL,-.1392883625174557
2015,LVA,POL,-.1443792470667598
2016,LVA,POL,-.1519311291647792
2017,LVA,POL,-.1645534031968627
2022,LVA,POL,-.1633141676706455
2023,LVA,POL,-.1441539481305719
2025,LVA,POL,
2026,LVA,POL,
2001,LTU,LVA,.0520099906535935
2002,LTU,LVA,.0387507888284919
2005,LTU,LVA,.0319690503985898
2006,LTU,LVA,.0429363353030384
2007,LTU,LVA,.040974265267101
2008,LTU,LVA,.0272609961301096
2015,LTU,LVA,.0265826088093828
2016,LTU,LVA,.0190307267113628
2024,LTU,LVA,.040376066914099
2025,LTU,LVA,
2001,POL,LVA,.0428968608274046
2003,POL,LVA,.033008120274065
2005,POL,LVA,.022855920572399
2006,POL,LVA,.0338232054768491
2007,POL,LVA,.0318611354409112
2008,POL,LVA,.0181478663039198
2015,POL,LVA,.0174694789831934
2016,POL,LVA,.0099175968851733
2024,POL,LVA,.0312629370879094
2025,POL,LVA,
2001,PRT,LVA,.1151058667541961
2003,PRT,LVA,.1052171262008565
2005,PRT,LVA,.095064926499191
2006,PRT,LVA,.1060322114036402
2007,PRT,LVA,.1040701413677032
2008,PRT,LVA,.090356872230711
2015,PRT,LVA,.0896784849099835
2024,PRT,LVA,.1034719430147005
2025,PRT,LVA,
2001,SVN,LVA,.0315990265454542
2002,SVN,LVA,.0183398247203491
2003,SVN,LVA,.0217102859921144
2005,SVN,LVA,.0115580862904475
2006,SVN,LVA,.0225253711948984
2007,SVN,LVA,.0205633011589613
2008,SVN,LVA,.0068500320219692
2015,SVN,LVA,.006171644701241
2016,SVN,LVA,-.0013802373967772
2024,SVN,LVA,.0199651028059587
2025,SVN,LVA,
2002,BIH,MKD,
2004,BIH,MKD,
2005,BIH,MKD,
2006,BIH,MKD,
2007,BIH,MKD,
2012,BIH,MKD,
2002,LTU,MKD,
2004,LTU,MKD,
2005,LTU,MKD,
2006,LTU,MKD,
2007,LTU,MKD,
2012,LTU,MKD,
2019,LTU,MKD,
2002,MKD,BIH,
2004,MKD,BIH,
2005,MKD,BIH,
2006,MKD,BIH,
2007,MKD,BIH,
2008,MKD,BIH,
2009,MKD,BIH,
2010,MKD,BIH,
2011,MKD,BIH,
2012,MKD,BIH,
2002,MKD,LTU,
2006,MKD,LTU,
2007,MKD,LTU,
2009,MKD,LTU,
2011,MKD,LTU,
2012,MKD,LTU,
2013,MKD,LTU,
2015,MKD,LTU,
2016,MKD,LTU,
2018,MKD,LTU,
2021,MKD,LTU,
2022,MKD,LTU,
2003,AUT,UKR,.0969891425382781
2004,AUT,UKR,.0926801686932281
2005,AUT,UKR,.0868369428366126
2007,AUT,UKR,.0958421577051249
2011,AUT,UKR,.0911488655558886
2012,AUT,UKR,.0629760539272934
2013,AUT,UKR,.0680664442002062
2014,AUT,UKR,.0865413857967088
2016,AUT,UKR,.0738986191493858
2017,AUT,UKR,.061276345117304
2018,AUT,UKR,.0738847066242585
2021,AUT,UKR,.0713666578733764
2022,AUT,UKR,.0625155806435193
2023,AUT,UKR,.0816758001835934
2024,AUT,UKR,.0952439593521222
2025,AUT,UKR,
2026,AUT,UKR,
2003,BEL,UKR,.0849604138516332
2004,BEL,UKR,.0806514400065834
2005,BEL,UKR,.074808214149968
2006,BEL,UKR,.0857754990544175
2007,BEL,UKR,.0838134290184795
2008,BEL,UKR,.0701001598814885
2009,BEL,UKR,.0756820063713813
2010,BEL,UKR,.0883282724820311
2011,BEL,UKR,.0791201368692438
2012,BEL,UKR,.0509473252406488
2013,BEL,UKR,.0560377155135615
2014,BEL,UKR,.0745126571100647
2016,BEL,UKR,.0618698904627416
2017,BEL,UKR,.0492476164306588
2018,BEL,UKR,.0618559779376137
2021,BEL,UKR,.0593379291867312
2022,BEL,UKR,.0504868519568754
2023,BEL,UKR,.0696470714969493
2024,BEL,UKR,.083215230665478
2025,BEL,UKR,
2026,BEL,UKR,
2003,BIH,UKR,
2004,BIH,UKR,
2005,BIH,UKR,
2006,BIH,UKR,
2007,BIH,UKR,
2008,BIH,UKR,
2009,BIH,UKR,
2010,BIH,UKR,
2011,BIH,UKR,
2012,BIH,UKR,
2016,BIH,UKR,
2003,HRV,UKR,.1014211208669171
2004,HRV,UKR,.0971121470218669
2005,HRV,UKR,.091268921165252
2006,HRV,UKR,.1022362060697013
2007,HRV,UKR,.1002741360337639
2008,HRV,UKR,.0865608668967721
2009,HRV,UKR,.092142713386664
2010,HRV,UKR,.1047889794973153
2011,HRV,UKR,.0955808438845269
2012,HRV,UKR,.0674080322559331
2013,HRV,UKR,.0724984225288466
2016,HRV,UKR,.0783305974780255
2017,HRV,UKR,.0657083234459418
2018,HRV,UKR,.0783166849528969
2021,HRV,UKR,.0757986362020152
2022,HRV,UKR,.0669475589721599
2023,HRV,UKR,.0861077785122333
2024,HRV,UKR,.0996759376807617
2025,HRV,UKR,
2026,HRV,UKR,
2003,CYP,UKR,.1449916906525409
2004,CYP,UKR,.1406827168074893
2005,CYP,UKR,.1348394909508743
2006,CYP,UKR,.1458067758553237
2007,CYP,UKR,.1438447058193872
2008,CYP,UKR,.1301314366823947
2009,CYP,UKR,.1357132831722875
2010,CYP,UKR,.1483595492829374
2011,CYP,UKR,.1391514136701499
2012,CYP,UKR,.110978602041556
2013,CYP,UKR,.1160689923144679
2016,CYP,UKR,.1219011672636484
2017,CYP,UKR,.1092788932315653
2018,CYP,UKR,.1218872547385207
2021,CYP,UKR,.1193692059876386
2022,CYP,UKR,.110518128757782
2023,CYP,UKR,.1296783482978555
2024,CYP,UKR,.1432465074663845
2025,CYP,UKR,
2026,CYP,UKR,
2003,EST,UKR,.1066132578701491
2004,EST,UKR,.1023042840250993
2005,EST,UKR,.0964610581684837
2006,EST,UKR,.1074283430729328
2007,EST,UKR,.1054662730369963
2008,EST,UKR,.0917530039000039
2009,EST,UKR,.0973348503898963
2010,EST,UKR,.1099811165005463
2011,EST,UKR,.1007729808877592
2012,EST,UKR,.0726001692591646
2013,EST,UKR,.0776905595320765
2014,EST,UKR,.0961655011285806
2016,EST,UKR,.0835227344812567
2017,EST,UKR,.0709004604491743
2018,EST,UKR,.0835088219561296
2021,EST,UKR,.0809907732052473
2022,EST,UKR,.0721396959753904
2023,EST,UKR,.0912999155154647
2024,EST,UKR,.104868074683994
2025,EST,UKR,
2026,EST,UKR,
2003,FRA,UKR,.1264669220281969
2004,FRA,UKR,.1221579481831472
2005,FRA,UKR,.116314722326531
2006,FRA,UKR,.1272820072309807
2007,FRA,UKR,.1253199371950436
2008,FRA,UKR,.1116066680580515
2009,FRA,UKR,.1171885145479445
2010,FRA,UKR,.1298347806585951
2011,FRA,UKR,.1206266450458071
2012,FRA,UKR,.0924538334172127
2013,FRA,UKR,.0975442236901248
2014,FRA,UKR,.1160191652866283
2016,FRA,UKR,.1033763986393052
2017,FRA,UKR,.0907541246072223
2018,FRA,UKR,.1033624861141771
2021,FRA,UKR,.1008444373632958
2022,FRA,UKR,.0919933601334391
2023,FRA,UKR,.1111535796735128
2024,FRA,UKR,.1247217388420419
2025,FRA,UKR,
2026,FRA,UKR,
2003,DEU,UKR,.0725904163199535
2004,DEU,UKR,.0682814424749035
2005,DEU,UKR,.0624382166182881
2006,DEU,UKR,.0734055015227382
2007,DEU,UKR,.0714434314868005
2008,DEU,UKR,.0577301623498085
2009,DEU,UKR,.0633120088397008
2010,DEU,UKR,.0759582749503515
2011,DEU,UKR,.0667501393375636
2012,DEU,UKR,.0385773277089695
2013,DEU,UKR,.0436677179818813
2014,DEU,UKR,.0621426595783852
2016,DEU,UKR,.0494998929310623
2017,DEU,UKR,.0368776188989787
2018,DEU,UKR,.0494859804059343
2021,DEU,UKR,.0469679316550517
2022,DEU,UKR,.0381168544251968
2023,DEU,UKR,.0572770739652692
2024,DEU,UKR,.0708452331337978
2025,DEU,UKR,
2026,DEU,UKR,
2003,GRC,UKR,.142112226899564
2004,GRC,UKR,.1378032530545126
2005,GRC,UKR,.1319600271978984
2006,GRC,UKR,.1429273121023474
2007,GRC,UKR,.1409652420664101
2008,GRC,UKR,.1272519729294182
2009,GRC,UKR,.132833819419311
2010,GRC,UKR,.1454800855299622
2011,GRC,UKR,.1362719499171735
2012,GRC,UKR,.108099138288579
2013,GRC,UKR,.1131895285614917
2014,GRC,UKR,.131664470157995
2016,GRC,UKR,.1190217035106726
2017,GRC,UKR,.1063994294785889
2018,GRC,UKR,.1190077909855443
2021,GRC,UKR,.1164897422346624
2022,GRC,UKR,.1076386650048059
2023,GRC,UKR,.1267988845448796
2024,GRC,UKR,.140367043713408
2025,GRC,UKR,
2026,GRC,UKR,
2003,ISL,UKR,.1668743702955311
2004,ISL,UKR,.1625653964504815
2005,ISL,UKR,.1567221705938653
2006,ISL,UKR,.1676894554983151
2007,ISL,UKR,.1657273854623779
2008,ISL,UKR,.1520141163253861
2009,ISL,UKR,.1575959628152787
2010,ISL,UKR,.1702422289259291
2011,ISL,UKR,.1610340933131413
2012,ISL,UKR,.1328612816845465
2013,ISL,UKR,.1379516719574588
2014,ISL,UKR,.1564266135539621
2016,ISL,UKR,.1437838469066393
2017,ISL,UKR,.1311615728745566
2018,ISL,UKR,.1437699343815119
2021,ISL,UKR,.1412518856306288
2022,ISL,UKR,.1324008084007733
2023,ISL,UKR,.1515610279408464
2024,ISL,UKR,.1651291871093754
2025,ISL,UKR,
2003,IRL,UKR,.1360855101469171
2004,IRL,UKR,.1317765363018666
2005,IRL,UKR,.1259333104452519
2006,IRL,UKR,.1369005953497016
2007,IRL,UKR,.1349385253137643
2008,IRL,UKR,.1212252561767727
2009,IRL,UKR,.1268071026666653
2010,IRL,UKR,.1394533687773153
2011,IRL,UKR,.1302452331645275
2012,IRL,UKR,.1020724215359329
2013,IRL,UKR,.1071628118088463
2014,IRL,UKR,.1256377534053486
2016,IRL,UKR,.1129949867580259
2017,IRL,UKR,.1003727127259427
2018,IRL,UKR,.112981074232898
2021,IRL,UKR,.1104630254820158
2022,IRL,UKR,.1016119482521601
2023,IRL,UKR,.1207721677922332
2024,IRL,UKR,.134340326960762
2025,IRL,UKR,
2003,ISR,UKR,.1775116090209365
2004,ISR,UKR,.1732026351758862
2005,ISR,UKR,.1673594093192706
2006,ISR,UKR,.1783266942237205
2007,ISR,UKR,.1763646241877818
2008,ISR,UKR,.1626513550507903
2009,ISR,UKR,.1682332015406838
2010,ISR,UKR,.1808794676513343
2011,ISR,UKR,.1716713320385473
2012,ISR,UKR,.1434985204099516
2013,ISR,UKR,.1485889106828636
2014,ISR,UKR,.1670638522793678
2016,ISR,UKR,.154421085632044
2017,ISR,UKR,.1417988115999622
2018,ISR,UKR,.1544071731069168
2021,ISR,UKR,.1518891243560346
2022,ISR,UKR,.1430380471261786
2023,ISR,UKR,.1621982666662519
2024,ISR,UKR,.1757664258347814
2025,ISR,UKR,
2026,ISR,UKR,
2003,LVA,UKR,.1085513001664804
2004,LVA,UKR,.1042423263214296
2005,LVA,UKR,.0983991004648149
2006,LVA,UKR,.1093663853692645
2007,LVA,UKR,.1074043153333268
2008,LVA,UKR,.0936910461963348
2009,LVA,UKR,.099272892686228
2010,LVA,UKR,.1119191587968781
2011,LVA,UKR,.102711023184091
2012,LVA,UKR,.0745382115554959
2013,LVA,UKR,.0796286018284089
2014,LVA,UKR,.0981035434249112
2016,LVA,UKR,.085460776777589
2017,LVA,UKR,.072838502745506
2018,LVA,UKR,.0854468642524612
2021,LVA,UKR,.0829288155015797
2022,LVA,UKR,.0740777382717229
2023,LVA,UKR,.0932379578117961
2024,LVA,UKR,.1068061169803247
2025,LVA,UKR,
2026,LVA,UKR,
2003,MLT,UKR,.1300884639516617
2004,MLT,UKR,.1257794901066121
2005,MLT,UKR,.1199362642499966
2006,MLT,UKR,.1309035491544468
2007,MLT,UKR,.1289414791185089
2008,MLT,UKR,.1152282099815172
2009,MLT,UKR,.1208100564714089
2010,MLT,UKR,.1334563225820592
2011,MLT,UKR,.1242481869692719
2012,MLT,UKR,.0960753753406771
2013,MLT,UKR,.1011657656135889
2014,MLT,UKR,.1196407072100933
2016,MLT,UKR,.1069979405627708
2017,MLT,UKR,.0943756665306877
2018,MLT,UKR,.1069840280376427
2021,MLT,UKR,.1044659792867605
2022,MLT,UKR,.095614902056904
2023,MLT,UKR,.1147751215969778
2024,MLT,UKR,.1283432807655063
2025,MLT,UKR,
2026,MLT,UKR,
2003,NLD,UKR,.0822305573014912
2004,NLD,UKR,.0779215834564396
2005,NLD,UKR,.0720783575998259
2006,NLD,UKR,.0830456425042749
2007,NLD,UKR,.0810835724683375
2008,NLD,UKR,.067370303331346
2009,NLD,UKR,.0729521498212382
2010,NLD,UKR,.0855984159318887
2011,NLD,UKR,.0763902803191011
2012,NLD,UKR,.0482174686905066
2013,NLD,UKR,.0533078589634191
2014,NLD,UKR,.0717828005599228
2016,NLD,UKR,.0591400339125988
2017,NLD,UKR,.0465177598805159
2018,NLD,UKR,.0591261213874712
2021,NLD,UKR,.0566080726365891
2022,NLD,UKR,.0477569954067324
2023,NLD,UKR,.0669172149468072
2024,NLD,UKR,.0804853741153356
2025,NLD,UKR,
2003,NOR,UKR,.1122456344735525
2004,NOR,UKR,.1079366606285007
2005,NOR,UKR,.1020934347718868
2006,NOR,UKR,.1130607196763357
2007,NOR,UKR,.1110986496403993
2008,NOR,UKR,.0973853805034072
2009,NOR,UKR,.1029672269932992
2010,NOR,UKR,.1156134931039504
2011,NOR,UKR,.1064053574911624
2012,NOR,UKR,.0782325458625677
2013,NOR,UKR,.0833229361354802
2014,NOR,UKR,.1017978777319835
2016,NOR,UKR,.0891551110846604
2017,NOR,UKR,.0765328370525774
2018,NOR,UKR,.0891411985595326
2021,NOR,UKR,.0866231498086505
2022,NOR,UKR,.0777720725787941
2023,NOR,UKR,.0969322921188676
2024,NOR,UKR,.1105004512873956
2025,NOR,UKR,
2026,NOR,UKR,
2003,POL,UKR,.091327177185139
2004,POL,UKR,.0870182033400901
2005,POL,UKR,.0811749774834744
2006,POL,UKR,.0921422623879234
2007,POL,UKR,.0901801923519862
2008,POL,UKR,.0764669232149935
2009,POL,UKR,.082048769704886
2010,POL,UKR,.0946950358155366
2011,POL,UKR,.0854869002027484
2014,POL,UKR,.0808794204435703
2016,POL,UKR,.0682366537962481
2017,POL,UKR,.0556143797641642
2018,POL,UKR,.0682227412711187
2021,POL,UKR,.0657046925202372
2022,POL,UKR,.0568536152903821
2023,POL,UKR,.0760138348304546
2024,POL,UKR,.0895819939989843
2025,POL,UKR,
2026,POL,UKR,
2003,PRT,UKR,.1635361831119299
2004,PRT,UKR,.1592272092668801
2005,PRT,UKR,.1533839834102646
2006,PRT,UKR,.1643512683147147
2007,PRT,UKR,.1623891982787765
2008,PRT,UKR,.1486759291417844
2009,PRT,UKR,.1542577756316771
2010,PRT,UKR,.1669040417423279
2011,PRT,UKR,.1576959061295408
2012,PRT,UKR,.1295230945009458
2014,PRT,UKR,.1530884263703616
2017,PRT,UKR,.1278233856909553
2018,PRT,UKR,.1404317471979112
2021,PRT,UKR,.1379136984470289
2022,PRT,UKR,.1290626212171722
2023,PRT,UKR,.1482228407572462
2024,PRT,UKR,.1617909999257747
2025,PRT,UKR,
2026,PRT,UKR,
2003,ROU,UKR,.1233577644483877
2004,ROU,UKR,.1190487906033374
2005,ROU,UKR,.1132055647467219
2006,ROU,UKR,.1241728496511718
2007,ROU,UKR,.1222107796152344
2008,ROU,UKR,.1084975104782428
2009,ROU,UKR,.1140793569681347
2010,ROU,UKR,.1267256230787858
2011,ROU,UKR,.1175174874659971
2012,ROU,UKR,.0893446758374027
2013,ROU,UKR,.094435066110316
2014,ROU,UKR,.1129100077068186
2017,ROU,UKR,.0876449670274124
2018,ROU,UKR,.1002533285343676
2021,ROU,UKR,.0977352797834855
2022,ROU,UKR,.0888842025536302
2023,ROU,UKR,.1080444220937027
2026,ROU,UKR,
2003,RUS,UKR,.0896905721803218
2004,RUS,UKR,.0853815983352721
2005,RUS,UKR,.0795383724786555
2006,RUS,UKR,.0905056573831056
2007,RUS,UKR,.0885435873471679
2008,RUS,UKR,.0748303182101762
2009,RUS,UKR,.0804121647000691
2010,RUS,UKR,.0930584308107184
2011,RUS,UKR,.0838502951979317
2012,RUS,UKR,.0556774835693362
2013,RUS,UKR,.0607678738422505
2014,RUS,UKR,.0792428154387523
2016,RUS,UKR,.0666000487914297
2018,RUS,UKR,.0665861362663017
2021,RUS,UKR,.0640680875154192
2003,SVN,UKR,.0800293429031882
2004,SVN,UKR,.0757203690581371
2005,SVN,UKR,.0698771432015224
2006,SVN,UKR,.0808444281059716
2007,SVN,UKR,.0788823580700349
2008,SVN,UKR,.0651690889330428
2009,SVN,UKR,.0707509354229353
2010,SVN,UKR,.0833972015335861
2011,SVN,UKR,.0741890659207982
2012,SVN,UKR,.0460162542922037
2013,SVN,UKR,.0511066445651167
2014,SVN,UKR,.0695815861616196
2016,SVN,UKR,.0569388195142961
2017,SVN,UKR,.0443165454822133
2018,SVN,UKR,.056924906989169
2021,SVN,UKR,.0544068582382866
2022,SVN,UKR,.0455557810084298
2023,SVN,UKR,.0647160005485043
2024,SVN,UKR,.078284159717033
2025,SVN,UKR,
2003,ESP,UKR,.1464258946339227
2004,ESP,UKR,.1421169207888721
2005,ESP,UKR,.1362736949322578
2006,ESP,UKR,.1472409798367073
2007,ESP,UKR,.1452789098007695
2008,ESP,UKR,.1315656406637775
2009,ESP,UKR,.1371474871536702
2010,ESP,UKR,.1497937532643211
2011,ESP,UKR,.1405856176515333
2012,ESP,UKR,.1124128060229387
2013,ESP,UKR,.1175031962958507
2014,ESP,UKR,.1359781378923541
2016,ESP,UKR,.1233353712450313
2017,ESP,UKR,.1107130972129482
2018,ESP,UKR,.1233214587199035
2021,ESP,UKR,.1208034099690212
2022,ESP,UKR,.1119523327391646
2023,ESP,UKR,.1311125522792388
2024,ESP,UKR,.1446807114477673
2025,ESP,UKR,
2003,SWE,UKR,.1008041988347821
2004,SWE,UKR,.0964952249897317
2005,SWE,UKR,.0906519991331159
2006,SWE,UKR,.1016192840375665
2007,SWE,UKR,.0996572140016289
2008,SWE,UKR,.0859439448646371
2009,SWE,UKR,.0915257913545297
2010,SWE,UKR,.1041720574651798
2011,SWE,UKR,.0949639218523922
2012,SWE,UKR,.0667911102237974
2013,SWE,UKR,.0718815004967108
2014,SWE,UKR,.0903564420932133
2016,SWE,UKR,.0777136754458907
2017,SWE,UKR,.0650914014138076
2018,SWE,UKR,.0776997629207627
2021,SWE,UKR,.0751817141698808
2022,SWE,UKR,.0663306369400234
2023,SWE,UKR,.0854908564800975
2024,SWE,UKR,.0990590156486263
2025,SWE,UKR,
2026,SWE,UKR,
2003,TUR,UKR,.1002815075659043
2004,TUR,UKR,.0959725337208544
2005,TUR,UKR,.0901293078642383
2006,TUR,UKR,.101096592768688
2007,TUR,UKR,.0991345227327511
2008,TUR,UKR,.0854212535957588
2009,TUR,UKR,.0910031000856519
2010,TUR,UKR,.1036493661963024
2011,TUR,UKR,.094441230583514
2012,TUR,UKR,.0662684189549194
2003,UKR,TUR,.0422780822221522
2004,UKR,TUR,.0379691083771025
2005,UKR,TUR,.0321258825204866
2006,UKR,TUR,.0430931674249366
2007,UKR,TUR,.0411310973889994
2008,UKR,TUR,.0274178282520075
2009,UKR,TUR,.0329996747419
2010,UKR,TUR,.0456459408525498
2012,UKR,TUR,.0082649936111679
2003,UKR,BEL,
2004,UKR,BEL,
2010,UKR,BEL,
2013,UKR,BEL,
2016,UKR,BEL,
2017,UKR,BEL,
2021,UKR,BEL,
2022,UKR,BEL,
2023,UKR,BEL,
2026,UKR,BEL,
2003,UKR,RUS,.0412835482180072
2004,UKR,RUS,.0369745743729569
2005,UKR,RUS,.031131348516342
2006,UKR,RUS,.0420986334207915
2007,UKR,RUS,.0401365633848536
2008,UKR,RUS,.0264232942478611
2009,UKR,RUS,.0320051407377544
2010,UKR,RUS,.0446514068484047
2011,UKR,RUS,.0354432712356177
2012,UKR,RUS,.0072704596070226
2013,UKR,RUS,.0123608498799349
2014,UKR,RUS,.0308357914764381
2016,UKR,RUS,.0181930248291158
2021,UKR,RUS,.0156610635531054
2003,UKR,NOR,
2004,UKR,NOR,
2005,UKR,NOR,
2006,UKR,NOR,
2008,UKR,NOR,
2009,UKR,NOR,
2010,UKR,NOR,
2012,UKR,NOR,
2013,UKR,NOR,
2014,UKR,NOR,
2017,UKR,NOR,
2018,UKR,NOR,
2021,UKR,NOR,
2022,UKR,NOR,
2023,UKR,NOR,
2024,UKR,NOR,
2025,UKR,NOR,
2026,UKR,NOR,
2003,UKR,SWE,
2004,UKR,SWE,
2005,UKR,SWE,
2006,UKR,SWE,
2007,UKR,SWE,
2008,UKR,SWE,
2009,UKR,SWE,
2011,UKR,SWE,
2012,UKR,SWE,
2013,UKR,SWE,
2014,UKR,SWE,
2016,UKR,SWE,
2017,UKR,SWE,
2018,UKR,SWE,
2021,UKR,SWE,
2022,UKR,SWE,
2023,UKR,SWE,
2024,UKR,SWE,
2025,UKR,SWE,
2026,UKR,SWE,
2003,UKR,AUT,
2004,UKR,AUT,
2011,UKR,AUT,
2014,UKR,AUT,
2016,UKR,AUT,
2017,UKR,AUT,
2018,UKR,AUT,
2023,UKR,AUT,
2024,UKR,AUT,
2025,UKR,AUT,
2026,UKR,AUT,
2003,UKR,POL,-.1327217910426098
2004,UKR,POL,-.13703076488766
2008,UKR,POL,-.1475820450127543
2014,UKR,POL,-.1431695477841779
2016,UKR,POL,-.155812314431501
2017,UKR,POL,-.1684345884635848
2022,UKR,POL,-.1671953529373681
2023,UKR,POL,-.1480351333972936
2025,UKR,POL,
2026,UKR,POL,
2003,UKR,ISL,
2004,UKR,ISL,
2008,UKR,ISL,
2009,UKR,ISL,
2010,UKR,ISL,
2011,UKR,ISL,
2012,UKR,ISL,
2013,UKR,ISL,
2014,UKR,ISL,
2021,UKR,ISL,
2022,UKR,ISL,
2025,UKR,ISL,
2003,UKR,ESP,
2004,UKR,ESP,
2005,UKR,ESP,
2006,UKR,ESP,
2007,UKR,ESP,
2008,UKR,ESP,
2009,UKR,ESP,
2010,UKR,ESP,
2011,UKR,ESP,
2012,UKR,ESP,
2013,UKR,ESP,
2014,UKR,ESP,
2016,UKR,ESP,
2017,UKR,ESP,
2018,UKR,ESP,
2021,UKR,ESP,
2022,UKR,ESP,
2023,UKR,ESP,
2024,UKR,ESP,
2025,UKR,ESP,
2003,UKR,ROU,
2004,UKR,ROU,
2005,UKR,ROU,
2006,UKR,ROU,
2007,UKR,ROU,
2008,UKR,ROU,
2009,UKR,ROU,
2010,UKR,ROU,
2011,UKR,ROU,
2012,UKR,ROU,
2013,UKR,ROU,
2014,UKR,ROU,
2017,UKR,ROU,
2022,UKR,ROU,
2026,UKR,ROU,
2003,UKR,IRL,
2004,UKR,IRL,
2006,UKR,IRL,
2007,UKR,IRL,
2010,UKR,IRL,
2011,UKR,IRL,
2012,UKR,IRL,
2013,UKR,IRL,
2018,UKR,IRL,
2024,UKR,IRL,
2003,UKR,DEU,-.1733622423054811
2004,UKR,DEU,-.1776712161505314
2005,UKR,DEU,-.1835144420071471
2006,UKR,DEU,-.1725471571026973
2007,UKR,DEU,-.1745092271386341
2008,UKR,DEU,-.1882224962756259
2009,UKR,DEU,-.1826406497857341
2010,UKR,DEU,-.1699943836750832
2011,UKR,DEU,-.179202519287871
2012,UKR,DEU,-.2073753309164658
2013,UKR,DEU,-.2022849406435533
2014,UKR,DEU,-.1838099990470499
2016,UKR,DEU,-.1964527656943732
2017,UKR,DEU,-.2090750397264561
2018,UKR,DEU,-.196466678219501
2021,UKR,DEU,-.198984726970383
2022,UKR,DEU,-.2078358042002398
2023,UKR,DEU,-.1886755846601654
2024,UKR,DEU,-.1751074254916369
2025,UKR,DEU,
2026,UKR,DEU,
2003,UKR,NLD,
2004,UKR,NLD,
2013,UKR,NLD,
2014,UKR,NLD,
2016,UKR,NLD,
2017,UKR,NLD,
2018,UKR,NLD,
2021,UKR,NLD,
2022,UKR,NLD,
2025,UKR,NLD,
2003,UKR,HRV,
2004,UKR,HRV,
2005,UKR,HRV,
2006,UKR,HRV,
2008,UKR,HRV,
2009,UKR,HRV,
2016,UKR,HRV,
2017,UKR,HRV,
2023,UKR,HRV,
2024,UKR,HRV,
2026,UKR,HRV,
2003,UKR,BIH,
2004,UKR,BIH,
2005,UKR,BIH,
2006,UKR,BIH,
2007,UKR,BIH,
2008,UKR,BIH,
2009,UKR,BIH,
2010,UKR,BIH,
2011,UKR,BIH,
2012,UKR,BIH,
2003,UKR,GRC,
2004,UKR,GRC,
2005,UKR,GRC,
2006,UKR,GRC,
2007,UKR,GRC,
2008,UKR,GRC,
2009,UKR,GRC,
2010,UKR,GRC,
2011,UKR,GRC,
2012,UKR,GRC,
2013,UKR,GRC,
2014,UKR,GRC,
2017,UKR,GRC,
2021,UKR,GRC,
2022,UKR,GRC,
2024,UKR,GRC,
2025,UKR,GRC,
2026,UKR,GRC,
2003,UKR,FRA,
2004,UKR,FRA,
2005,UKR,FRA,
2006,UKR,FRA,
2007,UKR,FRA,
2008,UKR,FRA,
2009,UKR,FRA,
2010,UKR,FRA,
2011,UKR,FRA,
2012,UKR,FRA,
2013,UKR,FRA,
2014,UKR,FRA,
2016,UKR,FRA,
2017,UKR,FRA,
2018,UKR,FRA,
2021,UKR,FRA,
2022,UKR,FRA,
2023,UKR,FRA,
2024,UKR,FRA,
2025,UKR,FRA,
2026,UKR,FRA,
2003,UKR,ISR,.0509000505398874
2005,UKR,ISR,.0407478508382225
2006,UKR,ISR,.0517151357426711
2008,UKR,ISR,.036039796569743
2009,UKR,ISR,.0416216430596348
2010,UKR,ISR,.0542679091702862
2016,UKR,ISR,.0278095271509963
2017,UKR,ISR,.0151872531189126
2018,UKR,ISR,.0277956146258678
2021,UKR,ISR,.0252775658749863
2023,UKR,ISR,.0355867081852037
2024,UKR,ISR,.0491548673537321
2025,UKR,ISR,
2026,UKR,ISR,
2003,UKR,CYP,
2004,UKR,CYP,
2005,UKR,CYP,
2010,UKR,CYP,
2012,UKR,CYP,
2016,UKR,CYP,
2017,UKR,CYP,
2018,UKR,CYP,
2021,UKR,CYP,
2023,UKR,CYP,
2024,UKR,CYP,
2026,UKR,CYP,
2003,UKR,EST,.0338433904009382
2009,UKR,EST,.0245649829206857
2011,UKR,EST,.0280031134185491
2012,UKR,EST,-.000169698210046
2013,UKR,EST,.0049206920628669
2018,UKR,EST,.0107389544869191
2022,UKR,EST,-.0006301714938197
2023,UKR,EST,.018530048046254
2024,UKR,EST,.0320982072147827
2025,UKR,EST,
2003,UKR,PRT,
2008,UKR,PRT,
2009,UKR,PRT,
2010,UKR,PRT,
2017,UKR,PRT,
2018,UKR,PRT,
2021,UKR,PRT,
2022,UKR,PRT,
2023,UKR,PRT,
2024,UKR,PRT,
2025,UKR,PRT,
2003,UKR,SVN,
2007,UKR,SVN,
2011,UKR,SVN,
2014,UKR,SVN,
2018,UKR,SVN,
2023,UKR,SVN,
2024,UKR,SVN,
2003,UKR,LVA,.0463510579886841
2005,UKR,LVA,.0361988582870189
2006,UKR,LVA,.0471661431914679
2007,UKR,LVA,.0452040731555308
2008,UKR,LVA,.031490804018539
2016,UKR,LVA,.023260534599794
2024,UKR,LVA,.0446058748025293
2025,UKR,LVA,
2003,UKR,MLT,
2004,UKR,MLT,
2005,UKR,MLT,
2006,UKR,MLT,
2009,UKR,MLT,
2012,UKR,MLT,
2013,UKR,MLT,
2014,UKR,MLT,
2016,UKR,MLT,
2021,UKR,MLT,
2025,UKR,MLT,
2026,UKR,MLT,
2003,UKR,GBR,
2004,UKR,GBR,
2005,UKR,GBR,
2006,UKR,GBR,
2007,UKR,GBR,
2008,UKR,GBR,
2009,UKR,GBR,
2010,UKR,GBR,
2011,UKR,GBR,
2012,UKR,GBR,
2013,UKR,GBR,
2014,UKR,GBR,
2016,UKR,GBR,
2017,UKR,GBR,
2018,UKR,GBR,
2021,UKR,GBR,
2022,UKR,GBR,
2023,UKR,GBR,
2024,UKR,GBR,
2025,UKR,GBR,
2026,UKR,GBR,
2003,GBR,UKR,.1133005565311195
2004,GBR,UKR,.108991582686069
2005,GBR,UKR,.1031483568294536
2006,GBR,UKR,.1141156417339031
2007,GBR,UKR,.1121535716979657
2008,GBR,UKR,.0984403025609743
2009,GBR,UKR,.1040221490508666
2010,GBR,UKR,.1166684151615177
2011,GBR,UKR,.1074602795487296
2012,GBR,UKR,.0792874679201349
2013,GBR,UKR,.0843778581930476
2014,GBR,UKR,.1028527997895501
2016,GBR,UKR,.0902100331422271
2017,GBR,UKR,.0775877591101443
2018,GBR,UKR,.0901961206170991
2021,GBR,UKR,.0876780718662183
2022,GBR,UKR,.0788269946363601
2023,GBR,UKR,.0979872141764349
2024,GBR,UKR,.1115553733449641
2025,GBR,UKR,
2026,GBR,UKR,
2004,ALB,UKR,
2005,ALB,UKR,
2006,ALB,UKR,
2007,ALB,UKR,
2008,ALB,UKR,
2009,ALB,UKR,
2010,ALB,UKR,
2011,ALB,UKR,
2012,ALB,UKR,
2013,ALB,UKR,
2014,ALB,UKR,
2016,ALB,UKR,
2017,ALB,UKR,
2018,ALB,UKR,
2021,ALB,UKR,
2022,ALB,UKR,
2023,ALB,UKR,
2024,ALB,UKR,
2025,ALB,UKR,
2026,ALB,UKR,
2004,ALB,SCG,
2005,ALB,SCG,
2004,ALB,GRC,.4370168134024735
2005,ALB,GRC,.4311735875458574
2006,ALB,GRC,.4421408724503073
2007,ALB,GRC,.4401788024143698
2008,ALB,GRC,.4264655332773781
2009,ALB,GRC,.4320473797672706
2010,ALB,GRC,.4446936458779214
2011,ALB,GRC,.4354855102651327
2012,ALB,GRC,.4073126986365387
2013,ALB,GRC,.4124030889094512
2014,ALB,GRC,.4308780305059552
2015,ALB,GRC,.4257871459566509
2017,ALB,GRC,.405612989826548
2019,ALB,GRC,.4186892226590295
2021,ALB,GRC,.4157033025826229
2022,ALB,GRC,.4068522253527638
2024,ALB,GRC,.4395806040613676
2025,ALB,GRC,
2026,ALB,GRC,
2004,ALB,TUR,.4372535492729313
2005,ALB,TUR,.4314103234163152
2006,ALB,TUR,.4423776083207659
2007,ALB,TUR,.4404155382848287
2008,ALB,TUR,.426702269147836
2009,ALB,TUR,.4322841156377283
2010,ALB,TUR,.4449303817483786
2012,ALB,TUR,.4075494345069971
2004,ALB,CYP,
2005,ALB,CYP,
2010,ALB,CYP,
2012,ALB,CYP,
2015,ALB,CYP,
2016,ALB,CYP,
2017,ALB,CYP,
2018,ALB,CYP,
2019,ALB,CYP,
2021,ALB,CYP,
2023,ALB,CYP,
2024,ALB,CYP,
2026,ALB,CYP,
2004,ALB,SWE,
2005,ALB,SWE,
2006,ALB,SWE,
2007,ALB,SWE,
2008,ALB,SWE,
2009,ALB,SWE,
2011,ALB,SWE,
2012,ALB,SWE,
2013,ALB,SWE,
2014,ALB,SWE,
2015,ALB,SWE,
2016,ALB,SWE,
2017,ALB,SWE,
2018,ALB,SWE,
2019,ALB,SWE,
2021,ALB,SWE,
2022,ALB,SWE,
2023,ALB,SWE,
2024,ALB,SWE,
2025,ALB,SWE,
2026,ALB,SWE,
2004,ALB,DEU,
2005,ALB,DEU,
2006,ALB,DEU,
2007,ALB,DEU,
2008,ALB,DEU,
2009,ALB,DEU,
2010,ALB,DEU,
2011,ALB,DEU,
2012,ALB,DEU,
2013,ALB,DEU,
2014,ALB,DEU,
2015,ALB,DEU,
2016,ALB,DEU,
2017,ALB,DEU,
2018,ALB,DEU,
2019,ALB,DEU,
2021,ALB,DEU,
2022,ALB,DEU,
2023,ALB,DEU,
2024,ALB,DEU,
2025,ALB,DEU,
2026,ALB,DEU,
2004,ALB,BIH,
2005,ALB,BIH,
2006,ALB,BIH,
2007,ALB,BIH,
2008,ALB,BIH,
2009,ALB,BIH,
2010,ALB,BIH,
2011,ALB,BIH,
2012,ALB,BIH,
2004,ALB,ESP,
2005,ALB,ESP,
2006,ALB,ESP,
2007,ALB,ESP,
2008,ALB,ESP,
2009,ALB,ESP,
2010,ALB,ESP,
2011,ALB,ESP,
2012,ALB,ESP,
2013,ALB,ESP,
2014,ALB,ESP,
2015,ALB,ESP,
2016,ALB,ESP,
2017,ALB,ESP,
2018,ALB,ESP,
2019,ALB,ESP,
2021,ALB,ESP,
2022,ALB,ESP,
2023,ALB,ESP,
2024,ALB,ESP,
2025,ALB,ESP,
2004,ALB,RUS,
2005,ALB,RUS,
2006,ALB,RUS,
2007,ALB,RUS,
2008,ALB,RUS,
2009,ALB,RUS,
2010,ALB,RUS,
2011,ALB,RUS,
2012,ALB,RUS,
2013,ALB,RUS,
2014,ALB,RUS,
2015,ALB,RUS,
2016,ALB,RUS,
2019,ALB,RUS,
2021,ALB,RUS,
2004,ALB,MLT,
2005,ALB,MLT,
2006,ALB,MLT,
2009,ALB,MLT,
2012,ALB,MLT,
2013,ALB,MLT,
2014,ALB,MLT,
2016,ALB,MLT,
2019,ALB,MLT,
2021,ALB,MLT,
2025,ALB,MLT,
2026,ALB,MLT,
2004,ALB,HRV,
2005,ALB,HRV,
2006,ALB,HRV,
2008,ALB,HRV,
2009,ALB,HRV,
2016,ALB,HRV,
2017,ALB,HRV,
2023,ALB,HRV,
2024,ALB,HRV,
2026,ALB,HRV,
2004,ALB,MKD,
2005,ALB,MKD,
2006,ALB,MKD,
2007,ALB,MKD,
2012,ALB,MKD,
2019,ALB,MKD,
2004,ALB,FRA,
2005,ALB,FRA,
2006,ALB,FRA,
2007,ALB,FRA,
2008,ALB,FRA,
2009,ALB,FRA,
2010,ALB,FRA,
2011,ALB,FRA,
2012,ALB,FRA,
2013,ALB,FRA,
2014,ALB,FRA,
2015,ALB,FRA,
2016,ALB,FRA,
2017,ALB,FRA,
2018,ALB,FRA,
2019,ALB,FRA,
2021,ALB,FRA,
2022,ALB,FRA,
2023,ALB,FRA,
2024,ALB,FRA,
2025,ALB,FRA,
2026,ALB,FRA,
2004,ALB,GBR,
2005,ALB,GBR,
2006,ALB,GBR,
2007,ALB,GBR,
2008,ALB,GBR,
2009,ALB,GBR,
2010,ALB,GBR,
2011,ALB,GBR,
2012,ALB,GBR,
2013,ALB,GBR,
2014,ALB,GBR,
2015,ALB,GBR,
2016,ALB,GBR,
2017,ALB,GBR,
2018,ALB,GBR,
2019,ALB,GBR,
2021,ALB,GBR,
2022,ALB,GBR,
2023,ALB,GBR,
2024,ALB,GBR,
2025,ALB,GBR,
2026,ALB,GBR,
2004,ALB,POL,
2008,ALB,POL,
2014,ALB,POL,
2015,ALB,POL,
2016,ALB,POL,
2017,ALB,POL,
2022,ALB,POL,
2023,ALB,POL,
2025,ALB,POL,
2026,ALB,POL,
2004,ALB,ROU,
2005,ALB,ROU,
2006,ALB,ROU,
2007,ALB,ROU,
2008,ALB,ROU,
2009,ALB,ROU,
2010,ALB,ROU,
2011,ALB,ROU,
2012,ALB,ROU,
2013,ALB,ROU,
2014,ALB,ROU,
2015,ALB,ROU,
2017,ALB,ROU,
2022,ALB,ROU,
2026,ALB,ROU,
2004,ALB,ISL,
2008,ALB,ISL,
2009,ALB,ISL,
2010,ALB,ISL,
2011,ALB,ISL,
2012,ALB,ISL,
2013,ALB,ISL,
2014,ALB,ISL,
2019,ALB,ISL,
2021,ALB,ISL,
2022,ALB,ISL,
2025,ALB,ISL,
2004,ALB,NLD,
2013,ALB,NLD,
2014,ALB,NLD,
2016,ALB,NLD,
2017,ALB,NLD,
2018,ALB,NLD,
2019,ALB,NLD,
2021,ALB,NLD,
2022,ALB,NLD,
2025,ALB,NLD,
2004,ALB,AUT,
2011,ALB,AUT,
2014,ALB,AUT,
2015,ALB,AUT,
2016,ALB,AUT,
2017,ALB,AUT,
2018,ALB,AUT,
2023,ALB,AUT,
2024,ALB,AUT,
2025,ALB,AUT,
2026,ALB,AUT,
2004,ALB,BEL,
2010,ALB,BEL,
2013,ALB,BEL,
2015,ALB,BEL,
2016,ALB,BEL,
2017,ALB,BEL,
2021,ALB,BEL,
2022,ALB,BEL,
2023,ALB,BEL,
2026,ALB,BEL,
2004,ALB,IRL,
2006,ALB,IRL,
2007,ALB,IRL,
2010,ALB,IRL,
2011,ALB,IRL,
2012,ALB,IRL,
2013,ALB,IRL,
2018,ALB,IRL,
2024,ALB,IRL,
2004,ALB,NOR,
2005,ALB,NOR,
2006,ALB,NOR,
2008,ALB,NOR,
2009,ALB,NOR,
2010,ALB,NOR,
2012,ALB,NOR,
2013,ALB,NOR,
2014,ALB,NOR,
2015,ALB,NOR,
2017,ALB,NOR,
2018,ALB,NOR,
2019,ALB,NOR,
2021,ALB,NOR,
2022,ALB,NOR,
2023,ALB,NOR,
2024,ALB,NOR,
2025,ALB,NOR,
2026,ALB,NOR,
2004,AND,UKR,
2005,AND,UKR,
2006,AND,UKR,
2007,AND,UKR,
2008,AND,UKR,
2009,AND,UKR,
2004,AND,SCG,
2005,AND,SCG,
2004,AND,GRC,
2005,AND,GRC,
2006,AND,GRC,
2007,AND,GRC,
2008,AND,GRC,
2009,AND,GRC,
2004,AND,TUR,
2005,AND,TUR,
2006,AND,TUR,
2007,AND,TUR,
2008,AND,TUR,
2009,AND,TUR,
2004,AND,CYP,
2005,AND,CYP,
2004,AND,SWE,.0828465065414372
2005,AND,SWE,.0770032806848216
2006,AND,SWE,.0879705655892726
2007,AND,SWE,.0860084955533348
2008,AND,SWE,.0722952264163422
2009,AND,SWE,.0778770729062351
2004,AND,ALB,
2005,AND,ALB,
2008,AND,ALB,
2009,AND,ALB,
2004,AND,DEU,-.2015171184726477
2005,AND,DEU,-.2073603443292631
2006,AND,DEU,-.1963930594248127
2007,AND,DEU,-.1983551294607515
2008,AND,DEU,-.2120683985977433
2009,AND,DEU,-.2064865521078504
2004,AND,BIH,
2005,AND,BIH,
2006,AND,BIH,
2007,AND,BIH,
2008,AND,BIH,
2009,AND,BIH,
2004,AND,ESP,-.1269849847506979
2005,AND,ESP,-.1328282106073129
2006,AND,ESP,-.1218609257028633
2007,AND,ESP,-.1238229957387988
2008,AND,ESP,-.1375362648757925
2009,AND,ESP,-.1319544183859001
2004,AND,RUS,
2005,AND,RUS,
2006,AND,RUS,
2007,AND,RUS,
2008,AND,RUS,
2009,AND,RUS,
2004,AND,MLT,
2005,AND,MLT,
2006,AND,MLT,
2009,AND,MLT,
2004,AND,HRV,
2005,AND,HRV,
2006,AND,HRV,
2008,AND,HRV,
2009,AND,HRV,
2004,AND,MKD,
2005,AND,MKD,
2006,AND,MKD,
2007,AND,MKD,
2004,AND,FRA,-.1326819847898258
2005,AND,FRA,-.138525210646442
2006,AND,FRA,-.1275579257419919
2007,AND,FRA,-.1295199957779291
2008,AND,FRA,-.1432332649149214
2009,AND,FRA,-.1376514184250291
2004,AND,GBR,-.1577845543495005
2005,AND,GBR,-.1636277802061148
2006,AND,GBR,-.1526604953016656
2007,AND,GBR,-.1546225653376026
2008,AND,GBR,-.168335834474595
2009,AND,GBR,-.1627539879847019
2004,AND,POL,
2008,AND,POL,
2004,AND,ROU,
2005,AND,ROU,
2006,AND,ROU,
2007,AND,ROU,
2008,AND,ROU,
2009,AND,ROU,
2004,AND,ISL,
2008,AND,ISL,
2009,AND,ISL,
2004,AND,NLD,-.0508711026998077
2004,AND,AUT,
2004,AND,BEL,-.0532158800489138
2004,AND,IRL,
2006,AND,IRL,
2007,AND,IRL,
2004,AND,NOR,
2005,AND,NOR,
2006,AND,NOR,
2008,AND,NOR,
2009,AND,NOR,
2004,AUT,SCG,
2005,AUT,SCG,
2004,AUT,ALB,.0343667186340764
2005,AUT,ALB,.0285234927774611
2012,AUT,ALB,.0046626038681422
2015,AUT,ALB,.0231370511882537
2018,AUT,ALB,.0155712565651064
2019,AUT,ALB,.0160391278906318
2021,AUT,ALB,.0130532078142245
2023,AUT,ALB,.0233623501244418
2025,AUT,ALB,
2026,AUT,ALB,
2004,BLR,UKR,.0992456215610339
2005,BLR,UKR,.0934023957044184
2006,BLR,UKR,.1043696806088683
2007,BLR,UKR,.1024076105729308
2008,BLR,UKR,.0886943414359389
2009,BLR,UKR,.0942761879258309
2010,BLR,UKR,.1069224540364819
2011,BLR,UKR,.0977143184236948
2012,BLR,UKR,.0695415067951
2013,BLR,UKR,.0746318970680123
2014,BLR,UKR,.0931068386645154
2016,BLR,UKR,.0804640720171912
2017,BLR,UKR,.0678417979851084
2018,BLR,UKR,.0804501594920637
2004,BLR,SCG,
2005,BLR,SCG,
2004,BLR,GRC,.0366168530129689
2005,BLR,GRC,.0307736271563534
2006,BLR,GRC,.0417409120608034
2007,BLR,GRC,.0397788420248661
2008,BLR,GRC,.0260655728878736
2009,BLR,GRC,.0316474193777669
2010,BLR,GRC,.0442936854884167
2011,BLR,GRC,.0350855498756293
2012,BLR,GRC,.006912738247035
2013,BLR,GRC,.0120031285199476
2014,BLR,GRC,.0304780701164502
2015,BLR,GRC,.0253871855671463
2017,BLR,GRC,.0052130294370449
2019,BLR,GRC,.018289262269524
2004,BLR,TUR,.0368535888834272
2005,BLR,TUR,.031010363026812
2006,BLR,TUR,.0419776479312614
2007,BLR,TUR,.0400155778953239
2008,BLR,TUR,.0263023087583324
2009,BLR,TUR,.0318841552482244
2010,BLR,TUR,.0445304213588754
2012,BLR,TUR,.0071494741174931
2004,BLR,CYP,
2005,BLR,CYP,
2010,BLR,CYP,
2012,BLR,CYP,
2015,BLR,CYP,
2016,BLR,CYP,
2017,BLR,CYP,
2018,BLR,CYP,
2019,BLR,CYP,
2004,BLR,SWE,.105576889369878
2005,BLR,SWE,.0997336635132622
2006,BLR,SWE,.1107009484177123
2007,BLR,SWE,.1087388783817756
2008,BLR,SWE,.0950256092447834
2009,BLR,SWE,.1006074557346758
2011,BLR,SWE,.1040455862325377
2012,BLR,SWE,.0758727746039434
2013,BLR,SWE,.0809631648768565
2014,BLR,SWE,.0994381064733592
2015,BLR,SWE,.094347221924056
2016,BLR,SWE,.0867953398260362
2017,BLR,SWE,.0741730657939532
2018,BLR,SWE,.0867814273009081
2019,BLR,SWE,.0872492986264347
2004,BLR,ALB,
2005,BLR,ALB,
2008,BLR,ALB,
2009,BLR,ALB,
2010,BLR,ALB,
2012,BLR,ALB,
2015,BLR,ALB,
2018,BLR,ALB,
2019,BLR,ALB,
2004,BLR,DEU,-.178786735644207
2005,BLR,DEU,-.1846299615008224
2006,BLR,DEU,-.1736626765963724
2007,BLR,DEU,-.17562474663231
2008,BLR,DEU,-.1893380157693017
2009,BLR,DEU,-.1837561692794093
2010,BLR,DEU,-.1711099031687587
2011,BLR,DEU,-.1803180387815458
2012,BLR,DEU,-.2084908504101408
2013,BLR,DEU,-.2034004601372285
2014,BLR,DEU,-.1849255185407258
2015,BLR,DEU,-.1900164030900291
2016,BLR,DEU,-.1975682851880484
2017,BLR,DEU,-.2101905592201316
2018,BLR,DEU,-.1975821977131762
2019,BLR,DEU,-.1971143263876513
2004,BLR,BIH,
2005,BLR,BIH,
2006,BLR,BIH,
2007,BLR,BIH,
2008,BLR,BIH,
2009,BLR,BIH,
2010,BLR,BIH,
2011,BLR,BIH,
2012,BLR,BIH,
2004,BLR,ESP,-.1042546019222569
2005,BLR,ESP,-.110097827778872
2006,BLR,ESP,-.0991305428744217
2007,BLR,ESP,-.1010926129103591
2008,BLR,ESP,-.1148058820473511
2009,BLR,ESP,-.109224035557459
2010,BLR,ESP,-.0965777694468082
2011,BLR,ESP,-.1057859050595965
2012,BLR,ESP,-.1339587166881908
2013,BLR,ESP,-.128868326415278
2014,BLR,ESP,-.1103933848187746
2015,BLR,ESP,-.1154842693680791
2016,BLR,ESP,-.1230361514660981
2017,BLR,ESP,-.1356584254981812
2018,BLR,ESP,-.1230500639912263
2019,BLR,ESP,-.1225821926657009
2004,BLR,RUS,.0358590548792818
2005,BLR,RUS,.0300158290226666
2006,BLR,RUS,.0409831139271164
2007,BLR,RUS,.0390210438911779
2008,BLR,RUS,.0253077747541861
2009,BLR,RUS,.0308896212440798
2010,BLR,RUS,.04353588735473
2011,BLR,RUS,.0343277517419419
2012,BLR,RUS,.0061549401133478
2013,BLR,RUS,.0112453303862605
2014,BLR,RUS,.0297202719827632
2015,BLR,RUS,.02462938743346
2016,BLR,RUS,.0170775053354401
2019,BLR,RUS,.0175314641358374
2004,BLR,MLT,
2005,BLR,MLT,
2006,BLR,MLT,
2009,BLR,MLT,
2012,BLR,MLT,
2013,BLR,MLT,
2014,BLR,MLT,
2016,BLR,MLT,
2019,BLR,MLT,
2004,BLR,HRV,
2005,BLR,HRV,
2006,BLR,HRV,
2008,BLR,HRV,
2009,BLR,HRV,
2016,BLR,HRV,
2017,BLR,HRV,
2004,BLR,MKD,
2005,BLR,MKD,
2006,BLR,MKD,
2007,BLR,MKD,
2012,BLR,MKD,
2019,BLR,MKD,
2004,BLR,FRA,
2005,BLR,FRA,
2006,BLR,FRA,
2007,BLR,FRA,
2008,BLR,FRA,
2009,BLR,FRA,
2010,BLR,FRA,
2011,BLR,FRA,
2012,BLR,FRA,
2013,BLR,FRA,
2014,BLR,FRA,
2015,BLR,FRA,
2016,BLR,FRA,
2017,BLR,FRA,
2018,BLR,FRA,
2019,BLR,FRA,
2004,BLR,GBR,-.1350541715210588
2005,BLR,GBR,-.1408973973776743
2006,BLR,GBR,-.1299301124732243
2007,BLR,GBR,-.1318921825091621
2008,BLR,GBR,-.1456054516461539
2009,BLR,GBR,-.1400236051562612
2010,BLR,GBR,-.1273773390456109
2011,BLR,GBR,-.1365854746583984
2012,BLR,GBR,-.1647582862869928
2013,BLR,GBR,-.159667896014081
2014,BLR,GBR,-.1411929544175772
2015,BLR,GBR,-.1462838389668812
2016,BLR,GBR,-.1538357210649003
2017,BLR,GBR,-.1664579950969833
2018,BLR,GBR,-.1538496335900285
2019,BLR,GBR,-.1533817622645032
2004,BLR,POL,-.1381462843813352
2008,BLR,POL,-.1486975645064293
2014,BLR,POL,-.1442850672778527
2015,BLR,POL,-.149375951827157
2016,BLR,POL,-.1569278339251761
2017,BLR,POL,-.1695501079572588
2004,BLR,ROU,-.0228426910236773
2005,BLR,ROU,-.0286859168802931
2006,BLR,ROU,-.0177186319758434
2007,BLR,ROU,-.0196807020117808
2008,BLR,ROU,-.0333939711487729
2009,BLR,ROU,-.0278121246588799
2010,BLR,ROU,-.0151658585482294
2011,BLR,ROU,-.0243739941610174
2012,BLR,ROU,-.0525468057896119
2013,BLR,ROU,-.0474564155166996
2014,BLR,ROU,-.0289814739201961
2015,BLR,ROU,-.0340723584694999
2017,BLR,ROU,-.0542465145996019
2004,BLR,ISL,
2008,BLR,ISL,
2009,BLR,ISL,
2010,BLR,ISL,
2011,BLR,ISL,
2012,BLR,ISL,
2013,BLR,ISL,
2014,BLR,ISL,
2019,BLR,ISL,
2004,BLR,NLD,
2013,BLR,NLD,
2014,BLR,NLD,
2016,BLR,NLD,
2017,BLR,NLD,
2018,BLR,NLD,
2019,BLR,NLD,
2004,BLR,AUT,-.0311422463257599
2011,BLR,AUT,-.0326735494630992
2014,BLR,AUT,-.0372810292222781
2015,BLR,AUT,-.0423719137715817
2016,BLR,AUT,-.0499237958696012
2017,BLR,AUT,-.0625460699016841
2018,BLR,AUT,-.0499377083947292
2004,BLR,BEL,-.0304854972204727
2010,BLR,BEL,-.022808664745025
2013,BLR,BEL,-.0550992217134942
2015,BLR,BEL,-.0417151646662949
2016,BLR,BEL,-.0492670467643142
2017,BLR,BEL,-.0618893207963964
2004,BLR,IRL,-.0103221830930507
2006,BLR,IRL,-.0051981240452163
2007,BLR,IRL,-.0071601940811537
2010,BLR,IRL,-.0026453506176018
2011,BLR,IRL,-.0118534862303898
2012,BLR,IRL,-.0400262978589846
2013,BLR,IRL,-.034935907586072
2018,BLR,IRL,-.0291176451620199
2004,BLR,NOR,.0194749708271779
2005,BLR,NOR,.013631744970563
2006,BLR,NOR,.0245990298750126
2008,BLR,NOR,.008923690702083
2009,BLR,NOR,.0145055371919754
2010,BLR,NOR,.027151803302627
2012,BLR,NOR,-.0102291439387565
2013,BLR,NOR,-.0051387536658437
2014,BLR,NOR,.0133361879306595
2015,BLR,NOR,.0082453033813557
2017,BLR,NOR,-.0119288527487463
2018,BLR,NOR,.0006795087582091
2019,BLR,NOR,.0011473800837344
2004,BEL,SCG,
2005,BEL,SCG,
2004,BEL,ALB,.0223379899474321
2005,BEL,ALB,.0164947640908158
2008,BEL,ALB,.0117867098223361
2009,BEL,ALB,.0173685563122287
2010,BEL,ALB,.0300148224228797
2012,BEL,ALB,-.0073661248185035
2015,BEL,ALB,.0111083225016095
2018,BEL,ALB,.0035425278784614
2019,BEL,ALB,.0040103992039867
2021,BEL,ALB,.0010244791275789
2023,BEL,ALB,.0113336214377976
2025,BEL,ALB,
2026,BEL,ALB,
2004,BIH,SCG,
2005,BIH,SCG,
2004,BIH,ALB,
2005,BIH,ALB,
2008,BIH,ALB,
2009,BIH,ALB,
2010,BIH,ALB,
2012,BIH,ALB,
2004,HRV,SCG,
2005,HRV,SCG,
2004,HRV,ALB,.038798696962716
2005,HRV,ALB,.0329554711061
2008,HRV,ALB,.0282474168376206
2009,HRV,ALB,.0338292633275129
2010,HRV,ALB,.0464755294381639
2012,HRV,ALB,.0090945821967816
2018,HRV,ALB,.0200032348937457
2019,HRV,ALB,.0204711062192711
2021,HRV,ALB,.0174851861428637
2023,HRV,ALB,.0277943284530816
2025,HRV,ALB,
2026,HRV,ALB,
2004,CYP,SCG,
2005,CYP,SCG,
2004,CYP,ALB,.0823692667483382
2005,CYP,ALB,.0765260408917225
2008,CYP,ALB,.0718179866232432
2009,CYP,ALB,.077399833113135
2010,CYP,ALB,.0900460992237859
2012,CYP,ALB,.0526651519824037
2015,CYP,ALB,.0711395993025154
2018,CYP,ALB,.0635738046793685
2019,CYP,ALB,.0640416760048939
2021,CYP,ALB,.0610557559284867
2023,CYP,ALB,.0713648982387041
2025,CYP,ALB,
2026,CYP,ALB,
2004,DNK,UKR,.0997707038313848
2005,DNK,UKR,.0939274779747691
2006,DNK,UKR,.1048947628792189
2007,DNK,UKR,.1029326928432815
2008,DNK,UKR,.0892194237062898
2009,DNK,UKR,.094801270196183
2010,DNK,UKR,.1074475363068328
2011,DNK,UKR,.0982394006940449
2012,DNK,UKR,.0700665890654503
2013,DNK,UKR,.0751569793383633
2014,DNK,UKR,.0936319209348657
2016,DNK,UKR,.0809891542875425
2017,DNK,UKR,.0683668802554603
2018,DNK,UKR,.0809752417624153
2021,DNK,UKR,.0784571930115333
2022,DNK,UKR,.0696061157816766
2023,DNK,UKR,.0887663353217512
2024,DNK,UKR,.102334494490279
2025,DNK,UKR,
2026,DNK,UKR,
2004,DNK,SCG,
2005,DNK,SCG,
2004,DNK,ALB,.0414572537722328
2005,DNK,ALB,.0356140279156175
2008,DNK,ALB,.0309059736471385
2009,DNK,ALB,.036487820137031
2010,DNK,ALB,.0491340862476817
2012,DNK,ALB,.0117531390062987
2015,DNK,ALB,.0302275863264109
2018,DNK,ALB,.0226617917032638
2019,DNK,ALB,.0231296630287887
2021,DNK,ALB,.0201437429523826
2023,DNK,ALB,.0304528852625993
2025,DNK,ALB,
2026,DNK,ALB,
2004,EST,SCG,
2005,EST,SCG,
2004,EST,ALB,.0439908339659465
2005,EST,ALB,.0381476081093313
2008,EST,ALB,.0334395538408517
2009,EST,ALB,.0390214003307442
2010,EST,ALB,.0516676664413951
2012,EST,ALB,.0142867192000126
2015,EST,ALB,.0327611665201244
2018,EST,ALB,.025195371896977
2019,EST,ALB,.0256632432225025
2021,EST,ALB,.0226773231460956
2023,EST,ALB,.0329864654563124
2025,EST,ALB,
2026,EST,ALB,
2004,FIN,UKR,.1029021151967219
2005,FIN,UKR,.0970588893401069
2006,FIN,UKR,.1080261742445571
2007,FIN,UKR,.1060641042086193
2008,FIN,UKR,.0923508350716274
2009,FIN,UKR,.0979326815615206
2010,FIN,UKR,.1105789476721707
2011,FIN,UKR,.101370812059383
2012,FIN,UKR,.0731980004307881
2013,FIN,UKR,.0782883907037013
2014,FIN,UKR,.0967633323002037
2016,FIN,UKR,.0841205656528808
2017,FIN,UKR,.0714982916207979
2018,FIN,UKR,.0841066531277535
2021,FIN,UKR,.0815886043768706
2022,FIN,UKR,.0727375271470136
2023,FIN,UKR,.0918977466870888
2024,FIN,UKR,.1054659058556168
2025,FIN,UKR,
2026,FIN,UKR,
2004,FIN,SCG,
2005,FIN,SCG,
2004,FIN,ALB,.0445886651375708
2005,FIN,ALB,.0387454392809551
2008,FIN,ALB,.0340373850124757
2009,FIN,ALB,.0396192315023681
2010,FIN,ALB,.0522654976130185
2012,FIN,ALB,.0148845503716369
2015,FIN,ALB,.033358997691748
2018,FIN,ALB,.0257932030686015
2019,FIN,ALB,.0262610743941265
2021,FIN,ALB,.0232751543177191
2023,FIN,ALB,.0335842966279365
2025,FIN,ALB,
2026,FIN,ALB,
2004,FRA,SCG,
2005,FRA,SCG,
2004,FRA,ALB,.0638444981239956
2005,FRA,ALB,.0580012722673795
2008,FRA,ALB,.0532932179988996
2009,FRA,ALB,.0588750644887923
2010,FRA,ALB,.0715213305994434
2012,FRA,ALB,.034140383358061
2015,FRA,ALB,.0526148306781727
2018,FRA,ALB,.0450490360550254
2019,FRA,ALB,.0455169073805505
2021,FRA,ALB,.0425309873041436
2023,FRA,ALB,.0528401296143612
2025,FRA,ALB,
2026,FRA,ALB,
2004,DEU,SCG,
2005,DEU,SCG,
2004,DEU,ALB,
2005,DEU,ALB,
2008,DEU,ALB,
2009,DEU,ALB,
2010,DEU,ALB,
2012,DEU,ALB,
2015,DEU,ALB,
2018,DEU,ALB,
2019,DEU,ALB,
2021,DEU,ALB,-.0113455184040999
2023,DEU,ALB,-.0010363760938829
2025,DEU,ALB,
2026,DEU,ALB,
2004,GRC,SCG,
2005,GRC,SCG,
2004,GRC,ALB,.079489802995363
2005,GRC,ALB,.0736465771387478
2008,GRC,ALB,.068938522870267
2009,GRC,ALB,.0745203693601597
2010,GRC,ALB,.0871666354708097
2012,GRC,ALB,.0497856882294287
2015,GRC,ALB,.0682601355495399
2018,GRC,ALB,.0606943409263922
2019,GRC,ALB,.0611622122519175
2021,GRC,ALB,.0581762921755098
2023,GRC,ALB,.068485434485728
2025,GRC,ALB,
2026,GRC,ALB,
2004,ISL,SCG,
2005,ISL,SCG,
2004,ISL,ALB,.1042519463913291
2005,ISL,ALB,.098408720534714
2008,ISL,ALB,.093700666266234
2009,ISL,ALB,.0992825127561268
2010,ISL,ALB,.1119287788667772
2012,ISL,ALB,.0745478316253949
2015,ISL,ALB,.0930222789455069
2018,ISL,ALB,.0854564843223607
2019,ISL,ALB,.0859243556478851
2021,ISL,ALB,
2023,ISL,ALB,.0932475778816952
2025,ISL,ALB,
2004,IRL,SCG,
2005,IRL,SCG,
2004,IRL,ALB,
2005,IRL,ALB,
2008,IRL,ALB,.0629118061176206
2009,IRL,ALB,.0684936526075133
2010,IRL,ALB,.0811399187181637
2012,IRL,ALB,.0437589714767815
2015,IRL,ALB,.0622334187968927
2018,IRL,ALB,.0546676241737461
2019,IRL,ALB,.0551354954992711
2021,IRL,ALB,.0521495754228643
2023,IRL,ALB,.0624587177330815
2025,IRL,ALB,
2004,ISR,SCG,
2005,ISR,SCG,
2004,ISR,ALB,
2005,ISR,ALB,
2008,ISR,ALB,
2009,ISR,ALB,
2010,ISR,ALB,
2012,ISR,ALB,
2015,ISR,ALB,
2018,ISR,ALB,
2019,ISR,ALB,
2021,ISR,ALB,
2023,ISR,ALB,
2025,ISR,ALB,
2026,ISR,ALB,
2004,LVA,SCG,
2005,LVA,SCG,
2004,LVA,ALB,.0459288762622786
2005,LVA,ALB,
2008,LVA,ALB,.0353775961371835
2009,LVA,ALB,.040959442627076
2010,LVA,ALB,.0536057087377267
2012,LVA,ALB,.0162247614963447
2015,LVA,ALB,.0346992088164559
2018,LVA,ALB,.0271334141933094
2019,LVA,ALB,.0276012855188347
2021,LVA,ALB,.0246153654424266
2023,LVA,ALB,.0349245077526445
2025,LVA,ALB,
2026,LVA,ALB,
2004,LTU,UKR,.0961313331662794
2005,LTU,UKR,.0902881073096627
2006,LTU,UKR,.1012553922141129
2007,LTU,UKR,.0992933221781752
2008,LTU,UKR,.085580053041183
2009,LTU,UKR,.0911618995310762
2010,LTU,UKR,.1038081656417265
2011,LTU,UKR,.0946000300289387
2012,LTU,UKR,.0664272184003446
2013,LTU,UKR,.0715176086732566
2014,LTU,UKR,.0899925502697597
2016,LTU,UKR,.0773497836224365
2017,LTU,UKR,.0647275095903535
2018,LTU,UKR,.0773358710973088
2021,LTU,UKR,.0748178223464283
2022,LTU,UKR,.065966745116572
2023,LTU,UKR,.085126964656644
2024,LTU,UKR,.0986951238251734
2025,LTU,UKR,
2026,LTU,UKR,
2004,LTU,SCG,
2005,LTU,SCG,
2004,LTU,ALB,
2005,LTU,ALB,.0319746572505114
2008,LTU,ALB,.0272666029820317
2009,LTU,ALB,.032848449471924
2010,LTU,ALB,.045494715582575
2012,LTU,ALB,.0081137683411928
2015,LTU,ALB,.026588215661304
2018,LTU,ALB,.0190224210381566
2019,LTU,ALB,.0194902923636823
2021,LTU,ALB,.0165043722872755
2023,LTU,ALB,.0268135145974929
2025,LTU,ALB,
2026,LTU,ALB,
2004,MLT,SCG,
2005,MLT,SCG,
2004,MLT,ALB,.0674660400474595
2005,MLT,ALB,
2008,MLT,ALB,.0569147599223647
2009,MLT,ALB,.0624966064122576
2010,MLT,ALB,.0751428725229079
2012,MLT,ALB,.0377619252815263
2015,MLT,ALB,.0562363726016375
2018,MLT,ALB,.0486705779784903
2019,MLT,ALB,.0491384493040154
2021,MLT,ALB,.0461525292276087
2023,MLT,ALB,.0564616715378261
2025,MLT,ALB,
2026,MLT,ALB,
2004,MCO,UKR,
2005,MCO,UKR,
2006,MCO,UKR,
2004,MCO,SCG,
2005,MCO,SCG,
2004,MCO,CYP,
2005,MCO,CYP,
2004,MCO,ALB,
2005,MCO,ALB,
2004,MCO,BIH,
2005,MCO,BIH,
2006,MCO,BIH,
2004,MCO,RUS,
2005,MCO,RUS,
2006,MCO,RUS,
2004,MCO,HRV,
2005,MCO,HRV,
2006,MCO,HRV,
2004,MCO,MKD,
2005,MCO,MKD,
2006,MCO,MKD,
2004,MCO,POL,
2004,MCO,ROU,
2005,MCO,ROU,
2006,MCO,ROU,
2004,MCO,ISL,
2004,NLD,SCG,
2005,NLD,SCG,
2004,NLD,ALB,
2005,NLD,ALB,
2008,NLD,ALB,.0090568532721939
2009,NLD,ALB,.0146386997620864
2010,NLD,ALB,.0272849658727374
2012,NLD,ALB,-.0100959813686454
2015,NLD,ALB,.0083784659514666
2018,NLD,ALB,.0008126713283191
2019,NLD,ALB,.0012805426538446
2021,NLD,ALB,-.0017053774225626
2023,NLD,ALB,.0086037648876541
2025,NLD,ALB,
2004,MKD,UKR,
2005,MKD,UKR,
2006,MKD,UKR,
2007,MKD,UKR,
2008,MKD,UKR,
2009,MKD,UKR,
2010,MKD,UKR,
2011,MKD,UKR,
2012,MKD,UKR,
2013,MKD,UKR,
2014,MKD,UKR,
2016,MKD,UKR,
2017,MKD,UKR,
2018,MKD,UKR,
2021,MKD,UKR,
2022,MKD,UKR,
2004,MKD,SCG,
2005,MKD,SCG,
2004,MKD,ALB,
2005,MKD,ALB,
2008,MKD,ALB,
2009,MKD,ALB,
2010,MKD,ALB,
2012,MKD,ALB,
2015,MKD,ALB,
2018,MKD,ALB,
2019,MKD,ALB,
2021,MKD,ALB,
2004,NOR,SCG,
2005,NOR,SCG,
2004,NOR,ALB,.0496232105693494
2005,NOR,ALB,.0437799847127337
2008,NOR,ALB,.0390719304442548
2009,NOR,ALB,.0446537769341476
2010,NOR,ALB,.0573000430447982
2012,NOR,ALB,.0199190958034152
2015,NOR,ALB,.0383935431235272
2018,NOR,ALB,.0308277485003806
2019,NOR,ALB,.0312956198259053
2021,NOR,ALB,.0283096997494978
2023,NOR,ALB,.0386188420597154
2025,NOR,ALB,
2026,NOR,ALB,
2004,POL,SCG,
2005,POL,SCG,
2004,POL,ALB,
2005,POL,ALB,
2008,POL,ALB,
2009,POL,ALB,
2010,POL,ALB,
2015,POL,ALB,
2018,POL,ALB,
2019,POL,ALB,
2021,POL,ALB,
2023,POL,ALB,
2025,POL,ALB,
2026,POL,ALB,
2004,PRT,SCG,
2005,PRT,SCG,
2004,PRT,ALB,.1009137592077279
2005,PRT,ALB,.0950705333511131
2008,PRT,ALB,.0903624790826335
2009,PRT,ALB,.0959443255725254
2010,PRT,ALB,.1085905916831767
2012,PRT,ALB,.0712096444417938
2015,PRT,ALB,.0896840917619058
2018,PRT,ALB,.0821182971387591
2019,PRT,ALB,.0825861684642837
2021,PRT,ALB,.0796002483878766
2023,PRT,ALB,.0899093906980943
2025,PRT,ALB,
2026,PRT,ALB,
2004,ROU,SCG,
2005,ROU,SCG,
2004,ROU,ALB,.060735340544185
2005,ROU,ALB,.0548921146875699
2008,ROU,ALB,.0501840604190904
2009,ROU,ALB,.0557659069089833
2010,ROU,ALB,.0684121730196343
2012,ROU,ALB,.031031225778251
2015,ROU,ALB,.0495056730983637
2018,ROU,ALB,.0419398784752163
2019,ROU,ALB,.0424077498007419
2021,ROU,ALB,.0394218297243339
2023,ROU,ALB,.0497309720345513
2026,ROU,ALB,
2004,RUS,SCG,
2005,RUS,SCG,
2004,RUS,ALB,
2005,RUS,ALB,
2008,RUS,ALB,
2009,RUS,ALB,
2010,RUS,ALB,
2012,RUS,ALB,
2015,RUS,ALB,
2018,RUS,ALB,
2019,RUS,ALB,
2021,RUS,ALB,
2004,SCG,UKR,
2005,SCG,UKR,
2006,SCG,UKR,
2004,SCG,GRC,
2005,SCG,GRC,
2006,SCG,GRC,
2004,SCG,TUR,
2005,SCG,TUR,
2006,SCG,TUR,
2004,SCG,CYP,
2005,SCG,CYP,
2004,SCG,SWE,
2005,SCG,SWE,
2006,SCG,SWE,
2004,SCG,ALB,
2005,SCG,ALB,
2004,SCG,DEU,
2005,SCG,DEU,
2006,SCG,DEU,
2004,SCG,BIH,
2005,SCG,BIH,
2006,SCG,BIH,
2004,SCG,ESP,
2005,SCG,ESP,
2006,SCG,ESP,
2004,SCG,RUS,
2005,SCG,RUS,
2006,SCG,RUS,
2004,SCG,MLT,
2005,SCG,MLT,
2006,SCG,MLT,
2004,SCG,HRV,
2005,SCG,HRV,
2006,SCG,HRV,
2004,SCG,MKD,
2005,SCG,MKD,
2006,SCG,MKD,
2004,SCG,FRA,
2005,SCG,FRA,
2006,SCG,FRA,
2004,SCG,GBR,
2005,SCG,GBR,
2006,SCG,GBR,
2004,SCG,POL,
2004,SCG,ROU,
2005,SCG,ROU,
2006,SCG,ROU,
2004,SCG,ISL,
2004,SCG,NLD,
2004,SCG,AUT,
2004,SCG,BEL,
2004,SCG,IRL,
2006,SCG,IRL,
2004,SCG,NOR,
2005,SCG,NOR,
2006,SCG,NOR,
2004,SVN,SCG,
2005,SVN,SCG,
2004,SVN,ALB,.0174069189989856
2005,SVN,ALB,.0115636931423716
2008,SVN,ALB,.0068556388738916
2009,SVN,ALB,.0124374853637835
2010,SVN,ALB,.0250837514744353
2012,SVN,ALB,-.0122971957669487
2015,SVN,ALB,.0061772515531642
2018,SVN,ALB,-.001388543069983
2019,SVN,ALB,-.0009206717444578
2021,SVN,ALB,-.0039065918208651
2023,SVN,ALB,.006402550489352
2025,SVN,ALB,
2004,ESP,SCG,
2005,ESP,SCG,
2004,ESP,ALB,
2005,ESP,ALB,
2008,ESP,ALB,
2009,ESP,ALB,
2010,ESP,ALB,
2012,ESP,ALB,
2015,ESP,ALB,
2018,ESP,ALB,
2019,ESP,ALB,
2021,ESP,ALB,
2023,ESP,ALB,
2025,ESP,ALB,
2004,SWE,SCG,
2005,SWE,SCG,
2004,SWE,ALB,.0381817749305806
2005,SWE,ALB,.0323385490739647
2008,SWE,ALB,.0276304948054856
2009,SWE,ALB,.0332123412953779
2010,SWE,ALB,.0458586074060281
2012,SWE,ALB,.0084776601646468
2015,SWE,ALB,.0269521074847578
2018,SWE,ALB,.0193863128616113
2019,SWE,ALB,.0198541841871364
2021,SWE,ALB,.016868264110729
2023,SWE,ALB,.027177406420946
2025,SWE,ALB,
2026,SWE,ALB,
2004,CHE,UKR,.0820583726829486
2005,CHE,UKR,.0762151468263333
2006,CHE,UKR,.087182431730783
2007,CHE,UKR,.085220361694846
2008,CHE,UKR,.0715070925578545
2009,CHE,UKR,.0770889390477464
2010,CHE,UKR,.089735205158397
2011,CHE,UKR,.080527069545609
2012,CHE,UKR,.052354257917015
2013,CHE,UKR,.0574446481899273
2014,CHE,UKR,.0759195897864304
2016,CHE,UKR,.063276823139108
2017,CHE,UKR,.0506545491070245
2018,CHE,UKR,.0632629106139799
2021,CHE,UKR,.0607448618630974
2022,CHE,UKR,.0518937846332413
2023,CHE,UKR,.0710540041733154
2024,CHE,UKR,.0846221633418435
2025,CHE,UKR,
2026,CHE,UKR,
2004,CHE,SCG,
2005,CHE,SCG,
2004,CHE,ALB,
2005,CHE,ALB,
2008,CHE,ALB,
2009,CHE,ALB,
2010,CHE,ALB,
2012,CHE,ALB,-.0059591921421376
2015,CHE,ALB,.0125152551779752
2018,CHE,ALB,.0049494605548276
2019,CHE,ALB,.0054173318803527
2021,CHE,ALB,.0024314118039454
2023,CHE,ALB,.0127405541141636
2025,CHE,ALB,
2026,CHE,ALB,
2004,TUR,SCG,
2005,TUR,SCG,
2004,TUR,ALB,
2005,TUR,ALB,
2008,TUR,ALB,
2009,TUR,ALB,
2010,TUR,ALB,
2012,TUR,ALB,
2004,UKR,SCG,
2005,UKR,SCG,
2004,UKR,ALB,
2005,UKR,ALB,
2008,UKR,ALB,
2009,UKR,ALB,
2010,UKR,ALB,
2012,UKR,ALB,
2018,UKR,ALB,
2021,UKR,ALB,
2023,UKR,ALB,
2025,UKR,ALB,
2026,UKR,ALB,
2004,UKR,MKD,
2005,UKR,MKD,
2006,UKR,MKD,
2007,UKR,MKD,
2012,UKR,MKD,
2004,GBR,SCG,
2005,GBR,SCG,
2004,GBR,ALB,
2005,GBR,ALB,
2008,GBR,ALB,
2009,GBR,ALB,
2010,GBR,ALB,
2012,GBR,ALB,
2015,GBR,ALB,
2018,GBR,ALB,
2019,GBR,ALB,
2021,GBR,ALB,
2023,GBR,ALB,
2025,GBR,ALB,
2026,GBR,ALB,
2005,ALB,ISR,
2006,ALB,ISR,
2008,ALB,ISR,
2009,ALB,ISR,
2010,ALB,ISR,
2015,ALB,ISR,
2016,ALB,ISR,
2017,ALB,ISR,
2018,ALB,ISR,
2019,ALB,ISR,
2021,ALB,ISR,
2023,ALB,ISR,
2024,ALB,ISR,
2025,ALB,ISR,
2026,ALB,ISR,
2005,ALB,LVA,
2006,ALB,LVA,
2007,ALB,LVA,
2008,ALB,LVA,
2015,ALB,LVA,
2016,ALB,LVA,
2024,ALB,LVA,
2025,ALB,LVA,
2005,ALB,MDA,
2006,ALB,MDA,
2007,ALB,MDA,
2009,ALB,MDA,
2010,ALB,MDA,
2011,ALB,MDA,
2012,ALB,MDA,
2013,ALB,MDA,
2017,ALB,MDA,
2018,ALB,MDA,
2021,ALB,MDA,
2022,ALB,MDA,
2023,ALB,MDA,
2026,ALB,MDA,
2005,ALB,CHE,
2006,ALB,CHE,
2011,ALB,CHE,
2014,ALB,CHE,
2019,ALB,CHE,
2021,ALB,CHE,
2022,ALB,CHE,
2023,ALB,CHE,
2024,ALB,CHE,
2025,ALB,CHE,
2005,ALB,DNK,
2006,ALB,DNK,
2008,ALB,DNK,
2009,ALB,DNK,
2010,ALB,DNK,
2011,ALB,DNK,
2012,ALB,DNK,
2013,ALB,DNK,
2014,ALB,DNK,
2017,ALB,DNK,
2018,ALB,DNK,
2019,ALB,DNK,
2025,ALB,DNK,
2026,ALB,DNK,
2005,ALB,HUN,
2007,ALB,HUN,
2011,ALB,HUN,
2012,ALB,HUN,
2013,ALB,HUN,
2014,ALB,HUN,
2015,ALB,HUN,
2016,ALB,HUN,
2017,ALB,HUN,
2018,ALB,HUN,
2005,AND,ISR,
2006,AND,ISR,
2008,AND,ISR,
2009,AND,ISR,
2005,AND,LVA,
2006,AND,LVA,
2007,AND,LVA,
2008,AND,LVA,
2005,AND,MDA,
2006,AND,MDA,
2007,AND,MDA,
2009,AND,MDA,
2005,AND,CHE,-.0592115800524825
2006,AND,CHE,-.0482442951480327
2005,AND,DNK,.000710184003692
2006,AND,DNK,.011677468908142
2008,AND,DNK,-.0039978702647881
2009,AND,DNK,.0015839762251039
2005,AND,HUN,
2007,AND,HUN,
2005,AUT,MDA,.0302804441235257
2007,AUT,MDA,.0392856589920374
2011,AUT,MDA,.0345923668428009
2012,AUT,MDA,.0064195552142063
2013,AUT,MDA,.0115099454871193
2017,AUT,MDA,.0047198464042159
2018,AUT,MDA,.0173282079111704
2021,AUT,MDA,.0148101591602891
2022,AUT,MDA,.0059590819304325
2023,AUT,MDA,.0251193014705064
2026,AUT,MDA,
2005,BLR,ISR,.039632331344547
2006,BLR,ISR,.0505996162489969
2008,BLR,ISR,.0349242770760675
2009,BLR,ISR,.0405061235659602
2010,BLR,ISR,.0531523896766102
2015,BLR,ISR,.0342458897553404
2016,BLR,ISR,.026694007657321
2017,BLR,ISR,.014071733625238
2018,BLR,ISR,.0266800951321936
2019,BLR,ISR,.0271479664577179
2005,BLR,LVA,.035083338793344
2006,BLR,LVA,.0460506236977934
2007,BLR,LVA,.0440885536618559
2008,BLR,LVA,.0303752845248645
2015,BLR,LVA,.0296968972041374
2016,BLR,LVA,.0221450151061178
2005,BLR,MDA,.0368458969913312
2006,BLR,MDA,.04781318189578
2007,BLR,MDA,.0458511118598433
2009,BLR,MDA,.0377196892127433
2010,BLR,MDA,.0503659553233939
2011,BLR,MDA,.0411578197106074
2012,BLR,MDA,.0129850080820116
2013,BLR,MDA,.0180753983549247
2017,BLR,MDA,.0112852992720214
2018,BLR,MDA,.023893660778977
2005,BLR,CHE,-.036481197224042
2006,BLR,CHE,-.0255139123195924
2011,BLR,CHE,-.0321692745047666
2014,BLR,CHE,-.0367767542639454
2019,BLR,CHE,-.0489655621108707
2005,BLR,DNK,.0234405668321327
2006,BLR,DNK,.0344078517365824
2008,BLR,DNK,.0187325125636534
2009,BLR,DNK,.0243143590535454
2010,BLR,DNK,.0369606251641962
2011,BLR,DNK,.0277524895514086
2012,BLR,DNK,-.0004203220771865
2013,BLR,DNK,.004670068195726
2014,BLR,DNK,.0231450097922296
2017,BLR,DNK,-.0021200308871767
2018,BLR,DNK,.0104883306197782
2019,BLR,DNK,.0109562019453039
2005,BLR,HUN,-.0997393318497585
2007,BLR,HUN,-.0907341169812467
2011,BLR,HUN,-.0954274091304833
2012,BLR,HUN,-.1236002207590781
2013,BLR,HUN,-.1185098304861651
2014,BLR,HUN,-.1000348888896626
2015,BLR,HUN,-.1051257734389662
2016,BLR,HUN,-.1126776555369849
2017,BLR,HUN,-.125299929569068
2018,BLR,HUN,-.1126915680621133
2005,BEL,MDA,.0182517154368801
2006,BEL,MDA,.0292190003413301
2007,BEL,MDA,.0272569303053927
2009,BEL,MDA,.0191255076582935
2010,BEL,MDA,.0317717737689439
2011,BEL,MDA,.0225636381561556
2012,BEL,MDA,-.0056091734724386
2013,BEL,MDA,-.0005187831995259
2017,BEL,MDA,-.0073088822824296
2018,BEL,MDA,.005299479224526
2021,BEL,MDA,.0027814304736443
2022,BEL,MDA,-.0060696467562118
2023,BEL,MDA,.0130905727838618
2026,BEL,MDA,
2005,BIH,MDA,
2006,BIH,MDA,
2007,BIH,MDA,
2009,BIH,MDA,
2010,BIH,MDA,
2011,BIH,MDA,
2012,BIH,MDA,
2005,BGR,GRC,.0233435622506961
2006,BGR,GRC,.0343108471551464
2007,BGR,GRC,.032348777119208
2008,BGR,GRC,.0186355079822166
2009,BGR,GRC,.0242173544721092
2010,BGR,GRC,.0368636205827598
2011,BGR,GRC,.0276554849699732
2012,BGR,GRC,-.0005173266586226
2013,BGR,GRC,.0045730636142908
2017,BGR,GRC,-.0022170354686127
2021,BGR,GRC,.0078732772874611
2022,BGR,GRC,-.0009777999423956
2026,BGR,GRC,
2005,BGR,MLT,.032762695771486
2006,BGR,MLT,.0437299806759358
2009,BGR,MLT,.0336364879928998
2012,BGR,MLT,.0089018068621673
2013,BGR,MLT,.0139921971350805
2016,BGR,MLT,.0198243720842597
2021,BGR,MLT,.0172924108082496
2026,BGR,MLT,
2005,BGR,ROU,-.0361159817859503
2006,BGR,ROU,-.0251486968815006
2007,BGR,ROU,-.0271107669174372
2008,BGR,ROU,-.0408240360544291
2009,BGR,ROU,-.035242189564537
2010,BGR,ROU,-.0225959234538866
2011,BGR,ROU,-.0318040590666746
2012,BGR,ROU,-.059976870695269
2013,BGR,ROU,-.0548864804223561
2017,BGR,ROU,-.061676579505259
2022,BGR,ROU,-.0604373439790432
2026,BGR,ROU,
2005,BGR,ISR,.0322022664388904
2006,BGR,ISR,.0431695513433397
2008,BGR,ISR,.0274942121704106
2009,BGR,ISR,.0330760586603032
2010,BGR,ISR,.0457223247709539
2016,BGR,ISR,.0192639427516641
2017,BGR,ISR,.0066416687195807
2018,BGR,ISR,.019250030226536
2021,BGR,ISR,.016731981475654
2026,BGR,ISR,
2005,BGR,LVA,.0276532738876868
2006,BGR,LVA,.0386205587921364
2007,BGR,LVA,.0366584887561991
2008,BGR,LVA,.0229452196192075
2016,BGR,LVA,.0147149502004606
2005,BGR,MDA,.0294158320856738
2006,BGR,MDA,.0403831169901237
2007,BGR,MDA,.0384210469541858
2009,BGR,MDA,.0302896243070865
2010,BGR,MDA,.0429358904177369
2011,BGR,MDA,.0337277548049494
2012,BGR,MDA,.005554943176355
2013,BGR,MDA,.0106453334492681
2017,BGR,MDA,.0038552343663644
2018,BGR,MDA,.0164635958733196
2021,BGR,MDA,.0139455471224381
2022,BGR,MDA,.0050944698925807
2026,BGR,MDA,
2005,BGR,SCG,
2005,BGR,CHE,-.0439112621296988
2006,BGR,CHE,-.0329439772252495
2011,BGR,CHE,-.0395993394104235
2021,BGR,CHE,-.0593815470929353
2022,BGR,CHE,-.0682326243227916
2005,BGR,NOR,.0062016800649055
2006,BGR,NOR,.0171689649693556
2008,BGR,NOR,.0014936257964264
2009,BGR,NOR,.0070754722863187
2010,BGR,NOR,.019721738396969
2012,BGR,NOR,-.0176592088444136
2013,BGR,NOR,-.0125688185715002
2017,BGR,NOR,-.0193589176544038
2018,BGR,NOR,-.0067505561474486
2021,BGR,NOR,-.0092686048983304
2022,BGR,NOR,-.0181196821281871
2026,BGR,NOR,
2005,BGR,DNK,.0160105019264756
2006,BGR,DNK,.0269777868309249
2008,BGR,DNK,.0113024476579964
2009,BGR,DNK,.0168842941478886
2010,BGR,DNK,.0295305602585391
2011,BGR,DNK,.0203224246457517
2012,BGR,DNK,-.0078503869828437
2013,BGR,DNK,-.0027599967099309
2017,BGR,DNK,-.0095500957928339
2018,BGR,DNK,.0030582657141215
2026,BGR,DNK,
2005,BGR,HRV,.005711593386047
2006,BGR,HRV,.0166788782904969
2008,BGR,HRV,.0010035391175681
2009,BGR,HRV,.0065853856074595
2016,BGR,HRV,-.0072267303011791
2017,BGR,HRV,-.0198490043332624
2026,BGR,HRV,
2005,BGR,HUN,-.1071693967554165
2007,BGR,HUN,-.0981641818869034
2011,BGR,HUN,-.1028574740361403
2012,BGR,HUN,-.1310302856647348
2013,BGR,HUN,-.1259398953918223
2016,BGR,HUN,-.120107720442642
2017,BGR,HUN,-.132729994474725
2018,BGR,HUN,-.1201216329677701
2005,BGR,TUR,.0235802981211546
2006,BGR,TUR,.0345475830256043
2007,BGR,TUR,.0325855129896674
2008,BGR,TUR,.0188722438526752
2009,BGR,TUR,.0244540903425672
2010,BGR,TUR,.0371003564532173
2012,BGR,TUR,-.0002805907881649
2005,BGR,BIH,.0230017070089449
2006,BGR,BIH,.0339689919133935
2007,BGR,BIH,.0320069218774563
2008,BGR,BIH,.0182936527404647
2009,BGR,BIH,.0238754992303568
2010,BGR,BIH,.036521765341008
2011,BGR,BIH,.0273136297282194
2012,BGR,BIH,-.0008591819003746
2005,BGR,RUS,.0225857641170092
2006,BGR,RUS,.0335530490214591
2007,BGR,RUS,.0315909789855217
2008,BGR,RUS,.0178777098485301
2009,BGR,RUS,.023459556338422
2010,BGR,RUS,.0361058224490723
2011,BGR,RUS,.0268976868362849
2012,BGR,RUS,-.0012751247923096
2013,BGR,RUS,.0038152654806031
2016,BGR,RUS,.0096474404297829
2021,BGR,RUS,.0071154791537734
2005,BGR,ALB,.0276588807396093
2008,BGR,ALB,.0229508264711297
2009,BGR,ALB,.0285326729610228
2010,BGR,ALB,.0411789390716731
2012,BGR,ALB,.0037979918302906
2018,BGR,ALB,.0147066445272552
2021,BGR,ALB,.0121885957763735
2026,BGR,ALB,
2005,BGR,MKD,
2006,BGR,MKD,
2007,BGR,MKD,
2012,BGR,MKD,
2005,BGR,CYP,.0214301786925656
2010,BGR,CYP,.0349502370246295
2012,BGR,CYP,-.0024307102167529
2016,BGR,CYP,.0084918550053397
2017,BGR,CYP,-.0041304190267439
2018,BGR,CYP,.0084779424802119
2021,BGR,CYP,.0059598937293288
2026,BGR,CYP,
2005,BGR,SWE,.0923035986076056
2006,BGR,SWE,.1032708835120552
2007,BGR,SWE,.1013088134761173
2008,BGR,SWE,.0875955443391253
2009,BGR,SWE,.0931773908290179
2011,BGR,SWE,.0966155213268809
2012,BGR,SWE,.0684427096982868
2013,BGR,SWE,.0735330999711986
2016,BGR,SWE,.079365274920379
2017,BGR,SWE,.0667430008882962
2018,BGR,SWE,.0793513623952513
2021,BGR,SWE,.076833313644369
2022,BGR,SWE,.0679822364145125
2026,BGR,SWE,
2005,BGR,UKR,.0859723307987611
2006,BGR,UKR,.0969396157032105
2007,BGR,UKR,.0949775456672733
2008,BGR,UKR,.0812642765302811
2009,BGR,UKR,.086846123020174
2010,BGR,UKR,.0994923891308236
2011,BGR,UKR,.0902842535180366
2012,BGR,UKR,.062111441889442
2013,BGR,UKR,.0672018321623541
2016,BGR,UKR,.073034007111535
2017,BGR,UKR,.0604117330794513
2018,BGR,UKR,.0730200945864067
2021,BGR,UKR,.0705020458355249
2022,BGR,UKR,.0616509686056685
2026,BGR,UKR,
2005,BGR,ESP,-.1175278926845288
2006,BGR,ESP,-.1065606077800793
2007,BGR,ESP,-.1085226778160166
2008,BGR,ESP,-.1222359469530084
2009,BGR,ESP,-.1166541004631161
2010,BGR,ESP,-.1040078343524655
2011,BGR,ESP,-.1132159699652528
2012,BGR,ESP,-.141388781593848
2013,BGR,ESP,-.1362983913209351
2016,BGR,ESP,-.130466216371755
2017,BGR,ESP,-.1430884904038383
2018,BGR,ESP,-.1304801288968832
2021,BGR,ESP,-.1329981776477649
2022,BGR,ESP,-.1418492548776211
2005,BGR,GBR,-.148327462283331
2006,BGR,GBR,-.1373601773788811
2007,BGR,GBR,-.1393222474148184
2008,BGR,GBR,-.1530355165518106
2009,BGR,GBR,-.1474536700619183
2010,BGR,GBR,-.1348074039512675
2011,BGR,GBR,-.1440155395640542
2012,BGR,GBR,-.1721883511926505
2013,BGR,GBR,-.1670979609197373
2016,BGR,GBR,-.1612657859705576
2017,BGR,GBR,-.1738880600026407
2018,BGR,GBR,-.1612796984956851
2021,BGR,GBR,-.1637977472465673
2022,BGR,GBR,-.1726488244764239
2026,BGR,GBR,
2005,BGR,FRA,-.1232248927236582
2006,BGR,FRA,-.1122576078192079
2007,BGR,FRA,-.1142196778551457
2008,BGR,FRA,-.1279329469921375
2009,BGR,FRA,-.1223511005022448
2010,BGR,FRA,-.1097048343915943
2011,BGR,FRA,-.1189129700043825
2012,BGR,FRA,-.1470857816329769
2013,BGR,FRA,-.1419953913600641
2016,BGR,FRA,-.1361632164108841
2017,BGR,FRA,-.148785490442967
2018,BGR,FRA,-.1361771289360125
2021,BGR,FRA,-.1386951776868938
2022,BGR,FRA,-.1475462549167507
2026,BGR,FRA,
2005,BGR,DEU,-.1920600264064795
2006,BGR,DEU,-.1810927415020295
2007,BGR,DEU,-.1830548115379662
2008,BGR,DEU,-.1967680806749589
2009,BGR,DEU,-.1911862341850664
2010,BGR,DEU,-.1785399680744159
2011,BGR,DEU,-.1877481036872034
2012,BGR,DEU,-.2159209153157983
2013,BGR,DEU,-.2108305250428849
2016,BGR,DEU,-.2049983500937051
2017,BGR,DEU,-.2176206241257884
2018,BGR,DEU,-.2050122626188335
2021,BGR,DEU,-.2075303113697155
2022,BGR,DEU,-.2163813885995719
2026,BGR,DEU,
2005,HRV,MDA,.0347124224521645
2006,HRV,MDA,.0456797073566139
2007,HRV,MDA,.0437176373206759
2009,HRV,MDA,.0355862146735768
2010,HRV,MDA,.0482324807842276
2011,HRV,MDA,.0390243451714404
2012,HRV,MDA,.0108515335428458
2013,HRV,MDA,.0159419238157585
2017,HRV,MDA,.0091518247328548
2018,HRV,MDA,.0217601862398098
2021,HRV,MDA,.0192421374889283
2022,HRV,MDA,.0103910602590716
2023,HRV,MDA,.0295512797991452
2026,HRV,MDA,
2005,CYP,MDA,.0782829922377865
2006,CYP,MDA,.0892502771422375
2007,CYP,MDA,.0872882071062992
2009,CYP,MDA,.0791567844592001
2010,CYP,MDA,.0918030505698503
2011,CYP,MDA,.0825949149570623
2012,CYP,MDA,.054422103328468
2013,CYP,MDA,.0595124936013809
2017,CYP,MDA,.0527223945184778
2018,CYP,MDA,.0653307560254325
2021,CYP,MDA,.0628127072745507
2022,CYP,MDA,.0539616300446939
2023,CYP,MDA,.0731218495847685
2026,CYP,MDA,
2005,DNK,MDA,.0373709792616824
2006,DNK,MDA,.0483382641661321
2007,DNK,MDA,.0463761941301941
2009,DNK,MDA,.0382447714830952
2010,DNK,MDA,.0508910375937456
2011,DNK,MDA,.0416829019809582
2012,DNK,MDA,.0135100903523629
2013,DNK,MDA,.018600480625276
2017,DNK,MDA,.0118103815423731
2018,DNK,MDA,.0244187430493282
2021,DNK,MDA,.0219006942984464
2022,DNK,MDA,.0130496170685898
2023,DNK,MDA,.0322098366086638
2026,DNK,MDA,
2005,EST,MDA,.039904559455396
2006,EST,MDA,.0508718443598459
2007,EST,MDA,.0489097743239084
2009,EST,MDA,.0407783516768084
2010,EST,MDA,.0534246177874587
2011,EST,MDA,.0442164821746712
2012,EST,MDA,.0160436705460766
2013,EST,MDA,.0211340608189893
2017,EST,MDA,.0143439617360861
2018,EST,MDA,.0269523232430415
2021,EST,MDA,.0244342744921595
2022,EST,MDA,.0155831972623036
2023,EST,MDA,.0347434168023769
2026,EST,MDA,
2005,FIN,MDA,.0405023906270202
2006,FIN,MDA,.0514696755314697
2007,FIN,MDA,.0495076054955325
2009,FIN,MDA,.0413761828484324
2010,FIN,MDA,.0540224489590828
2011,FIN,MDA,.0448143133462947
2012,FIN,MDA,.0166415017177005
2013,FIN,MDA,.0217318919906128
2017,FIN,MDA,.0149417929077105
2018,FIN,MDA,.0275501544146648
2021,FIN,MDA,.0250321056637838
2022,FIN,MDA,.0161810284339266
2023,FIN,MDA,.0353412479740012
2026,FIN,MDA,
2005,FRA,MDA,.0597582236134439
2006,FRA,MDA,.0707255085178932
2007,FRA,MDA,.0687634384819557
2009,FRA,MDA,.0606320158348572
2010,FRA,MDA,.0732782819455079
2011,FRA,MDA,.0640701463327195
2012,FRA,MDA,.0358973347041254
2013,FRA,MDA,.0409877249770381
2017,FRA,MDA,.0341976258941339
2018,FRA,MDA,.0468059874010901
2021,FRA,MDA,.0442879386502079
2022,FRA,MDA,.0354368614203519
2023,FRA,MDA,.0545970809604257
2026,FRA,MDA,
2005,DEU,MDA,
2006,DEU,MDA,
2007,DEU,MDA,
2009,DEU,MDA,
2010,DEU,MDA,
2011,DEU,MDA,
2012,DEU,MDA,
2013,DEU,MDA,
2017,DEU,MDA,
2018,DEU,MDA,
2021,DEU,MDA,-.0095885670580347
2022,DEU,MDA,-.0184396442878919
2023,DEU,MDA,.0007205752521822
2026,DEU,MDA,
2005,GRC,MDA,.0754035284848109
2006,GRC,MDA,.0863708133892606
2007,GRC,MDA,.0844087433533223
2009,GRC,MDA,.0762773207062239
2010,GRC,MDA,.0889235868168743
2011,GRC,MDA,.0797154512040866
2012,GRC,MDA,.0515426395754922
2013,GRC,MDA,.0566330298484049
2017,GRC,MDA,.0498429307655022
2018,GRC,MDA,.0624512922724567
2021,GRC,MDA,.0599332435215744
2022,GRC,MDA,.051082166291718
2023,GRC,MDA,.0702423858317926
2026,GRC,MDA,
2005,HUN,LVA,.022274847512686
2007,HUN,LVA,.0312800623811988
2008,HUN,LVA,.0175667932442067
2015,HUN,LVA,.0168884059234791
2016,HUN,LVA,.0093365238254604
2005,HUN,MDA,.0240374057106726
2007,HUN,MDA,.0330426205791851
2009,HUN,MDA,.0249111979320862
2011,HUN,MDA,.0283493284299482
2012,HUN,MDA,.0001765168013542
2013,HUN,MDA,.0052669070742669
2017,HUN,MDA,-.0015231920086358
2018,HUN,MDA,.0110851694983197
2005,HUN,SCG,
2005,HUN,ALB,.0222804543646083
2008,HUN,ALB,.0175724000961288
2009,HUN,ALB,.0231542465860221
2012,HUN,ALB,-.0015804345447107
2015,HUN,ALB,.0168940127754012
2018,HUN,ALB,.0093282181522551
2019,HUN,ALB,.0097960894777799
2005,HUN,UKR,.0805939044237596
2007,HUN,UKR,.0895991192922732
2008,HUN,UKR,.0758858501552815
2009,HUN,UKR,.0814676966451732
2011,HUN,UKR,.0849058271430358
2012,HUN,UKR,.0567330155144411
2013,HUN,UKR,.0618234057873538
2014,HUN,UKR,.080298347383857
2016,HUN,UKR,.0676555807365349
2017,HUN,UKR,.055033306704451
2018,HUN,UKR,.0676416682114064
2005,ISL,MDA,.1001656718807782
2006,ISL,MDA,.1111329567852281
2007,ISL,MDA,.1091708867492906
2009,ISL,MDA,.1010394641021907
2010,ISL,MDA,.1136857302128413
2011,ISL,MDA,.1044775946000536
2012,ISL,MDA,.0763047829714593
2013,ISL,MDA,.0813951732443718
2017,ISL,MDA,.0746050741614682
2018,ISL,MDA,.0872134356684243
2021,ISL,MDA,.0846953869175419
2022,ISL,MDA,.0758443096876849
2023,ISL,MDA,.0950045292277594
2005,IRL,MDA,.0693768117321639
2006,IRL,MDA,.0803440966366143
2007,IRL,MDA,.0783820266006766
2009,IRL,MDA,.0702506039535774
2010,IRL,MDA,.0828968700642272
2011,IRL,MDA,.0736887344514408
2012,IRL,MDA,.0455159228228454
2013,IRL,MDA,.0506063130957583
2017,IRL,MDA,.0438162140128553
2018,IRL,MDA,.0564245755198104
2021,IRL,MDA,.0539065267689284
2022,IRL,MDA,.0450554495390714
2023,IRL,MDA,.0642156690791459
2005,ISR,MDA,.1108029106061836
2006,ISR,MDA,.1217701955106333
2007,ISR,MDA,.1198081254746957
2009,ISR,MDA,.1116767028275961
2010,ISR,MDA,.1243229689382467
2011,ISR,MDA,.1151148333254596
2012,ISR,MDA,.0869420216968644
2013,ISR,MDA,.0920324119697774
2017,ISR,MDA,.0852423128868737
2018,ISR,MDA,.0978506743938292
2021,ISR,MDA,.0953326256429475
2022,ISR,MDA,.0864815484130911
2023,ISR,MDA,.1056417679531643
2026,ISR,MDA,
2005,LVA,MDA,.0418426017517272
2006,LVA,MDA,.052809886656177
2007,LVA,MDA,.0508478166202396
2009,LVA,MDA,.0427163939731399
2010,LVA,MDA,.0553626600837907
2011,LVA,MDA,.0461545244710033
2012,LVA,MDA,.017981712842409
2013,LVA,MDA,.0230721031153218
2017,LVA,MDA,.0162820040324184
2018,LVA,MDA,.0288903655393737
2021,LVA,MDA,.0263723167884913
2022,LVA,MDA,.0175212395586345
2023,LVA,MDA,.0366814590987083
2026,LVA,MDA,
2005,LVA,HUN,-.0947426270893623
2007,LVA,HUN,-.0857374122208492
2011,LVA,HUN,-.0904307043700862
2012,LVA,HUN,-.1186035159986807
2013,LVA,HUN,-.1135131257257677
2014,LVA,HUN,-.0950381841292654
2015,LVA,HUN,-.1001290686785686
2016,LVA,HUN,-.1076809507765879
2017,LVA,HUN,-.1203032248086713
2018,LVA,HUN,-.1076948633017158
2005,LTU,MDA,.0337316085965762
2006,LTU,MDA,.0446988935010252
2007,LTU,MDA,.0427368234650881
2009,LTU,MDA,.0346054008179887
2010,LTU,MDA,.0472516669286391
2011,LTU,MDA,.0380435313158511
2012,LTU,MDA,.0098707196872568
2013,LTU,MDA,.0149611099601695
2017,LTU,MDA,.008171010877266
2018,LTU,MDA,.0207793723842217
2021,LTU,MDA,.0182613236333402
2022,LTU,MDA,.0094102464034829
2023,LTU,MDA,.0285704659435574
2026,LTU,MDA,
2005,MLT,MDA,.0633797655369084
2006,MLT,MDA,.0743470504413582
2007,MLT,MDA,.0723849804054216
2009,MLT,MDA,.0642535577583218
2010,MLT,MDA,.0768998238689723
2011,MLT,MDA,.0676916882561849
2012,MLT,MDA,.0395188766275898
2013,MLT,MDA,.0446092669005027
2017,MLT,MDA,.0378191678176
2018,MLT,MDA,.0504275293245547
2021,MLT,MDA,.0479094805736731
2022,MLT,MDA,.039058403343816
2023,MLT,MDA,.05821862288389
2026,MLT,MDA,
2005,MDA,GRC,.0634896486642582
2006,MDA,GRC,.0744569335687092
2007,MDA,GRC,.0724948635327717
2008,MDA,GRC,.0587815943957787
2009,MDA,GRC,.0643634408856713
2010,MDA,GRC,.0770097069963221
2011,MDA,GRC,.0678015713835342
2012,MDA,GRC,.03962875975494
2013,MDA,GRC,.0447191500278525
2014,MDA,GRC,.063194091624355
2015,MDA,GRC,.0581032070750515
2017,MDA,GRC,.0379290509449493
2019,MDA,GRC,.0510052837774297
2021,MDA,GRC,.0480193637010229
2022,MDA,GRC,.039168286471166
2024,MDA,GRC,.0718966651797689
2026,MDA,GRC,
2005,MDA,MLT,
2006,MDA,MLT,
2009,MDA,MLT,
2012,MDA,MLT,
2013,MDA,MLT,
2014,MDA,MLT,
2016,MDA,MLT,
2019,MDA,MLT,
2021,MDA,MLT,
2026,MDA,MLT,
2005,MDA,ROU,.0040301046276113
2006,MDA,ROU,.0149973895320626
2007,MDA,ROU,.013035319496124
2008,MDA,ROU,-.0006779496408676
2009,MDA,ROU,.0049038968490249
2010,MDA,ROU,.0175501629596757
2011,MDA,ROU,.0083420273468891
2012,MDA,ROU,-.0198307842817067
2013,MDA,ROU,-.0147403940087941
2014,MDA,ROU,.003734547587709
2015,MDA,ROU,-.0013563369615946
2017,MDA,ROU,-.0215304930916968
2022,MDA,ROU,-.0202912575654801
2026,MDA,ROU,
2005,MDA,ISR,.0723483528524526
2006,MDA,ISR,.0833156377569022
2008,MDA,ISR,.0676402985839731
2009,MDA,ISR,.0732221450738656
2010,MDA,ISR,.0858684111845165
2015,MDA,ISR,.0669619112632456
2016,MDA,ISR,.0594100291652263
2017,MDA,ISR,.0467877551331434
2018,MDA,ISR,.0593961166400983
2019,MDA,ISR,.059863987965624
2021,MDA,ISR,.0568780678892158
2023,MDA,ISR,.0671872101994338
2024,MDA,ISR,.0807553693679616
2026,MDA,ISR,
2005,MDA,LVA,.0677993603012492
2006,MDA,LVA,.0787666452056989
2007,MDA,LVA,.0768045751697618
2008,MDA,LVA,.0630913060327697
2015,MDA,LVA,.0624129187120421
2016,MDA,LVA,.0548610366140227
2024,MDA,LVA,.0762063768167588
2005,MDA,SCG,
2005,MDA,CHE,
2006,MDA,CHE,
2011,MDA,CHE,
2014,MDA,CHE,
2019,MDA,CHE,
2021,MDA,CHE,
2022,MDA,CHE,
2023,MDA,CHE,
2024,MDA,CHE,
2005,MDA,NOR,
2006,MDA,NOR,
2008,MDA,NOR,
2009,MDA,NOR,
2010,MDA,NOR,
2012,MDA,NOR,
2013,MDA,NOR,
2014,MDA,NOR,
2015,MDA,NOR,
2017,MDA,NOR,
2018,MDA,NOR,
2019,MDA,NOR,
2021,MDA,NOR,
2022,MDA,NOR,
2023,MDA,NOR,
2024,MDA,NOR,
2026,MDA,NOR,
2005,MDA,DNK,
2006,MDA,DNK,
2008,MDA,DNK,
2009,MDA,DNK,
2010,MDA,DNK,
2011,MDA,DNK,
2012,MDA,DNK,
2013,MDA,DNK,
2014,MDA,DNK,
2017,MDA,DNK,
2018,MDA,DNK,
2019,MDA,DNK,
2026,MDA,DNK,
2005,MDA,HRV,
2006,MDA,HRV,
2008,MDA,HRV,
2009,MDA,HRV,
2016,MDA,HRV,
2017,MDA,HRV,
2023,MDA,HRV,
2024,MDA,HRV,
2026,MDA,HRV,
2005,MDA,HUN,-.0670233103418534
2007,MDA,HUN,-.0580180954733415
2011,MDA,HUN,-.0627113876225781
2012,MDA,HUN,-.0908841992511726
2013,MDA,HUN,-.0857938089782601
2014,MDA,HUN,-.0673188673817566
2015,MDA,HUN,-.0724097519310597
2016,MDA,HUN,-.0799616340290804
2017,MDA,HUN,-.0925839080611632
2018,MDA,HUN,-.0799755465542076
2005,MDA,TUR,.0637263845347175
2006,MDA,TUR,.0746936694391659
2007,MDA,TUR,.0727315994032283
2008,MDA,TUR,.0590183302662382
2009,MDA,TUR,.0646001767561304
2010,MDA,TUR,.0772464428667813
2012,MDA,TUR,.0398654956253979
2005,MDA,BIH,
2006,MDA,BIH,
2007,MDA,BIH,
2008,MDA,BIH,
2009,MDA,BIH,
2010,MDA,BIH,
2011,MDA,BIH,
2012,MDA,BIH,
2005,MDA,RUS,.0627318505305716
2006,MDA,RUS,.0736991354350216
2007,MDA,RUS,.0717370653990839
2008,MDA,RUS,.0580237962620919
2009,MDA,RUS,.0636056427519842
2010,MDA,RUS,.0762519088626353
2011,MDA,RUS,.0670437732498469
2012,MDA,RUS,.0388709616212534
2013,MDA,RUS,.0439613518941657
2014,MDA,RUS,.0624362934906683
2015,MDA,RUS,.057345408941365
2016,MDA,RUS,.0497935268433451
2019,MDA,RUS,.0502474856437427
2021,MDA,RUS,.0472615655673363
2005,MDA,ALB,
2008,MDA,ALB,
2009,MDA,ALB,
2010,MDA,ALB,
2012,MDA,ALB,
2015,MDA,ALB,
2018,MDA,ALB,
2019,MDA,ALB,
2021,MDA,ALB,
2023,MDA,ALB,
2026,MDA,ALB,
2005,MDA,MKD,
2006,MDA,MKD,
2007,MDA,MKD,
2012,MDA,MKD,
2019,MDA,MKD,
2005,MDA,CYP,
2010,MDA,CYP,
2012,MDA,CYP,
2015,MDA,CYP,
2016,MDA,CYP,
2017,MDA,CYP,
2018,MDA,CYP,
2019,MDA,CYP,
2021,MDA,CYP,
2023,MDA,CYP,
2024,MDA,CYP,
2026,MDA,CYP,
2005,MDA,SWE,
2006,MDA,SWE,
2007,MDA,SWE,
2008,MDA,SWE,
2009,MDA,SWE,
2011,MDA,SWE,
2012,MDA,SWE,
2013,MDA,SWE,
2014,MDA,SWE,
2015,MDA,SWE,
2016,MDA,SWE,
2017,MDA,SWE,
2018,MDA,SWE,
2019,MDA,SWE,
2021,MDA,SWE,
2022,MDA,SWE,
2023,MDA,SWE,
2024,MDA,SWE,
2026,MDA,SWE,
2005,MDA,UKR,.1261184172123226
2006,MDA,UKR,.137085702116773
2007,MDA,UKR,.1351236320808357
2008,MDA,UKR,.1214103629438443
2009,MDA,UKR,.1269922094337361
2010,MDA,UKR,.139638475544386
2011,MDA,UKR,.1304303399315991
2012,MDA,UKR,.1022575283030042
2013,MDA,UKR,.1073479185759177
2014,MDA,UKR,.12582286017242
2016,MDA,UKR,.1131800935250976
2017,MDA,UKR,.1005578194930143
2018,MDA,UKR,.1131661809999687
2021,MDA,UKR,.1106481322490867
2022,MDA,UKR,.1017970550192318
2023,MDA,UKR,.1209572745593051
2024,MDA,UKR,.1345254337278334
2026,MDA,UKR,
2005,MDA,ESP,-.0773818062709667
2006,MDA,ESP,-.0664145213665168
2007,MDA,ESP,-.0683765914024538
2008,MDA,ESP,-.0820898605394459
2009,MDA,ESP,-.0765080140495538
2010,MDA,ESP,-.0638617479389031
2011,MDA,ESP,-.0730698835516913
2012,MDA,ESP,-.1012426951802857
2013,MDA,ESP,-.0961523049073723
2014,MDA,ESP,-.0776773633108701
2015,MDA,ESP,-.0827682478601739
2016,MDA,ESP,-.0903201299581928
2017,MDA,ESP,-.102942403990276
2018,MDA,ESP,-.0903340424833209
2019,MDA,ESP,-.0898661711577961
2021,MDA,ESP,-.0928520912342028
2022,MDA,ESP,-.101703168464059
2023,MDA,ESP,-.0825429489239851
2024,MDA,ESP,-.068974789755457
2005,MDA,GBR,-.1081813758697685
2006,MDA,GBR,-.0972140909653196
2007,MDA,GBR,-.099176161001257
2008,MDA,GBR,-.1128894301382478
2009,MDA,GBR,-.1073075836483565
2010,MDA,GBR,-.0946613175377054
2011,MDA,GBR,-.1038694531504929
2012,MDA,GBR,-.1320422647790879
2013,MDA,GBR,-.1269518745061753
2014,MDA,GBR,-.108476932909672
2015,MDA,GBR,-.1135678174589754
2016,MDA,GBR,-.1211196995569951
2017,MDA,GBR,-.1337419735890783
2018,MDA,GBR,-.1211336120821226
2019,MDA,GBR,-.1206657407565972
2021,MDA,GBR,-.1236516608330047
2022,MDA,GBR,-.1325027380628615
2023,MDA,GBR,-.1133425185227877
2024,MDA,GBR,-.0997743593542588
2026,MDA,GBR,
2005,MDA,FRA,-.0830788063100957
2006,MDA,FRA,-.072111521405646
2007,MDA,FRA,-.0740735914415835
2008,MDA,FRA,-.0877868605785757
2009,MDA,FRA,-.0822050140886826
2010,MDA,FRA,-.0695587479780329
2011,MDA,FRA,-.0787668835908197
2012,MDA,FRA,-.1069396952194145
2013,MDA,FRA,-.1018493049465018
2014,MDA,FRA,-.0833743633499994
2015,MDA,FRA,-.0884652478993025
2016,MDA,FRA,-.0960171299973225
2017,MDA,FRA,-.1086394040294043
2018,MDA,FRA,-.0960310425224499
2019,MDA,FRA,-.095563171196925
2021,MDA,FRA,-.0985490912733317
2022,MDA,FRA,-.1074001685031886
2023,MDA,FRA,-.0882399489631146
2024,MDA,FRA,-.0746717897945852
2026,MDA,FRA,
2005,MDA,DEU,-.1519139399929161
2006,MDA,DEU,-.1409466550884668
2007,MDA,DEU,-.1429087251244044
2008,MDA,DEU,-.1566219942613961
2009,MDA,DEU,-.1510401477715038
2010,MDA,DEU,-.1383938816608538
2011,MDA,DEU,-.1476020172736418
2012,MDA,DEU,-.1757748289022365
2013,MDA,DEU,-.1706844386293232
2014,MDA,DEU,-.1522094970328202
2015,MDA,DEU,-.1573003815821238
2016,MDA,DEU,-.1648522636801433
2017,MDA,DEU,-.1774745377122262
2018,MDA,DEU,-.1648661762052712
2019,MDA,DEU,-.1643983048797463
2021,MDA,DEU,-.1673842249561525
2022,MDA,DEU,-.1762353021860099
2023,MDA,DEU,-.1570750826459353
2024,MDA,DEU,-.143506923477407
2026,MDA,DEU,
2005,MCO,LVA,
2006,MCO,LVA,
2005,MCO,MDA,
2006,MCO,MDA,
2005,MCO,HUN,
2005,NLD,MDA,
2006,NLD,MDA,
2007,NLD,MDA,
2009,NLD,MDA,.0163956511081503
2010,NLD,MDA,.0290419172188012
2011,NLD,MDA,.0198337816060137
2012,NLD,MDA,-.0083390300225809
2013,NLD,MDA,-.0032486397496681
2017,NLD,MDA,-.0100387388325713
2018,NLD,MDA,.0025696226743836
2021,NLD,MDA,.0000515739235015
2022,NLD,MDA,-.0087995033063552
2023,NLD,MDA,.0103607162337193
2005,MKD,MDA,
2006,MKD,MDA,
2007,MKD,MDA,
2009,MKD,MDA,
2010,MKD,MDA,
2011,MKD,MDA,
2012,MKD,MDA,
2013,MKD,MDA,
2017,MKD,MDA,
2018,MKD,MDA,
2021,MKD,MDA,
2022,MKD,MDA,
2005,NOR,MDA,.0455369360587985
2006,NOR,MDA,.056504220963248
2007,NOR,MDA,.0545421509273107
2009,NOR,MDA,.0464107282802115
2010,NOR,MDA,.0590569943908622
2011,NOR,MDA,.0498488587780743
2012,NOR,MDA,.0216760471494801
2013,NOR,MDA,.026766437422392
2017,NOR,MDA,.0199763383394893
2018,NOR,MDA,.0325846998464441
2021,NOR,MDA,.0300666510955626
2022,NOR,MDA,.0212155738657059
2023,NOR,MDA,.04037579340578
2026,NOR,MDA,
2005,POL,MDA,.0246184787703863
2006,POL,MDA,.0355857636748358
2007,POL,MDA,.0336236936388986
2009,POL,MDA,.0254922709917995
2010,POL,MDA,.0381385371024497
2011,POL,MDA,.0289304014896618
2017,POL,MDA,-.0009421189489231
2018,POL,MDA,.0116662425580323
2021,POL,MDA,.00914819380715
2022,POL,MDA,.0002971165772931
2023,POL,MDA,.0194573361173677
2026,POL,MDA,
2005,PRT,MDA,.0968274846971771
2006,PRT,MDA,.107794769601627
2007,PRT,MDA,.1058326995656889
2009,PRT,MDA,.09770127691859
2010,PRT,MDA,.1103475430292408
2011,PRT,MDA,.1011394074164529
2012,PRT,MDA,.0729665957878586
2017,PRT,MDA,.0712668869778681
2018,PRT,MDA,.0838752484848239
2021,PRT,MDA,.0813571997339418
2022,PRT,MDA,.0725061225040848
2023,PRT,MDA,.0916663420441589
2026,PRT,MDA,
2005,ROU,MDA,.0566490660336348
2006,ROU,MDA,.0676163509380838
2007,ROU,MDA,.0656542809021458
2009,ROU,MDA,.057522858255047
2010,ROU,MDA,.0701691243656974
2011,ROU,MDA,.0609609887529115
2012,ROU,MDA,.0327881771243153
2013,ROU,MDA,.0378785673972286
2017,ROU,MDA,.0310884683143253
2018,ROU,MDA,.0436968298212807
2021,ROU,MDA,.0411787810703978
2022,ROU,MDA,.0323277038405421
2023,ROU,MDA,.051487923380615
2026,ROU,MDA,
2005,RUS,MDA,.0229818737655687
2006,RUS,MDA,.0339491586700179
2007,RUS,MDA,.0319870886340809
2009,RUS,MDA,.0238556659869807
2010,RUS,MDA,.0365019320976316
2011,RUS,MDA,.0272937964848442
2012,RUS,MDA,-.0008790151437508
2013,RUS,MDA,.0042113751291618
2018,RUS,MDA,.0100296375532152
2021,RUS,MDA,.0075115888023323
2005,SCG,ISR,
2006,SCG,ISR,
2005,SCG,LVA,
2006,SCG,LVA,
2005,SCG,MDA,
2006,SCG,MDA,
2005,SCG,CHE,
2006,SCG,CHE,
2005,SCG,DNK,
2006,SCG,DNK,
2005,SCG,HUN,
2005,SVN,MDA,.0133206444884356
2006,SVN,MDA,.0242879293928852
2007,SVN,MDA,.0223258593569476
2009,SVN,MDA,.0141944367098479
2010,SVN,MDA,.0268407028204994
2011,SVN,MDA,.0176325672077111
2012,SVN,MDA,-.0105402444208835
2013,SVN,MDA,-.0054498541479714
2017,SVN,MDA,-.0122399532308735
2018,SVN,MDA,.0003684082760813
2021,SVN,MDA,-.0021496404748009
2022,SVN,MDA,-.0110007177046574
2023,SVN,MDA,.0081595018354164
2005,ESP,MDA,.0797171962191702
2006,ESP,MDA,.0906844811236192
2007,ESP,MDA,.0887224110876817
2009,ESP,MDA,.0805909884405824
2010,ESP,MDA,.0932372545512334
2011,ESP,MDA,.0840291189384458
2012,ESP,MDA,.0558563073098506
2013,ESP,MDA,.0609466975827642
2017,ESP,MDA,.0541565984998615
2018,ESP,MDA,.066764960006816
2021,ESP,MDA,.064246911255934
2022,ESP,MDA,.0553958340260772
2023,ESP,MDA,.0745560535661516
2005,SWE,MDA,
2006,SWE,MDA,
2007,SWE,MDA,
2009,SWE,MDA,.0349692926414418
2010,SWE,MDA,.0476155587520928
2011,SWE,MDA,.038407423139305
2012,SWE,MDA,.0102346115107101
2013,SWE,MDA,.0153250017836231
2017,SWE,MDA,.0085349027007204
2018,SWE,MDA,.0211432642076753
2021,SWE,MDA,.0186252154567938
2022,SWE,MDA,.0097741382269361
2023,SWE,MDA,.0289343577670107
2026,SWE,MDA,
2005,CHE,MDA,
2006,CHE,MDA,
2007,CHE,MDA,
2009,CHE,MDA,
2010,CHE,MDA,
2011,CHE,MDA,.0239705708325219
2012,CHE,MDA,-.0042022407960728
2013,CHE,MDA,.0008881494768395
2017,CHE,MDA,-.0059019496060632
2018,CHE,MDA,.006706411900892
2021,CHE,MDA,.0041883631500096
2022,CHE,MDA,-.0046627140798464
2023,CHE,MDA,.0144975054602268
2026,CHE,MDA,
2005,TUR,MDA,.0335728091511512
2006,TUR,MDA,.0445400940556009
2007,TUR,MDA,.0425780240196639
2009,TUR,MDA,.0344466013725639
2010,TUR,MDA,.0470928674832148
2011,TUR,MDA,.0378847318704274
2012,TUR,MDA,.0097119202418319
2005,UKR,MDA,.0379614164850056
2006,UKR,MDA,.0489287013894551
2007,UKR,MDA,.0469666313535184
2009,UKR,MDA,.0388352087064186
2010,UKR,MDA,.0514814748170701
2011,UKR,MDA,.0422733392042816
2012,UKR,MDA,.0141005275756869
2013,UKR,MDA,.0191909178485998
2017,UKR,MDA,.0124008187656965
2018,UKR,MDA,.0250091802726511
2021,UKR,MDA,.0224911315217697
2022,UKR,MDA,.013640054291913
2023,UKR,MDA,.0328002738319865
2026,UKR,MDA,
2005,UKR,CHE,
2006,UKR,CHE,
2011,UKR,CHE,
2014,UKR,CHE,
2021,UKR,CHE,
2022,UKR,CHE,
2023,UKR,CHE,
2024,UKR,CHE,
2025,UKR,CHE,
2005,UKR,DNK,
2006,UKR,DNK,
2008,UKR,DNK,
2009,UKR,DNK,
2010,UKR,DNK,
2011,UKR,DNK,
2012,UKR,DNK,
2013,UKR,DNK,
2014,UKR,DNK,
2017,UKR,DNK,
2018,UKR,DNK,
2025,UKR,DNK,
2026,UKR,DNK,
2005,UKR,HUN,
2007,UKR,HUN,
2011,UKR,HUN,
2012,UKR,HUN,
2013,UKR,HUN,
2014,UKR,HUN,
2016,UKR,HUN,
2017,UKR,HUN,
2018,UKR,HUN,
2005,GBR,MDA,
2006,GBR,MDA,
2007,GBR,MDA,
2009,GBR,MDA,
2010,GBR,MDA,
2011,GBR,MDA,
2012,GBR,MDA,
2013,GBR,MDA,
2017,GBR,MDA,
2018,GBR,MDA,
2021,GBR,MDA,
2022,GBR,MDA,
2023,GBR,MDA,
2026,GBR,MDA,
2006,ALB,FIN,
2007,ALB,FIN,
2008,ALB,FIN,
2009,ALB,FIN,
2011,ALB,FIN,
2013,ALB,FIN,
2014,ALB,FIN,
2018,ALB,FIN,
2021,ALB,FIN,
2022,ALB,FIN,
2023,ALB,FIN,
2024,ALB,FIN,
2025,ALB,FIN,
2026,ALB,FIN,
2006,ALB,LTU,
2007,ALB,LTU,
2009,ALB,LTU,
2011,ALB,LTU,
2012,ALB,LTU,
2013,ALB,LTU,
2015,ALB,LTU,
2016,ALB,LTU,
2018,ALB,LTU,
2021,ALB,LTU,
2022,ALB,LTU,
2023,ALB,LTU,
2024,ALB,LTU,
2025,ALB,LTU,
2026,ALB,LTU,
2006,ALB,ARM,
2007,ALB,ARM,
2008,ALB,ARM,
2009,ALB,ARM,
2010,ALB,ARM,
2013,ALB,ARM,
2014,ALB,ARM,
2015,ALB,ARM,
2016,ALB,ARM,
2017,ALB,ARM,
2022,ALB,ARM,
2023,ALB,ARM,
2024,ALB,ARM,
2025,ALB,ARM,
2006,AND,FIN,
2007,AND,FIN,
2008,AND,FIN,
2009,AND,FIN,
2006,AND,LTU,
2007,AND,LTU,
2009,AND,LTU,
2006,AND,ARM,
2007,AND,ARM,
2008,AND,ARM,
2009,AND,ARM,
2006,ARM,FIN,
2007,ARM,FIN,
2008,ARM,FIN,
2009,ARM,FIN,
2011,ARM,FIN,
2013,ARM,FIN,
2014,ARM,FIN,
2018,ARM,FIN,
2022,ARM,FIN,
2023,ARM,FIN,
2024,ARM,FIN,
2025,ARM,FIN,
2026,ARM,FIN,
2006,ARM,RUS,.1742128912348095
2007,ARM,RUS,.1722508211988714
2008,ARM,RUS,.1585375520618797
2009,ARM,RUS,.1641193985517712
2010,ARM,RUS,.176765664662422
2011,ARM,RUS,.1675575290496348
2013,ARM,RUS,.1444751076939537
2014,ARM,RUS,.162950049290457
2015,ARM,RUS,.1578591647411521
2016,ARM,RUS,.150307282643133
2019,ARM,RUS,.1507612414435302
2006,ARM,BIH,
2007,ARM,BIH,
2008,ARM,BIH,
2009,ARM,BIH,
2010,ARM,BIH,
2011,ARM,BIH,
2006,ARM,ROU,
2007,ARM,ROU,
2008,ARM,ROU,
2009,ARM,ROU,
2010,ARM,ROU,
2011,ARM,ROU,
2013,ARM,ROU,
2014,ARM,ROU,
2015,ARM,ROU,
2017,ARM,ROU,
2022,ARM,ROU,
2026,ARM,ROU,
2006,ARM,SWE,
2007,ARM,SWE,
2008,ARM,SWE,
2009,ARM,SWE,
2011,ARM,SWE,
2013,ARM,SWE,
2014,ARM,SWE,
2015,ARM,SWE,
2016,ARM,SWE,
2017,ARM,SWE,
2018,ARM,SWE,
2019,ARM,SWE,
2022,ARM,SWE,
2023,ARM,SWE,
2024,ARM,SWE,
2025,ARM,SWE,
2026,ARM,SWE,
2006,ARM,LTU,
2007,ARM,LTU,
2009,ARM,LTU,
2011,ARM,LTU,
2013,ARM,LTU,
2015,ARM,LTU,
2016,ARM,LTU,
2018,ARM,LTU,
2022,ARM,LTU,
2023,ARM,LTU,
2024,ARM,LTU,
2025,ARM,LTU,
2026,ARM,LTU,
2006,ARM,UKR,.2375994579165607
2007,ARM,UKR,.2356373878806227
2008,ARM,UKR,.2219241187436309
2009,ARM,UKR,.2275059652335237
2010,ARM,UKR,.2401522313441732
2011,ARM,UKR,.2309440957313865
2013,ARM,UKR,.2078616743757042
2014,ARM,UKR,.2263366159722071
2016,ARM,UKR,.2136938493248838
2017,ARM,UKR,.2010715752928015
2018,ARM,UKR,.2136799367997559
2022,ARM,UKR,.2023108108190177
2023,ARM,UKR,.221471030359092
2024,ARM,UKR,.2350391895276207
2025,ARM,UKR,
2026,ARM,UKR,
2006,ARM,GRC,.1749706893684964
2007,ARM,GRC,.1730086193325583
2008,ARM,GRC,.1592953501955665
2009,ARM,GRC,.164877196685459
2010,ARM,GRC,.1775234627961098
2011,ARM,GRC,.1683153271833221
2013,ARM,GRC,.1452329058276405
2014,ARM,GRC,.1637078474241431
2015,ARM,GRC,.1586169628748397
2017,ARM,GRC,.138442806744737
2019,ARM,GRC,.1515190395772175
2022,ARM,GRC,.1396820422709533
2024,ARM,GRC,.1724104209795562
2025,ARM,GRC,
2026,ARM,GRC,
2006,ARM,IRL,
2007,ARM,IRL,
2010,ARM,IRL,
2011,ARM,IRL,
2013,ARM,IRL,
2018,ARM,IRL,
2024,ARM,IRL,
2006,ARM,TUR,.1752074252389544
2007,ARM,TUR,.1732453552030169
2008,ARM,TUR,.1595320860660251
2009,ARM,TUR,.1651139325559165
2010,ARM,TUR,.1777601986665679
2006,ARM,MKD,
2007,ARM,MKD,
2019,ARM,MKD,
2006,ARM,HRV,
2008,ARM,HRV,
2009,ARM,HRV,
2016,ARM,HRV,
2017,ARM,HRV,
2023,ARM,HRV,
2024,ARM,HRV,
2026,ARM,HRV,
2006,ARM,NOR,
2008,ARM,NOR,
2009,ARM,NOR,
2010,ARM,NOR,
2013,ARM,NOR,
2014,ARM,NOR,
2015,ARM,NOR,
2017,ARM,NOR,
2018,ARM,NOR,
2019,ARM,NOR,
2022,ARM,NOR,
2023,ARM,NOR,
2024,ARM,NOR,
2025,ARM,NOR,
2026,ARM,NOR,
2006,ARM,DEU,-.0404328992886797
2007,ARM,DEU,-.0423949693246168
2008,ARM,DEU,-.0561082384616087
2009,ARM,DEU,-.0505263919717168
2010,ARM,DEU,-.0378801258610662
2011,ARM,DEU,-.0470882614738528
2013,ARM,DEU,-.0701706828295361
2014,ARM,DEU,-.0516957412330321
2015,ARM,DEU,-.0567866257823355
2016,ARM,DEU,-.0643385078803553
2017,ARM,DEU,-.0769607819124384
2018,ARM,DEU,-.0643524204054837
2019,ARM,DEU,-.0638845490799579
2022,ARM,DEU,-.0757215463862218
2023,ARM,DEU,-.0565613268461476
2024,ARM,DEU,-.0429931676776194
2025,ARM,DEU,
2026,ARM,DEU,
2006,ARM,CHE,
2011,ARM,CHE,
2014,ARM,CHE,
2019,ARM,CHE,
2022,ARM,CHE,
2023,ARM,CHE,
2024,ARM,CHE,
2025,ARM,CHE,
2006,ARM,LVA,
2007,ARM,LVA,
2008,ARM,LVA,
2015,ARM,LVA,
2016,ARM,LVA,
2024,ARM,LVA,
2025,ARM,LVA,
2006,ARM,DNK,
2008,ARM,DNK,
2009,ARM,DNK,
2010,ARM,DNK,
2011,ARM,DNK,
2013,ARM,DNK,
2014,ARM,DNK,
2017,ARM,DNK,
2018,ARM,DNK,
2019,ARM,DNK,
2025,ARM,DNK,
2026,ARM,DNK,
2006,ARM,GBR,
2007,ARM,GBR,
2008,ARM,GBR,
2009,ARM,GBR,
2010,ARM,GBR,
2011,ARM,GBR,
2013,ARM,GBR,
2014,ARM,GBR,
2015,ARM,GBR,
2016,ARM,GBR,
2017,ARM,GBR,
2018,ARM,GBR,
2019,ARM,GBR,
2022,ARM,GBR,
2023,ARM,GBR,
2024,ARM,GBR,
2025,ARM,GBR,
2026,ARM,GBR,
2006,ARM,MDA,
2007,ARM,MDA,
2009,ARM,MDA,
2010,ARM,MDA,
2011,ARM,MDA,
2013,ARM,MDA,
2017,ARM,MDA,
2018,ARM,MDA,
2022,ARM,MDA,
2023,ARM,MDA,
2026,ARM,MDA,
2006,ARM,ESP,
2007,ARM,ESP,
2008,ARM,ESP,
2009,ARM,ESP,
2010,ARM,ESP,
2011,ARM,ESP,
2013,ARM,ESP,
2014,ARM,ESP,
2015,ARM,ESP,
2016,ARM,ESP,
2017,ARM,ESP,
2018,ARM,ESP,
2019,ARM,ESP,
2022,ARM,ESP,
2023,ARM,ESP,
2024,ARM,ESP,
2025,ARM,ESP,
2006,ARM,FRA,
2007,ARM,FRA,
2008,ARM,FRA,
2009,ARM,FRA,
2010,ARM,FRA,
2011,ARM,FRA,
2013,ARM,FRA,
2014,ARM,FRA,
2015,ARM,FRA,
2016,ARM,FRA,
2017,ARM,FRA,
2018,ARM,FRA,
2019,ARM,FRA,
2022,ARM,FRA,
2023,ARM,FRA,
2024,ARM,FRA,
2025,ARM,FRA,
2026,ARM,FRA,
2006,ARM,ISR,
2008,ARM,ISR,
2009,ARM,ISR,
2010,ARM,ISR,
2015,ARM,ISR,
2016,ARM,ISR,
2017,ARM,ISR,
2018,ARM,ISR,
2019,ARM,ISR,
2023,ARM,ISR,
2024,ARM,ISR,
2025,ARM,ISR,
2026,ARM,ISR,
2006,ARM,MLT,
2009,ARM,MLT,
2013,ARM,MLT,
2014,ARM,MLT,
2016,ARM,MLT,
2019,ARM,MLT,
2025,ARM,MLT,
2026,ARM,MLT,
2006,BLR,FIN,-.0418940236201715
2007,BLR,FIN,-.0438560936561094
2008,BLR,FIN,-.0575693627931006
2009,BLR,FIN,-.0519875163032086
2011,BLR,FIN,-.0485493858053459
2013,BLR,FIN,-.0716318071610274
2014,BLR,FIN,-.0531568655645245
2018,BLR,FIN,-.0658135447369757
2006,BLR,LTU,-.0499922910327844
2007,BLR,LTU,-.0519543610687219
2009,BLR,LTU,-.0600857837158216
2011,BLR,LTU,-.0566476532179588
2012,BLR,LTU,-.0848204648465534
2013,BLR,LTU,-.0797300745736405
2015,BLR,LTU,-.0663460175264418
2016,BLR,LTU,-.0738978996244604
2018,BLR,LTU,-.0739118121495883
2006,BLR,ARM,.1352635457494229
2007,BLR,ARM,.1333014757134851
2008,BLR,ARM,.1195882065764932
2009,BLR,ARM,.1251700530663856
2010,BLR,ARM,.1378163191770361
2013,BLR,ARM,.1055257622085661
2014,BLR,ARM,.1240007038050694
2015,BLR,ARM,.1189098192557659
2016,BLR,ARM,.1113579371577468
2017,BLR,ARM,.0987356631256635
2006,BEL,ARM,.1166693641949726
2007,BEL,ARM,.1147072941590344
2008,BEL,ARM,.1009940250220427
2009,BEL,ARM,.1065758715119351
2010,BEL,ARM,.1192221376225854
2013,BEL,ARM,.0869315806541166
2014,BEL,ARM,.1054065222506195
2015,BEL,ARM,.1003156377013152
2016,BEL,ARM,.0927637556032963
2017,BEL,ARM,.0801414815712136
2022,BEL,ARM,.0813807170974299
2023,BEL,ARM,.1005409366375038
2024,BEL,ARM,.1141090958060328
2025,BEL,ARM,
2006,BIH,ARM,
2007,BIH,ARM,
2008,BIH,ARM,
2009,BIH,ARM,
2010,BIH,ARM,
2016,BIH,ARM,
2006,BGR,FIN,-.0493240885258282
2007,BGR,FIN,-.0512861585617662
2008,BGR,FIN,-.0649994276987581
2009,BGR,FIN,-.0594175812088653
2011,BGR,FIN,-.0559794507110026
2013,BGR,FIN,-.0790618720666842
2018,BGR,FIN,-.0732436096426328
2021,BGR,FIN,-.0757616583935146
2022,BGR,FIN,-.0846127356233713
2026,BGR,FIN,
2006,BGR,LTU,-.0574223559384419
2007,BGR,LTU,-.0593844259743791
2009,BGR,LTU,-.0675158486214787
2011,BGR,LTU,-.0640777181236159
2012,BGR,LTU,-.0922505297522098
2013,BGR,LTU,-.0871601394792977
2016,BGR,LTU,-.0813279645301176
2018,BGR,LTU,-.0813418770552454
2021,BGR,LTU,-.0838599258061276
2022,BGR,LTU,-.0927110030359841
2026,BGR,LTU,
2006,BGR,ARM,.1278334808437659
2007,BGR,ARM,.1258714108078286
2008,BGR,ARM,.1121581416708368
2009,BGR,ARM,.1177399881607293
2010,BGR,ARM,.1303862542713793
2013,BGR,ARM,.0980956973029092
2016,BGR,ARM,.1039278722520896
2017,BGR,ARM,.0913055982200071
2022,BGR,ARM,.0925448337462229
2006,BGR,IRL,-.0126281889508729
2007,BGR,IRL,-.0145902589868105
2010,BGR,IRL,-.0100754155232596
2011,BGR,IRL,-.0192835511360469
2012,BGR,IRL,-.0474563627646413
2013,BGR,IRL,-.042365972491729
2018,BGR,IRL,-.0365477100676772
2006,HRV,ARM,
2007,HRV,ARM,
2008,HRV,ARM,.1174547320373268
2009,HRV,ARM,.1230365785272192
2010,HRV,ARM,.1356828446378704
2013,HRV,ARM,.1033922876693998
2016,HRV,ARM,.1092244626185799
2017,HRV,ARM,.0966021885864966
2022,HRV,ARM,.0978414241127143
2023,HRV,ARM,.1170016436527874
2024,HRV,ARM,.1305698028213157
2025,HRV,ARM,
2006,CYP,ARM,.1767006409958782
2007,CYP,ARM,.1747385709599417
2008,CYP,ARM,.1610253018229487
2009,CYP,ARM,.1666071483128425
2010,CYP,ARM,.1792534144234924
2013,CYP,ARM,.1469628574550233
2015,CYP,ARM,.1603469145022224
2016,CYP,ARM,.1527950324042024
2017,CYP,ARM,.1401727583721193
2022,CYP,ARM,.1414119938983363
2023,CYP,ARM,.1605722134384101
2024,CYP,ARM,.174140372606939
2025,CYP,ARM,
2006,DNK,ARM,.1357886280197738
2007,DNK,ARM,.1338265579838367
2008,DNK,ARM,.1201132888468457
2009,DNK,ARM,.125695135336737
2010,DNK,ARM,.1383414014473879
2013,DNK,ARM,.1060508444789186
2014,DNK,ARM,.124525786075421
2015,DNK,ARM,.1194349015261182
2016,DNK,ARM,.111883019428098
2017,DNK,ARM,.0992607453960151
2022,DNK,ARM,.1004999809222318
2023,DNK,ARM,.1196602004623055
2024,DNK,ARM,.1332283596308342
2025,DNK,ARM,
2006,EST,ARM,.1383222082134876
2007,EST,ARM,.1363601381775497
2008,EST,ARM,.1226468690405586
2009,EST,ARM,.1282287155304504
2010,EST,ARM,.1408749816411008
2013,EST,ARM,.1085844246726318
2014,EST,ARM,.1270593662691345
2015,EST,ARM,.1219684817198312
2016,EST,ARM,.1144165996218112
2017,EST,ARM,.1017943255897282
2022,EST,ARM,.1030335611159449
2023,EST,ARM,.1221937806560193
2024,EST,ARM,.1357619398245475
2025,EST,ARM,
2006,FIN,ARM,.1389200393851115
2007,FIN,ARM,.1369579693491738
2008,FIN,ARM,.1232447002121821
2009,FIN,ARM,.1288265467020749
2010,FIN,ARM,.1414728128127252
2013,FIN,ARM,.1091822558442554
2014,FIN,ARM,.1276571974407582
2015,FIN,ARM,.1225663128914551
2016,FIN,ARM,.1150144307934352
2017,FIN,ARM,.1023921567613523
2022,FIN,ARM,.1036313922875693
2023,FIN,ARM,.1227916118276431
2024,FIN,ARM,.1363597709961716
2025,FIN,ARM,
2006,FRA,ARM,.1581758723715356
2007,FRA,ARM,.1562138023355977
2008,FRA,ARM,.1425005331986056
2009,FRA,ARM,.1480823796884993
2010,FRA,ARM,.1607286457991501
2013,FRA,ARM,.1284380888306798
2014,FRA,ARM,.146913030427183
2015,FRA,ARM,.1418221458778789
2016,FRA,ARM,.13427026377986
2017,FRA,ARM,.1216479897477765
2022,FRA,ARM,.1228872252739939
2023,FRA,ARM,.1420474448140675
2024,FRA,ARM,.1556156039825965
2025,FRA,ARM,
2006,DEU,ARM,
2007,DEU,ARM,
2008,DEU,ARM,
2009,DEU,ARM,
2010,DEU,ARM,
2013,DEU,ARM,
2014,DEU,ARM,
2015,DEU,ARM,
2016,DEU,ARM,
2017,DEU,ARM,
2022,DEU,ARM,.06901071956575
2023,DEU,ARM,.0881709391058245
2024,DEU,ARM,.1017390982743528
2025,DEU,ARM,
2006,GRC,ARM,.173821177242903
2007,GRC,ARM,.1718591072069652
2008,GRC,ARM,.1581458380699731
2009,GRC,ARM,.1637276845598654
2010,GRC,ARM,.1763739506705164
2013,GRC,ARM,.1440833937020461
2014,GRC,ARM,.1625583352985503
2015,GRC,ARM,.1574674507492461
2016,GRC,ARM,.1499155686512265
2017,GRC,ARM,.1372932946191439
2022,GRC,ARM,.1385325301453603
2023,GRC,ARM,.1576927496854338
2024,GRC,ARM,.1712609088539627
2025,GRC,ARM,
2006,ISL,ARM,
2007,ISL,ARM,
2008,ISL,ARM,
2009,ISL,ARM,
2010,ISL,ARM,.2011360940664834
2013,ISL,ARM,.1688455370980137
2014,ISL,ARM,.1873204786945165
2015,ISL,ARM,
2016,ISL,ARM,.1746777120471939
2017,ISL,ARM,.1620554380151115
2022,ISL,ARM,.1632946735413277
2023,ISL,ARM,.1824548930814013
2024,ISL,ARM,.1960230522499301
2025,ISL,ARM,
2006,IRL,ARM,
2007,IRL,ARM,
2008,IRL,ARM,.1521191213173266
2009,IRL,ARM,.1577009678072195
2010,IRL,ARM,.17034723391787
2013,IRL,ARM,.1380566769494005
2014,IRL,ARM,.1565316185459031
2015,IRL,ARM,.1514407339966
2016,IRL,ARM,.1438888518985803
2017,IRL,ARM,.1312665778664972
2022,IRL,ARM,.1325058133927136
2023,IRL,ARM,.1516660329327878
2024,IRL,ARM,.1652341921013159
2025,IRL,ARM,
2006,ISR,ARM,
2007,ISR,ARM,
2008,ISR,ARM,
2009,ISR,ARM,
2010,ISR,ARM,
2013,ISR,ARM,
2014,ISR,ARM,
2015,ISR,ARM,
2016,ISR,ARM,
2017,ISR,ARM,
2022,ISR,ARM,
2023,ISR,ARM,
2024,ISR,ARM,
2025,ISR,ARM,
2006,LVA,ARM,.1402602505098198
2007,LVA,ARM,.1382981804738819
2008,LVA,ARM,.1245849113368898
2009,LVA,ARM,.1301667578267821
2010,LVA,ARM,.142813023937433
2013,LVA,ARM,.1105224669689635
2014,LVA,ARM,.1289974085654658
2015,LVA,ARM,.1239065240161625
2016,LVA,ARM,.1163546419181435
2017,LVA,ARM,.1037323678860603
2022,LVA,ARM,.1049716034122772
2023,LVA,ARM,.1241318229523509
2024,LVA,ARM,.1376999821208796
2025,LVA,ARM,
2006,LTU,ARM,.1321492573546673
2007,LTU,ARM,.1301871873187302
2008,LTU,ARM,.1164739181817384
2009,LTU,ARM,.1220557646716305
2010,LTU,ARM,.1347020307822813
2013,LTU,ARM,.1024114738138116
2014,LTU,ARM,.1208864154103146
2015,LTU,ARM,.1157955308610104
2016,LTU,ARM,.1082436487629916
2017,LTU,ARM,.0956213747309079
2022,LTU,ARM,.0968606102571254
2023,LTU,ARM,.1160208297971996
2024,LTU,ARM,.1295889889657283
2025,LTU,ARM,
2006,MLT,ARM,.1617974142950013
2007,MLT,ARM,
2008,MLT,ARM,.1461220751220716
2009,MLT,ARM,.1517039216119641
2010,MLT,ARM,.1643501877226151
2013,MLT,ARM,.1320596307541446
2014,MLT,ARM,.1505345723506476
2015,MLT,ARM,.1454436878013442
2016,MLT,ARM,.1378918057033247
2017,MLT,ARM,.1252695316712421
2022,MLT,ARM,.1265087671974588
2023,MLT,ARM,.1456689867375325
2024,MLT,ARM,.1592371459060615
2025,MLT,ARM,
2006,MDA,FIN,
2007,MDA,FIN,
2008,MDA,FIN,
2009,MDA,FIN,
2011,MDA,FIN,
2013,MDA,FIN,
2014,MDA,FIN,
2018,MDA,FIN,
2021,MDA,FIN,
2022,MDA,FIN,
2023,MDA,FIN,
2024,MDA,FIN,
2026,MDA,FIN,
2006,MDA,LTU,-.0172762695248792
2007,MDA,LTU,-.0192383395608166
2009,MDA,LTU,-.0273697622079166
2011,MDA,LTU,-.0239316317100532
2012,MDA,LTU,-.0521044433386484
2013,MDA,LTU,-.0470140530657351
2015,MDA,LTU,-.0336299960185358
2016,MDA,LTU,-.0411818781165552
2018,MDA,LTU,-.0411957906416836
2021,MDA,LTU,-.0437138393925655
2022,MDA,LTU,-.0525649166224213
2023,MDA,LTU,-.0334046970823479
2024,MDA,LTU,-.0198365379138195
2026,MDA,LTU,
2006,MDA,ARM,.1679795672573282
2007,MDA,ARM,.1660174972213905
2008,MDA,ARM,.1523042280843979
2009,MDA,ARM,.1578860745742907
2010,MDA,ARM,.170532340684941
2013,MDA,ARM,.1382417837164714
2014,MDA,ARM,.1567167253129743
2015,MDA,ARM,.1516258407636706
2016,MDA,ARM,.1440739586656524
2017,MDA,ARM,.1314516846335689
2022,MDA,ARM,.1326909201597848
2023,MDA,ARM,.151851139699859
2024,MDA,ARM,.1654192988683879
2006,MDA,IRL,.0275178974626895
2007,MDA,IRL,.0255558274267521
2010,MDA,IRL,.0300706708903031
2011,MDA,IRL,.0208625352775151
2012,MDA,IRL,-.0073102763510796
2013,MDA,IRL,-.0022198860781674
2018,MDA,IRL,.0035983763458848
2024,MDA,IRL,.0249576290737492
2006,MCO,LTU,
2006,MCO,ARM,
2006,NLD,ARM,
2007,NLD,ARM,
2008,NLD,ARM,.0982641684718993
2009,NLD,ARM,.1038460149617921
2010,NLD,ARM,.1164922810724428
2013,NLD,ARM,.0842017241039735
2014,NLD,ARM,.1026766657004775
2015,NLD,ARM,.0975857811511726
2016,NLD,ARM,.0900338990531541
2017,NLD,ARM,.0774116250210705
2022,NLD,ARM,.0786508605472873
2023,NLD,ARM,.0978110800873611
2024,NLD,ARM,.1113792392558889
2025,NLD,ARM,
2006,MKD,ARM,
2007,MKD,ARM,
2008,MKD,ARM,
2009,MKD,ARM,
2010,MKD,ARM,
2013,MKD,ARM,
2014,MKD,ARM,
2015,MKD,ARM,
2016,MKD,ARM,
2017,MKD,ARM,
2022,MKD,ARM,
2006,NOR,ARM,.1439545848168906
2007,NOR,ARM,.1419925147809532
2008,NOR,ARM,.1282792456439608
2009,NOR,ARM,.1338610921338533
2010,NOR,ARM,.1465073582445036
2013,NOR,ARM,.1142168012760344
2014,NOR,ARM,.1326917428725368
2015,NOR,ARM,.1276008583232338
2016,NOR,ARM,.1200489762252143
2017,NOR,ARM,.1074267021931312
2022,NOR,ARM,.1086659377193479
2023,NOR,ARM,.1278261572594219
2024,NOR,ARM,.1413943164279511
2025,NOR,ARM,
2006,POL,ARM,.1230361275284781
2007,POL,ARM,.1210740574925404
2008,POL,ARM,.1073607883555487
2009,POL,ARM,.1129426348454401
2010,POL,ARM,.125588900956092
2014,POL,ARM,.1117732855841243
2015,POL,ARM,.1066824010348211
2016,POL,ARM,.099130518936802
2017,POL,ARM,.0865082449047193
2022,POL,ARM,.087747480430935
2023,POL,ARM,.1069076999710089
2024,POL,ARM,.1204758591395383
2025,POL,ARM,
2006,PRT,ARM,.1952451334552689
2007,PRT,ARM,.1932830634193317
2008,PRT,ARM,
2009,PRT,ARM,.185151640772232
2010,PRT,ARM,
2014,PRT,ARM,.1839822915109161
2015,PRT,ARM,.178891406961612
2017,PRT,ARM,.1587172508315103
2022,PRT,ARM,.1599564863577265
2023,PRT,ARM,.1791167058978013
2024,PRT,ARM,.1926848650663299
2025,PRT,ARM,
2006,ROU,ARM,
2007,ROU,ARM,
2008,ROU,ARM,.1393913756187966
2009,ROU,ARM,.1449732221086891
2010,ROU,ARM,.1576194882193397
2013,ROU,ARM,.1253289312508696
2014,ROU,ARM,.1438038728473733
2015,ROU,ARM,.1387129882980696
2017,ROU,ARM,.1185388321679678
2022,ROU,ARM,.1197780676941836
2023,ROU,ARM,.1389382872342575
2006,RUS,ARM,.1213995225236603
2007,RUS,ARM,.1194374524877221
2008,RUS,ARM,.1057241833507311
2009,RUS,ARM,.1113060298406231
2010,RUS,ARM,.1239522959512742
2013,RUS,ARM,.0916617389828043
2014,RUS,ARM,.1101366805793075
2015,RUS,ARM,.1050457960300034
2016,RUS,ARM,.0974939139319841
2006,SCG,FIN,
2006,SCG,LTU,
2006,SCG,ARM,
2006,SVN,ARM,.1117382932465273
2007,SVN,ARM,.1097762232105896
2008,SVN,ARM,.0960629540735981
2009,SVN,ARM,.1016448005634898
2010,SVN,ARM,.1142910666741402
2013,SVN,ARM,.082000509705671
2014,SVN,ARM,.1004754513021735
2015,SVN,ARM,.0953845667528708
2016,SVN,ARM,.0878326846548509
2017,SVN,ARM,.075210410622768
2022,SVN,ARM,.0764496461489848
2023,SVN,ARM,.0956098656890584
2024,SVN,ARM,.1091780248575872
2025,SVN,ARM,
2006,ESP,ARM,
2007,ESP,ARM,
2008,ESP,ARM,
2009,ESP,ARM,
2010,ESP,ARM,
2013,ESP,ARM,
2014,ESP,ARM,
2015,ESP,ARM,
2016,ESP,ARM,
2017,ESP,ARM,
2022,ESP,ARM,
2023,ESP,ARM,
2024,ESP,ARM,
2025,ESP,ARM,
2006,SWE,ARM,
2007,SWE,ARM,
2008,SWE,ARM,.116837810005192
2009,SWE,ARM,.1224196564950841
2010,SWE,ARM,.1350659226057349
2013,SWE,ARM,.1027753656372647
2014,SWE,ARM,.1212503072337682
2015,SWE,ARM,.1161594226844643
2016,SWE,ARM,.108607540586445
2017,SWE,ARM,.095985266554362
2022,SWE,ARM,.0972245020805787
2023,SWE,ARM,.1163847216206532
2024,SWE,ARM,.1299528807891811
2025,SWE,ARM,
2006,CHE,ARM,
2007,CHE,ARM,
2008,CHE,ARM,
2009,CHE,ARM,
2010,CHE,ARM,
2013,CHE,ARM,.0883385133304818
2014,CHE,ARM,.1068134549269842
2015,CHE,ARM,.1017225703776804
2016,CHE,ARM,.0941706882796622
2017,CHE,ARM,.0815484142475791
2022,CHE,ARM,.0827876497737952
2023,CHE,ARM,.1019478693138693
2024,CHE,ARM,.115516028482399
2025,CHE,ARM,
2006,TUR,ARM,
2007,TUR,ARM,
2008,TUR,ARM,
2009,TUR,ARM,
2010,TUR,ARM,
2006,UKR,FIN,
2007,UKR,FIN,
2008,UKR,FIN,
2009,UKR,FIN,
2011,UKR,FIN,
2013,UKR,FIN,
2014,UKR,FIN,
2018,UKR,FIN,
2021,UKR,FIN,
2022,UKR,FIN,
2023,UKR,FIN,
2024,UKR,FIN,
2025,UKR,FIN,
2026,UKR,FIN,
2006,UKR,LTU,-.0488767715391098
2007,UKR,LTU,-.0508388415750465
2009,UKR,LTU,-.0589702642221465
2011,UKR,LTU,-.0555321337242838
2012,UKR,LTU,-.0837049453528783
2013,UKR,LTU,-.0786145550799655
2016,UKR,LTU,-.0727823801307858
2018,UKR,LTU,-.0727962926559133
2021,UKR,LTU,-.0753143414067955
2022,UKR,LTU,-.0841654186366519
2023,UKR,LTU,-.0650051990965777
2024,UKR,LTU,-.0514370399280495
2025,UKR,LTU,
2026,UKR,LTU,
2006,UKR,ARM,.1363790652430985
2007,UKR,ARM,.1344169952071607
2008,UKR,ARM,.1207037260701683
2009,UKR,ARM,.1262855725600605
2010,UKR,ARM,.1389318386707106
2013,UKR,ARM,.1066412817022415
2014,UKR,ARM,.1251162232987444
2016,UKR,ARM,.1124734566514214
2017,UKR,ARM,.0998511826193385
2022,UKR,ARM,.101090418145555
2023,UKR,ARM,.1202506376856295
2024,UKR,ARM,.1338187968541572
2025,UKR,ARM,
2006,GBR,ARM,
2007,GBR,ARM,
2008,GBR,ARM,
2009,GBR,ARM,
2010,GBR,ARM,
2013,GBR,ARM,
2014,GBR,ARM,
2015,GBR,ARM,
2016,GBR,ARM,
2017,GBR,ARM,
2022,GBR,ARM,
2023,GBR,ARM,
2024,GBR,ARM,
2025,GBR,ARM,
2007,ALB,SRB,
2008,ALB,SRB,
2010,ALB,SRB,
2011,ALB,SRB,
2012,ALB,SRB,
2015,ALB,SRB,
2016,ALB,SRB,
2018,ALB,SRB,
2019,ALB,SRB,
2021,ALB,SRB,
2022,ALB,SRB,
2023,ALB,SRB,
2024,ALB,SRB,
2026,ALB,SRB,
2007,ALB,BGR,
2016,ALB,BGR,
2017,ALB,BGR,
2018,ALB,BGR,
2021,ALB,BGR,
2026,ALB,BGR,
2007,ALB,BLR,
2010,ALB,BLR,
2013,ALB,BLR,
2014,ALB,BLR,
2017,ALB,BLR,
2019,ALB,BLR,
2007,ALB,GEO,
2008,ALB,GEO,
2010,ALB,GEO,
2011,ALB,GEO,
2013,ALB,GEO,
2015,ALB,GEO,
2016,ALB,GEO,
2024,ALB,GEO,
2007,ALB,SVN,
2011,ALB,SVN,
2014,ALB,SVN,
2015,ALB,SVN,
2018,ALB,SVN,
2019,ALB,SVN,
2023,ALB,SVN,
2024,ALB,SVN,
2007,AND,SRB,
2008,AND,SRB,
2007,AND,BGR,
2007,AND,BLR,
2007,AND,GEO,
2008,AND,GEO,
2007,AND,SVN,
2007,ARM,SRB,
2008,ARM,SRB,
2010,ARM,SRB,
2011,ARM,SRB,
2015,ARM,SRB,
2016,ARM,SRB,
2018,ARM,SRB,
2019,ARM,SRB,
2022,ARM,SRB,
2023,ARM,SRB,
2024,ARM,SRB,
2026,ARM,SRB,
2007,ARM,BGR,
2016,ARM,BGR,
2017,ARM,BGR,
2018,ARM,BGR,
2026,ARM,BGR,
2007,ARM,BLR,
2010,ARM,BLR,
2013,ARM,BLR,
2014,ARM,BLR,
2017,ARM,BLR,
2019,ARM,BLR,
2007,ARM,HUN,
2011,ARM,HUN,
2013,ARM,HUN,
2014,ARM,HUN,
2015,ARM,HUN,
2016,ARM,HUN,
2017,ARM,HUN,
2018,ARM,HUN,
2007,ARM,GEO,.1670526485918433
2008,ARM,GEO,.1533393794548506
2010,ARM,GEO,.171567492055394
2011,ARM,GEO,.1623593564426066
2013,ARM,GEO,.1392769350869244
2015,ARM,GEO,.1526609921341237
2016,ARM,GEO,.1451091100361042
2024,ARM,GEO,.1664544502388409
2007,ARM,SVN,
2011,ARM,SVN,
2014,ARM,SVN,
2015,ARM,SVN,
2018,ARM,SVN,
2019,ARM,SVN,
2023,ARM,SVN,
2024,ARM,SVN,
2007,AUT,SRB,
2011,AUT,SRB,
2012,AUT,SRB,
2015,AUT,SRB,
2016,AUT,SRB,
2018,AUT,SRB,
2019,AUT,SRB,
2021,AUT,SRB,
2022,AUT,SRB,
2023,AUT,SRB,
2024,AUT,SRB,
2026,AUT,SRB,
2007,AUT,BGR,.1305403336711422
2016,AUT,BGR,.1085967951154034
2017,AUT,BGR,.0959745210833209
2018,AUT,BGR,.1085828825902755
2021,AUT,BGR,.106064833839394
2026,AUT,BGR,
2007,AUT,BLR,
2013,AUT,BLR,-.0984076416272925
2014,AUT,BLR,-.0799327000307893
2017,AUT,BLR,-.1051977407101955
2019,AUT,BLR,-.0921215078777152
2007,AUT,ARM,.1267360228456793
2013,AUT,ARM,.0989603093407613
2014,AUT,ARM,.1174352509372639
2015,AUT,ARM,.1123443663879605
2016,AUT,ARM,.1047924842899409
2017,AUT,ARM,.0921702102578579
2022,AUT,ARM,.0934094457840746
2023,AUT,ARM,.1125696653241485
2024,AUT,ARM,.1261378244926767
2025,AUT,ARM,
2007,AUT,GEO,.0272574184163443
2011,AUT,GEO,.022564126267108
2013,AUT,GEO,-.0005182950885735
2015,AUT,GEO,.0128657619586261
2016,AUT,GEO,.0053138798606061
2024,AUT,GEO,.0266592200633428
2007,BLR,SRB,
2008,BLR,SRB,
2010,BLR,SRB,
2011,BLR,SRB,
2012,BLR,SRB,
2015,BLR,SRB,
2016,BLR,SRB,
2018,BLR,SRB,
2019,BLR,SRB,
2007,BLR,BGR,.1371057865389483
2016,BLR,BGR,.1151622479832098
2017,BLR,BGR,.1025399739511259
2018,BLR,BGR,.1151483354580808
2007,BLR,GEO,.0338228712841503
2008,BLR,GEO,.0201096021471583
2010,BLR,GEO,.0383377147477008
2011,BLR,GEO,.0291295791349144
2013,BLR,GEO,.0060471577792317
2015,BLR,GEO,.0194312148264307
2016,BLR,GEO,.0118793327284115
2007,BLR,SVN,
2011,BLR,SVN,
2014,BLR,SVN,
2015,BLR,SVN,
2018,BLR,SVN,
2019,BLR,SVN,
2007,BEL,SRB,
2008,BEL,SRB,
2010,BEL,SRB,
2011,BEL,SRB,
2012,BEL,SRB,
2015,BEL,SRB,
2016,BEL,SRB,
2018,BEL,SRB,
2019,BEL,SRB,
2021,BEL,SRB,
2022,BEL,SRB,
2023,BEL,SRB,
2024,BEL,SRB,
2026,BEL,SRB,
2007,BEL,BGR,.1185116049844976
2016,BEL,BGR,.0965680664287592
2017,BEL,BGR,.083945792396676
2018,BEL,BGR,.0965541539036304
2021,BEL,BGR,.0940361051527487
2026,BEL,BGR,
2007,BEL,BLR,
2010,BEL,BLR,-.0781458133454668
2013,BEL,BLR,-.1104363703139372
2014,BEL,BLR,-.0919614287174342
2017,BEL,BLR,-.11722646939684
2019,BEL,BLR,-.1041502365643594
2007,BEL,GEO,
2008,BEL,GEO,
2010,BEL,GEO,.0197435331932513
2011,BEL,GEO,.0105353975804634
2013,BEL,GEO,-.0125470237752186
2015,BEL,GEO,.0008370332719805
2016,BEL,GEO,-.0067148488260383
2024,BEL,GEO,.0146304913766979
2007,BIH,SRB,
2008,BIH,SRB,
2010,BIH,SRB,
2011,BIH,SRB,
2012,BIH,SRB,
2016,BIH,SRB,
2007,BIH,BGR,
2016,BIH,BGR,
2007,BIH,BLR,
2010,BIH,BLR,
2007,BIH,GEO,
2008,BIH,GEO,
2010,BIH,GEO,
2011,BIH,GEO,
2016,BIH,GEO,
2007,BGR,SRB,
2008,BGR,SRB,
2010,BGR,SRB,
2011,BGR,SRB,
2012,BGR,SRB,
2016,BGR,SRB,
2018,BGR,SRB,
2021,BGR,SRB,
2022,BGR,SRB,
2026,BGR,SRB,
2007,BGR,BLR,-.0714965401602252
2010,BGR,BLR,-.0669816966966745
2013,BGR,BLR,-.0992722536651438
2017,BGR,BLR,-.1060623527480471
2007,BGR,GEO,.0263928063784926
2008,BGR,GEO,.0126795372415014
2010,BGR,GEO,.0309076498420445
2011,BGR,GEO,.0216995142292565
2013,BGR,GEO,-.0013829071264252
2016,BGR,GEO,.0044492678227547
2007,BGR,SVN,-.1103587292098583
2011,BGR,SVN,-.1150520213590946
2018,BGR,SVN,-.1323161802907246
2007,HRV,SRB,
2008,HRV,SRB,
2010,HRV,SRB,
2011,HRV,SRB,
2012,HRV,SRB,
2016,HRV,SRB,
2018,HRV,SRB,
2019,HRV,SRB,
2021,HRV,SRB,
2022,HRV,SRB,
2023,HRV,SRB,
2024,HRV,SRB,
2026,HRV,SRB,
2007,HRV,BGR,.1349723119997812
2016,HRV,BGR,.1130287734440429
2017,HRV,BGR,.1004064994119596
2018,HRV,BGR,.1130148609189148
2021,HRV,BGR,.110496812168033
2026,HRV,BGR,
2007,HRV,BLR,-.0661999497937343
2010,HRV,BLR,-.061685106330184
2013,HRV,BLR,-.0939756632986533
2017,HRV,BLR,-.1007657623815559
2019,HRV,BLR,-.0876895295490765
2007,HRV,GEO,
2008,HRV,GEO,.017976127607992
2010,HRV,GEO,.0362042402085342
2011,HRV,GEO,.0269961045957475
2013,HRV,GEO,.0039136832400651
2016,HRV,GEO,.0097458581892448
2024,HRV,GEO,.0310911983919813
2007,CYP,SRB,
2008,CYP,SRB,
2010,CYP,SRB,
2011,CYP,SRB,
2012,CYP,SRB,
2015,CYP,SRB,
2016,CYP,SRB,
2018,CYP,SRB,
2019,CYP,SRB,
2021,CYP,SRB,
2022,CYP,SRB,
2023,CYP,SRB,
2024,CYP,SRB,
2026,CYP,SRB,
2007,CYP,BGR,.1785428817854041
2016,CYP,BGR,.1565993432296653
2017,CYP,BGR,.1439770691975819
2018,CYP,BGR,.1565854307045373
2021,CYP,BGR,.1540673819536554
2026,CYP,BGR,
2007,CYP,BLR,-.0226293800081122
2010,CYP,BLR,-.0181145365445613
2013,CYP,BLR,-.0504050935130308
2017,CYP,BLR,-.0571951925959336
2019,CYP,BLR,-.0441189597634538
2007,CYP,GEO,.0752599665306066
2008,CYP,GEO,.0615466973936151
2010,CYP,GEO,.0797748099941576
2011,CYP,GEO,.0705666743813694
2013,CYP,GEO,.047484253025688
2015,CYP,GEO,.0608683100728868
2016,CYP,GEO,.0533164279748684
2024,CYP,GEO,.0746617681776043
2007,CZE,SRB,
2008,CZE,SRB,
2015,CZE,SRB,
2016,CZE,SRB,
2018,CZE,SRB,
2019,CZE,SRB,
2021,CZE,SRB,
2022,CZE,SRB,
2023,CZE,SRB,
2024,CZE,SRB,
2026,CZE,SRB,
2007,CZE,UKR,.0814327666635853
2008,CZE,UKR,.067719497526593
2009,CZE,UKR,.0733013440164852
2016,CZE,UKR,.0594892281078463
2017,CZE,UKR,.0468669540757627
2018,CZE,UKR,.0594753155827181
2021,CZE,UKR,.0569572668318367
2022,CZE,UKR,.0481061896019799
2023,CZE,UKR,.067266409142055
2024,CZE,UKR,.0808345683105835
2025,CZE,UKR,
2026,CZE,UKR,
2007,CZE,RUS,.0180461999818332
2008,CZE,RUS,.0043329308448414
2009,CZE,RUS,.0099147773347332
2015,CZE,RUS,.0036545435241137
2016,CZE,RUS,-.0038973385739051
2019,CZE,RUS,-.0034433797735087
2021,CZE,RUS,-.0064292998499154
2007,CZE,TUR,.0190407339859782
2008,CZE,TUR,.0053274648489862
2009,CZE,TUR,.0109093113388791
2007,CZE,BGR,.1161309426296017
2016,CZE,BGR,.0941874040738634
2017,CZE,BGR,.0815651300417801
2018,CZE,BGR,.0941734915487354
2021,CZE,BGR,.0916554427978534
2026,CZE,BGR,
2007,CZE,BLR,-.0850413191639139
2017,CZE,BLR,-.1196071317517357
2019,CZE,BLR,-.1065308989192548
2007,CZE,GRC,.0188039981155206
2008,CZE,GRC,.0050907289785284
2009,CZE,GRC,.0106725754684207
2015,CZE,GRC,.0044123416578008
2017,CZE,GRC,-.0157618144723018
2019,CZE,GRC,-.0026855816398207
2021,CZE,GRC,-.0056715017162281
2022,CZE,GRC,-.0145225789460849
2024,CZE,GRC,.018205799762518
2025,CZE,GRC,
2026,CZE,GRC,
2007,CZE,ARM,.1123266318041397
2008,CZE,ARM,.0986133626671475
2009,CZE,ARM,.1041952091570402
2015,CZE,ARM,.0979349753464194
2016,CZE,ARM,.0903830932484008
2017,CZE,ARM,.0777608192163178
2022,CZE,ARM,.0790000547425341
2023,CZE,ARM,.0981602742826085
2024,CZE,ARM,.1117284334511372
2025,CZE,ARM,
2007,CZE,HUN,-.1117089608905919
2015,CZE,HUN,-.1261006173483113
2016,CZE,HUN,-.1336524994463308
2017,CZE,HUN,-.1462747734784139
2018,CZE,HUN,-.1336664119714589
2007,CZE,MDA,.0248762679504975
2009,CZE,MDA,.0167448453033979
2017,CZE,MDA,-.0096895446373241
2018,CZE,MDA,.0029188168696313
2021,CZE,MDA,.0004007681187491
2022,CZE,MDA,-.0084503091111086
2023,CZE,MDA,.0107099104289659
2026,CZE,MDA,
2007,CZE,BIH,.0184621428737678
2008,CZE,BIH,.0047488737367759
2009,CZE,BIH,.0103307202266683
2007,CZE,GEO,.0128480273748052
2008,CZE,GEO,-.0008652417621875
2015,CZE,GEO,-.0015436290829147
2016,CZE,GEO,-.0090955111809338
2024,CZE,GEO,.0122498290218019
2007,CZE,ROU,-.0406555459211261
2008,CZE,ROU,-.0543688150581184
2009,CZE,ROU,-.0487869685682261
2015,CZE,ROU,-.0550472023788456
2017,CZE,ROU,-.075221358508948
2022,CZE,ROU,-.0739821229827319
2026,CZE,ROU,
2007,CZE,MKD,
2019,CZE,MKD,
2007,CZE,SVN,
2015,CZE,SVN,-.1382951646712663
2018,CZE,SVN,-.145860959294414
2019,CZE,SVN,-.145393087968888
2023,CZE,SVN,-.1380698657350782
2024,CZE,SVN,-.124501706566549
2007,CZE,LVA,
2008,CZE,LVA,.0094004406155188
2015,CZE,LVA,.0087220532947912
2016,CZE,LVA,.0011701711967716
2024,CZE,LVA,.0225155113995079
2025,CZE,LVA,
2007,CZE,FIN,
2008,CZE,FIN,-.0785442067024468
2009,CZE,FIN,-.0729623602125543
2018,CZE,FIN,-.0867883886463214
2021,CZE,FIN,-.089306437397203
2022,CZE,FIN,-.09815751462706
2023,CZE,FIN,-.0789972950869855
2024,CZE,FIN,-.0654291359184569
2025,CZE,FIN,
2026,CZE,FIN,
2007,CZE,SWE,
2008,CZE,SWE,.0740507653354366
2009,CZE,SWE,.0796326118253288
2015,CZE,SWE,.0733723780147103
2016,CZE,SWE,.0658204959166905
2017,CZE,SWE,.0531982218846073
2018,CZE,SWE,.0658065833915625
2019,CZE,SWE,.0662744547170876
2021,CZE,SWE,.0632885346406806
2022,CZE,SWE,.054437457410824
2023,CZE,SWE,.0735976769508983
2024,CZE,SWE,.0871658361194269
2025,CZE,SWE,
2026,CZE,SWE,
2007,CZE,DEU,-.196599590541655
2008,CZE,DEU,-.2103128596786472
2009,CZE,DEU,-.2047310131887545
2015,CZE,DEU,-.2109912469993746
2016,CZE,DEU,-.218543129097394
2017,CZE,DEU,-.2311654031294766
2018,CZE,DEU,-.2185570416225222
2019,CZE,DEU,-.2180891702969962
2021,CZE,DEU,-.2210750903734037
2022,CZE,DEU,-.2299261676032604
2023,CZE,DEU,-.2107659480631864
2024,CZE,DEU,-.1971977888946576
2025,CZE,DEU,
2026,CZE,DEU,
2007,CZE,ESP,-.1220674568197052
2008,CZE,ESP,-.1357807259566968
2009,CZE,ESP,-.1301988794668046
2015,CZE,ESP,-.1364591132774247
2016,CZE,ESP,-.1440109953754436
2017,CZE,ESP,-.1566332694075266
2018,CZE,ESP,-.1440249079005715
2019,CZE,ESP,-.1435570365750464
2021,CZE,ESP,-.1465429566514533
2022,CZE,ESP,-.1553940338813097
2023,CZE,ESP,-.1362338143412363
2024,CZE,ESP,-.1226656551727071
2025,CZE,ESP,
2007,CZE,LTU,
2009,CZE,LTU,-.0810606276251673
2015,CZE,LTU,-.0873208614357871
2016,CZE,LTU,-.0948727435338061
2018,CZE,LTU,-.0948866560589345
2021,CZE,LTU,-.0974047048098163
2022,CZE,LTU,-.1062557820396729
2023,CZE,LTU,-.0870955624995991
2024,CZE,LTU,-.0735274033310701
2025,CZE,LTU,
2026,CZE,LTU,
2007,CZE,FRA,-.1277644568588348
2008,CZE,FRA,-.1414777259958263
2009,CZE,FRA,-.1358958795059337
2015,CZE,FRA,-.142156113316554
2016,CZE,FRA,-.1497079954145726
2017,CZE,FRA,-.162330269446656
2018,CZE,FRA,-.1497219079397012
2019,CZE,FRA,-.149254036614176
2021,CZE,FRA,-.1522399566905832
2022,CZE,FRA,-.1610910339204391
2023,CZE,FRA,-.1419308143803654
2024,CZE,FRA,-.1283626552118374
2025,CZE,FRA,
2026,CZE,FRA,
2007,CZE,GBR,-.1528670264185074
2008,CZE,GBR,-.1665802955554992
2009,CZE,GBR,-.1609984490656068
2015,CZE,GBR,-.1672586828762269
2016,CZE,GBR,-.174810564974246
2017,CZE,GBR,-.1874328390063288
2018,CZE,GBR,-.174824477499374
2019,CZE,GBR,-.1743566061738487
2021,CZE,GBR,-.1773425262502563
2022,CZE,GBR,-.1861936034801125
2023,CZE,GBR,-.1670333839400386
2024,CZE,GBR,-.1534652247715096
2025,CZE,GBR,
2026,CZE,GBR,
2007,CZE,IRL,-.0281350379904992
2018,CZE,IRL,-.0500924890713657
2024,CZE,IRL,-.0287332363435016
2007,DNK,SRB,
2008,DNK,SRB,
2010,DNK,SRB,
2011,DNK,SRB,
2012,DNK,SRB,
2015,DNK,SRB,
2016,DNK,SRB,
2018,DNK,SRB,
2019,DNK,SRB,
2021,DNK,SRB,
2022,DNK,SRB,
2023,DNK,SRB,
2024,DNK,SRB,
2026,DNK,SRB,
2007,DNK,BGR,.1376308688092993
2016,DNK,BGR,.1156873302535608
2017,DNK,BGR,.1030650562214767
2018,DNK,BGR,.1156734177284322
2021,DNK,BGR,.113155368977551
2026,DNK,BGR,
2007,DNK,BLR,-.0635413929842168
2010,DNK,BLR,-.0590265495206656
2013,DNK,BLR,-.0913171064891354
2014,DNK,BLR,-.0728421648926324
2017,DNK,BLR,-.0981072055720388
2019,DNK,BLR,-.085030972739558
2007,DNK,GEO,.0343479535545019
2008,DNK,GEO,.0206346844175096
2010,DNK,GEO,.0388627970180532
2011,DNK,GEO,.0296546614052649
2013,DNK,GEO,.0065722400495832
2015,DNK,GEO,.0199562970967826
2016,DNK,GEO,.0124044149987634
2024,DNK,GEO,.0337497552014987
2007,EST,SRB,
2008,EST,SRB,
2010,EST,SRB,
2011,EST,SRB,
2012,EST,SRB,
2015,EST,SRB,
2016,EST,SRB,
2018,EST,SRB,
2019,EST,SRB,
2021,EST,SRB,
2022,EST,SRB,
2023,EST,SRB,
2024,EST,SRB,
2026,EST,SRB,
2007,EST,BGR,.1401644490030126
2016,EST,BGR,.118220910447274
2017,EST,BGR,.1055986364151914
2018,EST,BGR,.1182069979221462
2021,EST,BGR,.1156889491712642
2026,EST,BGR,
2007,EST,BLR,-.0610078127905023
2010,EST,BLR,-.0564929693269517
2013,EST,BLR,-.0887835262954214
2014,EST,BLR,-.0703085846989184
2017,EST,BLR,-.0955736253783247
2019,EST,BLR,-.0824973925458443
2007,EST,GEO,.0368815337482155
2008,EST,GEO,.0231682646112229
2010,EST,GEO,.0413963772117663
2011,EST,GEO,.0321882415989782
2013,EST,GEO,.0091058202432965
2015,EST,GEO,.0224898772904951
2016,EST,GEO,.0149379951924765
2024,EST,GEO,.036283335395213
2007,FIN,SRB,
2008,FIN,SRB,
2010,FIN,SRB,
2011,FIN,SRB,
2012,FIN,SRB,
2015,FIN,SRB,
2016,FIN,SRB,
2018,FIN,SRB,
2019,FIN,SRB,
2021,FIN,SRB,
2022,FIN,SRB,
2023,FIN,SRB,
2024,FIN,SRB,
2026,FIN,SRB,
2007,FIN,BGR,.1407622801746368
2016,FIN,BGR,.1188187416188982
2017,FIN,BGR,.1061964675868153
2018,FIN,BGR,.11880482909377
2021,FIN,BGR,.116286780342888
2026,FIN,BGR,
2007,FIN,BLR,-.0604099816188792
2010,FIN,BLR,-.0558951381553278
2013,FIN,BLR,-.0881856951237978
2014,FIN,BLR,-.0697107535272949
2017,FIN,BLR,-.0949757942067008
2019,FIN,BLR,-.0818995613742206
2007,FIN,GEO,.0374793649198401
2008,FIN,GEO,.0237660957828473
2010,FIN,GEO,.0419942083833903
2011,FIN,GEO,.0327860727706026
2013,FIN,GEO,.0097036514149209
2015,FIN,GEO,.0230877084621196
2016,FIN,GEO,.0155358263641006
2024,FIN,GEO,.036881166566837
2007,FRA,SRB,
2008,FRA,SRB,
2010,FRA,SRB,
2011,FRA,SRB,
2012,FRA,SRB,
2015,FRA,SRB,
2016,FRA,SRB,
2018,FRA,SRB,
2019,FRA,SRB,
2021,FRA,SRB,
2022,FRA,SRB,
2023,FRA,SRB,
2024,FRA,SRB,
2026,FRA,SRB,
2007,FRA,BGR,.1600181131610613
2016,FRA,BGR,.1380745746053224
2017,FRA,BGR,.1254523005732395
2018,FRA,BGR,.1380606620801951
2021,FRA,BGR,.1355426133293124
2026,FRA,BGR,
2007,FRA,BLR,
2010,FRA,BLR,
2013,FRA,BLR,
2014,FRA,BLR,
2017,FRA,BLR,
2019,FRA,BLR,
2007,FRA,GEO,
2008,FRA,GEO,
2010,FRA,GEO,
2011,FRA,GEO,
2013,FRA,GEO,
2015,FRA,GEO,
2016,FRA,GEO,
2024,FRA,GEO,
2007,GEO,SRB,
2008,GEO,SRB,
2010,GEO,SRB,
2011,GEO,SRB,
2012,GEO,SRB,
2015,GEO,SRB,
2016,GEO,SRB,
2018,GEO,SRB,
2019,GEO,SRB,
2021,GEO,SRB,
2022,GEO,SRB,
2023,GEO,SRB,
2024,GEO,SRB,
2026,GEO,SRB,
2007,GEO,UKR,.1586717438858332
2008,GEO,UKR,.1449584747488408
2010,GEO,UKR,.1631865873493858
2011,GEO,UKR,.1539784517365967
2012,GEO,UKR,.1258056401080027
2013,GEO,UKR,.130896030380915
2014,GEO,UKR,.1493709719774182
2016,GEO,UKR,.1367282053300959
2017,GEO,UKR,.1241059312980126
2018,GEO,UKR,.1367142928049681
2021,GEO,UKR,.134196244054086
2022,GEO,UKR,.1253451668242288
2023,GEO,UKR,.144505386364303
2024,GEO,UKR,.1580735455328318
2025,GEO,UKR,
2026,GEO,UKR,
2007,GEO,RUS,.0952851772040823
2008,GEO,RUS,.0815719080670906
2010,GEO,RUS,.099800020667633
2011,GEO,RUS,.0905918850548459
2012,GEO,RUS,.062419073426252
2013,GEO,RUS,.0675094636991638
2014,GEO,RUS,.0859844052956667
2015,GEO,RUS,.0808935207463629
2016,GEO,RUS,.073341638648344
2019,GEO,RUS,.073795597448741
2021,GEO,RUS,.0708096773723341
2007,GEO,TUR,.0962797112082281
2008,GEO,TUR,.0825664420712366
2010,GEO,TUR,.1007945546717801
2012,GEO,TUR,.0634136074303962
2007,GEO,BGR,.1933699198518516
2016,GEO,BGR,.1714263812961132
2017,GEO,BGR,.1588041072640308
2018,GEO,BGR,.171412468770985
2021,GEO,BGR,.1688944200201029
2026,GEO,BGR,
2007,GEO,BLR,-.0078023419416639
2010,GEO,BLR,-.0032874984781137
2013,GEO,BLR,-.0355780554465831
2014,GEO,BLR,-.0171031138500808
2017,GEO,BLR,-.0423681545294859
2019,GEO,BLR,-.0292919216970057
2007,GEO,GRC,.0960429753377689
2008,GEO,GRC,.082329706200778
2010,GEO,GRC,.1005578188013214
2011,GEO,GRC,.0913496831885331
2012,GEO,GRC,.063176871559939
2013,GEO,GRC,.0682672618328515
2014,GEO,GRC,.0867422034293543
2015,GEO,GRC,.0816513188800506
2017,GEO,GRC,.0614771627499478
2019,GEO,GRC,.074553395582429
2021,GEO,GRC,.0715674755060214
2022,GEO,GRC,.0627163982761651
2024,GEO,GRC,.0954447769847673
2025,GEO,GRC,
2026,GEO,GRC,
2007,GEO,ARM,.1895656090263873
2008,GEO,ARM,.175852339889396
2010,GEO,ARM,.1940804524899393
2013,GEO,ARM,.1617898955214702
2014,GEO,ARM,.1802648371179729
2015,GEO,ARM,.1751739525686689
2016,GEO,ARM,.1676220704706506
2017,GEO,ARM,.1549997964385663
2022,GEO,ARM,.1562390319647837
2023,GEO,ARM,.1753992515048572
2024,GEO,ARM,.1889674106733867
2025,GEO,ARM,
2007,GEO,HUN,-.0344699836683425
2011,GEO,HUN,-.0391632758175801
2012,GEO,HUN,-.0673360874461739
2013,GEO,HUN,-.0622456971732617
2014,GEO,HUN,-.0437707555767587
2015,GEO,HUN,-.0488616401260621
2016,GEO,HUN,-.0564135222240813
2017,GEO,HUN,-.0690357962561646
2018,GEO,HUN,-.0564274347492094
2007,GEO,MDA,.1021152451727473
2010,GEO,MDA,.1066300886362973
2011,GEO,MDA,.0974219530235097
2012,GEO,MDA,.0692491413949155
2013,GEO,MDA,.0743395316678281
2017,GEO,MDA,.0675494325849251
2018,GEO,MDA,.0801577940918806
2021,GEO,MDA,.0776397453409987
2022,GEO,MDA,.0687886681111414
2023,GEO,MDA,.0879488876512157
2026,GEO,MDA,
2007,GEO,BIH,
2008,GEO,BIH,
2010,GEO,BIH,
2011,GEO,BIH,
2012,GEO,BIH,
2007,GEO,ROU,.0365834313011235
2008,GEO,ROU,.0228701621641309
2010,GEO,ROU,.041098274764674
2011,GEO,ROU,.0318901391518866
2012,GEO,ROU,.0037173275232919
2013,GEO,ROU,.0088077177962047
2014,GEO,ROU,.0272826593927072
2015,GEO,ROU,.0221917748434035
2017,GEO,ROU,.0020176187133012
2022,GEO,ROU,.0032568542395184
2026,GEO,ROU,
2007,GEO,MKD,
2012,GEO,MKD,
2019,GEO,MKD,
2007,GEO,SVN,
2011,GEO,SVN,
2014,GEO,SVN,
2015,GEO,SVN,
2018,GEO,SVN,
2019,GEO,SVN,
2023,GEO,SVN,
2024,GEO,SVN,
2007,GEO,LVA,.1003526869747596
2008,GEO,LVA,.0866394178377677
2015,GEO,LVA,.0859610305170408
2016,GEO,LVA,.0784091484190219
2024,GEO,LVA,.0997544886217575
2025,GEO,LVA,
2007,GEO,FIN,.0124080396567952
2008,GEO,FIN,-.0013052294801974
2011,GEO,FIN,.0077147475075572
2013,GEO,FIN,-.0153676738481238
2014,GEO,FIN,.0031072677483793
2018,GEO,FIN,-.0095494114240722
2021,GEO,FIN,-.012067460174953
2022,GEO,FIN,-.0209185374048103
2023,GEO,FIN,-.0017583178647362
2024,GEO,FIN,.0118098413037927
2025,GEO,FIN,
2026,GEO,FIN,
2007,GEO,SWE,
2008,GEO,SWE,
2011,GEO,SWE,
2012,GEO,SWE,
2013,GEO,SWE,
2014,GEO,SWE,
2015,GEO,SWE,
2016,GEO,SWE,
2017,GEO,SWE,
2018,GEO,SWE,
2019,GEO,SWE,
2021,GEO,SWE,
2022,GEO,SWE,
2023,GEO,SWE,
2024,GEO,SWE,
2025,GEO,SWE,
2026,GEO,SWE,
2007,GEO,DEU,-.119360613319406
2008,GEO,DEU,-.1330738824563977
2010,GEO,DEU,-.114845769855855
2011,GEO,DEU,-.1240539054686428
2012,GEO,DEU,-.1522267170972372
2013,GEO,DEU,-.1471363268243246
2014,GEO,DEU,-.1286613852278218
2015,GEO,DEU,-.1337522697771257
2016,GEO,DEU,-.1413041518751442
2017,GEO,DEU,-.1539264259072275
2018,GEO,DEU,-.1413180644002724
2019,GEO,DEU,-.1408501930747471
2021,GEO,DEU,-.1438361131511544
2022,GEO,DEU,-.1526871903810112
2023,GEO,DEU,-.1335269708409371
2024,GEO,DEU,-.1199588116724079
2025,GEO,DEU,
2026,GEO,DEU,
2007,GEO,ESP,-.0448284795974551
2008,GEO,ESP,-.0585417487344474
2010,GEO,ESP,-.0403136361339044
2011,GEO,ESP,-.0495217717466922
2012,GEO,ESP,-.0776945833752865
2013,GEO,ESP,-.0726041931023745
2014,GEO,ESP,-.0541292515058713
2015,GEO,ESP,-.059220136055175
2016,GEO,ESP,-.0667720181531939
2017,GEO,ESP,-.0793942921852771
2018,GEO,ESP,-.0667859306783223
2019,GEO,ESP,-.0663180593527968
2021,GEO,ESP,-.0693039794292039
2022,GEO,ESP,-.0781550566590605
2023,GEO,ESP,-.0589948371189868
2024,GEO,ESP,-.0454266779504576
2025,GEO,ESP,
2007,GEO,LTU,.0043097722441818
2011,GEO,LTU,-.000383519905054
2012,GEO,LTU,-.0285563315336497
2013,GEO,LTU,-.0234659412607366
2015,GEO,LTU,-.0100818842135372
2016,GEO,LTU,-.0176337663115573
2018,GEO,LTU,-.0176476788366849
2021,GEO,LTU,-.0201657275875671
2022,GEO,LTU,-.0290168048174234
2023,GEO,LTU,-.0098565852773492
2024,GEO,LTU,.003711573891179
2025,GEO,LTU,
2026,GEO,LTU,
2007,GEO,FRA,-.0505254796365848
2008,GEO,FRA,-.0642387487735763
2010,GEO,FRA,-.0460106361730338
2011,GEO,FRA,-.0552187717858221
2012,GEO,FRA,-.0833915834144164
2013,GEO,FRA,-.078301193141503
2014,GEO,FRA,-.0598262515450003
2015,GEO,FRA,-.0649171360943046
2016,GEO,FRA,-.0724690181923231
2017,GEO,FRA,-.0850912922244063
2018,GEO,FRA,-.0724829307174509
2019,GEO,FRA,-.0720150593919261
2021,GEO,FRA,-.0750009794683327
2022,GEO,FRA,-.0838520566981897
2023,GEO,FRA,-.0646918371581158
2024,GEO,FRA,-.0511236779895868
2025,GEO,FRA,
2026,GEO,FRA,
2007,GEO,GBR,-.0756280491962577
2008,GEO,GBR,-.0893413183332501
2010,GEO,GBR,-.0711132057327069
2011,GEO,GBR,-.0803213413454947
2012,GEO,GBR,-.1084941529740895
2013,GEO,GBR,-.1034037627011771
2014,GEO,GBR,-.0849288211046731
2015,GEO,GBR,-.0900197056539774
2016,GEO,GBR,-.0975715877519965
2017,GEO,GBR,-.110193861784079
2018,GEO,GBR,-.0975855002771249
2019,GEO,GBR,-.0971176289515994
2021,GEO,GBR,-.1001035490280065
2022,GEO,GBR,-.1089546262578628
2023,GEO,GBR,-.0897944067177892
2024,GEO,GBR,-.0762262475492603
2025,GEO,GBR,
2026,GEO,GBR,
2007,GEO,IRL,
2010,GEO,IRL,
2011,GEO,IRL,
2012,GEO,IRL,
2013,GEO,IRL,
2018,GEO,IRL,
2024,GEO,IRL,
2007,DEU,SRB,
2008,DEU,SRB,
2010,DEU,SRB,
2011,DEU,SRB,
2012,DEU,SRB,
2015,DEU,SRB,
2016,DEU,SRB,
2018,DEU,SRB,
2019,DEU,SRB,
2021,DEU,SRB,
2022,DEU,SRB,
2023,DEU,SRB,
2024,DEU,SRB,
2026,DEU,SRB,
2007,DEU,BGR,.1061416074528179
2016,DEU,BGR,.0841980688970793
2017,DEU,BGR,.0715757948649967
2018,DEU,BGR,.0841841563719514
2021,DEU,BGR,.0816661076210692
2026,DEU,BGR,
2007,DEU,BLR,
2010,DEU,BLR,
2013,DEU,BLR,
2014,DEU,BLR,
2017,DEU,BLR,
2019,DEU,BLR,
2007,DEU,GEO,
2008,DEU,GEO,
2010,DEU,GEO,
2011,DEU,GEO,
2013,DEU,GEO,
2015,DEU,GEO,
2016,DEU,GEO,
2024,DEU,GEO,.0022604938450179
2007,GRC,SRB,
2008,GRC,SRB,
2010,GRC,SRB,
2011,GRC,SRB,
2012,GRC,SRB,
2015,GRC,SRB,
2016,GRC,SRB,
2018,GRC,SRB,
2019,GRC,SRB,
2021,GRC,SRB,
2022,GRC,SRB,
2023,GRC,SRB,
2024,GRC,SRB,
2026,GRC,SRB,
2007,GRC,BGR,.1756634180324274
2016,GRC,BGR,.1537198794766899
2017,GRC,BGR,.1410976054446061
2018,GRC,BGR,.1537059669515609
2021,GRC,BGR,.1511879182006793
2026,GRC,BGR,
2007,GRC,BLR,-.0255088437610884
2010,GRC,BLR,-.0209940002975369
2013,GRC,BLR,-.0532845572660068
2014,GRC,BLR,-.0348096156695034
2017,GRC,BLR,-.0600746563489093
2019,GRC,BLR,-.0469984235164299
2007,GRC,GEO,.0723805027776304
2008,GRC,GEO,.0586672336406385
2010,GRC,GEO,.0768953462411817
2011,GRC,GEO,.0676872106283946
2013,GRC,GEO,.0446047892727121
2015,GRC,GEO,.0579888463199115
2016,GRC,GEO,.0504369642218915
2024,GRC,GEO,.0717823044246275
2007,HUN,SRB,
2008,HUN,SRB,
2011,HUN,SRB,
2012,HUN,SRB,
2015,HUN,SRB,
2016,HUN,SRB,
2018,HUN,SRB,
2019,HUN,SRB,
2007,HUN,BGR,.1242972952582904
2016,HUN,BGR,.1023537567025521
2017,HUN,BGR,.0897314826704686
2018,HUN,BGR,.1023398441774234
2007,HUN,BLR,-.0768749665352259
2013,HUN,BLR,-.1046506800401443
2014,HUN,BLR,-.0861757384436414
2017,HUN,BLR,-.1114407791230474
2019,HUN,BLR,-.0983645462905669
2007,HUN,ARM,.1204929844328281
2008,HUN,ARM,.1067797152958355
2009,HUN,ARM,.1123615617857282
2013,HUN,ARM,.092717270927909
2014,HUN,ARM,.1111922125244121
2015,HUN,ARM,.1061013279751084
2016,HUN,ARM,.0985494458770889
2017,HUN,ARM,.0859271718450063
2007,HUN,GEO,.0210143800034931
2008,HUN,GEO,.0073011108665007
2011,HUN,GEO,.0163210878542557
2013,HUN,GEO,-.0067613335014258
2015,HUN,GEO,.0066227235457735
2016,HUN,GEO,-.0009291585522453
2007,ISL,SRB,
2008,ISL,SRB,
2010,ISL,SRB,
2011,ISL,SRB,
2012,ISL,SRB,
2015,ISL,SRB,
2016,ISL,SRB,
2018,ISL,SRB,
2019,ISL,SRB,
2021,ISL,SRB,
2022,ISL,SRB,
2023,ISL,SRB,
2024,ISL,SRB,
2007,ISL,BGR,.2004255614283952
2016,ISL,BGR,.1784820228726567
2017,ISL,BGR,.1658597488405741
2018,ISL,BGR,.1784681103475281
2021,ISL,BGR,.1759500615966457
2007,ISL,BLR,-.0007467003651212
2010,ISL,BLR,.0037681430984308
2013,ISL,BLR,-.0285224138700395
2014,ISL,BLR,-.0100474722735362
2017,ISL,BLR,-.0353125129529422
2019,ISL,BLR,-.0222362801204619
2007,ISL,GEO,.0971426461735975
2008,ISL,GEO,
2010,ISL,GEO,.1016574896371494
2011,ISL,GEO,.0924493540243609
2013,ISL,GEO,.0693669326686792
2015,ISL,GEO,.0827509897158785
2016,ISL,GEO,.0751991076178594
2024,ISL,GEO,.0965444478205952
2007,IRL,SRB,
2008,IRL,SRB,
2010,IRL,SRB,
2011,IRL,SRB,
2012,IRL,SRB,
2015,IRL,SRB,
2016,IRL,SRB,
2018,IRL,SRB,
2019,IRL,SRB,
2021,IRL,SRB,
2022,IRL,SRB,
2023,IRL,SRB,
2024,IRL,SRB,
2007,IRL,BGR,
2016,IRL,BGR,.1476931627240435
2017,IRL,BGR,.1350708886919604
2018,IRL,BGR,.1476792501989151
2021,IRL,BGR,.1451612014480329
2007,IRL,BLR,
2010,IRL,BLR,-.0270207170501835
2013,IRL,BLR,-.0593112740186528
2014,IRL,BLR,-.0408363324221496
2017,IRL,BLR,-.0661013731015563
2019,IRL,BLR,-.0530251402690751
2007,IRL,GEO,
2008,IRL,GEO,.0526405168879921
2010,IRL,GEO,.0708686294885348
2011,IRL,GEO,.061660493875747
2013,IRL,GEO,.0385780725200656
2015,IRL,GEO,.0519621295672643
2016,IRL,GEO,.044410247469246
2024,IRL,GEO,.0657555876719814
2007,ISR,SRB,
2008,ISR,SRB,
2010,ISR,SRB,
2011,ISR,SRB,
2012,ISR,SRB,
2015,ISR,SRB,
2016,ISR,SRB,
2018,ISR,SRB,
2019,ISR,SRB,
2021,ISR,SRB,
2022,ISR,SRB,
2023,ISR,SRB,
2024,ISR,SRB,
2026,ISR,SRB,
2007,ISR,BGR,.2110628001538003
2016,ISR,BGR,.1891192615980624
2017,ISR,BGR,.1764969875659793
2018,ISR,BGR,.189105349072934
2021,ISR,BGR,.1865873003220523
2026,ISR,BGR,
2007,ISR,BLR,.0098905383602834
2010,ISR,BLR,.0144053818238357
2013,ISR,BLR,-.0178851751446344
2014,ISR,BLR,.0005897664518693
2017,ISR,BLR,-.0246752742275373
2019,ISR,BLR,-.0115990413950569
2007,ISR,GEO,.1077798848990032
2008,ISR,GEO,.094066615762011
2010,ISR,GEO,.1122947283625542
2011,ISR,GEO,.1030865927497663
2013,ISR,GEO,.0800041713940843
2015,ISR,GEO,.0933882284412835
2016,ISR,GEO,.0858363463432643
2024,ISR,GEO,.1071816865460011
2007,LVA,SRB,
2008,LVA,SRB,
2010,LVA,SRB,
2011,LVA,SRB,
2012,LVA,SRB,
2015,LVA,SRB,
2016,LVA,SRB,
2018,LVA,SRB,
2019,LVA,SRB,
2021,LVA,SRB,
2022,LVA,SRB,
2023,LVA,SRB,
2024,LVA,SRB,
2026,LVA,SRB,
2007,LVA,BGR,.142102491299345
2016,LVA,BGR,.1201589527436063
2017,LVA,BGR,.1075366787115232
2018,LVA,BGR,.1201450402184785
2021,LVA,BGR,.1176269914675958
2026,LVA,BGR,
2007,LVA,BLR,-.0590697704941714
2010,LVA,BLR,-.0545549270306204
2013,LVA,BLR,-.0868454839990899
2014,LVA,BLR,-.0683705424025872
2017,LVA,BLR,-.0936355830819929
2019,LVA,BLR,-.0805593502495127
2007,LVA,GEO,.0388195760445471
2008,LVA,GEO,.0251063069075552
2010,LVA,GEO,.043334419508099
2011,LVA,GEO,.0341262838953107
2013,LVA,GEO,.0110438625396284
2015,LVA,GEO,.0244279195868282
2016,LVA,GEO,.0168760374888081
2024,LVA,GEO,.0382213776915444
2007,LTU,SRB,
2008,LTU,SRB,
2010,LTU,SRB,
2011,LTU,SRB,
2012,LTU,SRB,
2015,LTU,SRB,
2016,LTU,SRB,
2018,LTU,SRB,
2019,LTU,SRB,
2021,LTU,SRB,
2022,LTU,SRB,
2023,LTU,SRB,
2024,LTU,SRB,
2026,LTU,SRB,
2007,LTU,BGR,.1339914981441928
2016,LTU,BGR,.1120479595884544
2017,LTU,BGR,.099425685556371
2018,LTU,BGR,.1120340470633259
2021,LTU,BGR,.1095159983124446
2026,LTU,BGR,
2007,LTU,BLR,-.0671807636493237
2010,LTU,BLR,-.062665920185772
2013,LTU,BLR,-.0949564771542418
2014,LTU,BLR,-.0764815355577385
2017,LTU,BLR,-.1017465762371446
2019,LTU,BLR,-.0886703434046643
2007,LTU,GEO,.0307085828893953
2008,LTU,GEO,.0169953137524034
2010,LTU,GEO,.0352234263529467
2011,LTU,GEO,.0260152907401602
2013,LTU,GEO,.002932869384476
2015,LTU,GEO,.0163169264316754
2016,LTU,GEO,.0087650443336558
2024,LTU,GEO,.0301103845363925
2007,MLT,SRB,
2008,MLT,SRB,
2010,MLT,SRB,
2011,MLT,SRB,
2012,MLT,SRB,
2015,MLT,SRB,
2016,MLT,SRB,
2018,MLT,SRB,
2019,MLT,SRB,
2021,MLT,SRB,
2022,MLT,SRB,
2023,MLT,SRB,
2024,MLT,SRB,
2026,MLT,SRB,
2007,MLT,BGR,.1636396550845264
2016,MLT,BGR,.1416961165287877
2017,MLT,BGR,.1290738424967046
2018,MLT,BGR,.1416822040036599
2021,MLT,BGR,.1391641552527775
2026,MLT,BGR,
2007,MLT,BLR,-.0375326067089911
2010,MLT,BLR,-.0330177632454385
2013,MLT,BLR,-.0653083202139076
2014,MLT,BLR,-.046833378617405
2017,MLT,BLR,-.0720984192968115
2019,MLT,BLR,-.0590221864643307
2007,MLT,GEO,.0603567398297293
2008,MLT,GEO,
2010,MLT,GEO,.0648715832932799
2011,MLT,GEO,.0556634476804918
2013,MLT,GEO,.0325810263248101
2015,MLT,GEO,.045965083372009
2016,MLT,GEO,.0384132012739903
2024,MLT,GEO,.0597585414767264
2007,MDA,SRB,
2008,MDA,SRB,
2010,MDA,SRB,
2011,MDA,SRB,
2012,MDA,SRB,
2015,MDA,SRB,
2016,MDA,SRB,
2018,MDA,SRB,
2019,MDA,SRB,
2021,MDA,SRB,
2022,MDA,SRB,
2023,MDA,SRB,
2024,MDA,SRB,
2026,MDA,SRB,
2007,MDA,BGR,.1698218080468532
2016,MDA,BGR,.1478782694911146
2017,MDA,BGR,.1352559954590317
2018,MDA,BGR,.1478643569659862
2021,MDA,BGR,.1453463082151045
2026,MDA,BGR,
2007,MDA,BLR,-.0313504537466631
2010,MDA,BLR,-.026835610283112
2013,MDA,BLR,-.0591261672515818
2014,MDA,BLR,-.0406512256550786
2017,MDA,BLR,-.0659162663344844
2019,MDA,BLR,-.0528400335020044
2007,MDA,GEO,.0665388927920557
2008,MDA,GEO,.0528256236550636
2010,MDA,GEO,.071053736255607
2011,MDA,GEO,.0618456006428192
2013,MDA,GEO,.0387631792871375
2015,MDA,GEO,.0521472363343362
2016,MDA,GEO,.0445953542363172
2024,MDA,GEO,.0659406944390522
2007,MDA,SVN,
2011,MDA,SVN,
2014,MDA,SVN,
2015,MDA,SVN,
2018,MDA,SVN,
2019,MDA,SVN,
2023,MDA,SVN,
2024,MDA,SVN,
2007,MNE,SRB,
2008,MNE,SRB,
2012,MNE,SRB,
2015,MNE,SRB,
2016,MNE,SRB,
2018,MNE,SRB,
2019,MNE,SRB,
2022,MNE,SRB,
2026,MNE,SRB,
2007,MNE,UKR,
2008,MNE,UKR,
2009,MNE,UKR,
2012,MNE,UKR,
2013,MNE,UKR,
2014,MNE,UKR,
2016,MNE,UKR,
2017,MNE,UKR,
2018,MNE,UKR,
2022,MNE,UKR,
2025,MNE,UKR,
2026,MNE,UKR,
2007,MNE,RUS,
2008,MNE,RUS,
2009,MNE,RUS,
2012,MNE,RUS,
2013,MNE,RUS,
2014,MNE,RUS,
2015,MNE,RUS,
2016,MNE,RUS,
2019,MNE,RUS,
2007,MNE,TUR,
2008,MNE,TUR,
2009,MNE,TUR,
2012,MNE,TUR,
2007,MNE,BGR,
2016,MNE,BGR,
2017,MNE,BGR,
2018,MNE,BGR,
2026,MNE,BGR,
2007,MNE,BLR,
2013,MNE,BLR,
2014,MNE,BLR,
2017,MNE,BLR,
2019,MNE,BLR,
2007,MNE,GRC,
2008,MNE,GRC,
2009,MNE,GRC,
2012,MNE,GRC,
2013,MNE,GRC,
2014,MNE,GRC,
2015,MNE,GRC,
2017,MNE,GRC,
2019,MNE,GRC,
2022,MNE,GRC,
2025,MNE,GRC,
2026,MNE,GRC,
2007,MNE,ARM,
2008,MNE,ARM,
2009,MNE,ARM,
2013,MNE,ARM,
2014,MNE,ARM,
2015,MNE,ARM,
2016,MNE,ARM,
2017,MNE,ARM,
2022,MNE,ARM,
2025,MNE,ARM,
2007,MNE,HUN,
2012,MNE,HUN,
2013,MNE,HUN,
2014,MNE,HUN,
2015,MNE,HUN,
2016,MNE,HUN,
2017,MNE,HUN,
2018,MNE,HUN,
2007,MNE,MDA,
2009,MNE,MDA,
2012,MNE,MDA,
2013,MNE,MDA,
2017,MNE,MDA,
2018,MNE,MDA,
2022,MNE,MDA,
2026,MNE,MDA,
2007,MNE,BIH,
2008,MNE,BIH,
2009,MNE,BIH,
2012,MNE,BIH,
2007,MNE,GEO,
2008,MNE,GEO,
2013,MNE,GEO,
2015,MNE,GEO,
2016,MNE,GEO,
2007,MNE,ROU,
2008,MNE,ROU,
2009,MNE,ROU,
2012,MNE,ROU,
2013,MNE,ROU,
2014,MNE,ROU,
2015,MNE,ROU,
2017,MNE,ROU,
2022,MNE,ROU,
2026,MNE,ROU,
2007,MNE,MKD,
2012,MNE,MKD,
2019,MNE,MKD,
2007,MNE,SVN,
2014,MNE,SVN,
2015,MNE,SVN,
2018,MNE,SVN,
2019,MNE,SVN,
2007,MNE,LVA,
2008,MNE,LVA,
2015,MNE,LVA,
2016,MNE,LVA,
2025,MNE,LVA,
2007,MNE,FIN,
2008,MNE,FIN,
2009,MNE,FIN,
2013,MNE,FIN,
2014,MNE,FIN,
2018,MNE,FIN,
2022,MNE,FIN,
2025,MNE,FIN,
2026,MNE,FIN,
2007,MNE,SWE,
2008,MNE,SWE,
2009,MNE,SWE,
2012,MNE,SWE,
2013,MNE,SWE,
2014,MNE,SWE,
2015,MNE,SWE,
2016,MNE,SWE,
2017,MNE,SWE,
2018,MNE,SWE,
2019,MNE,SWE,
2022,MNE,SWE,
2025,MNE,SWE,
2026,MNE,SWE,
2007,MNE,DEU,
2008,MNE,DEU,
2009,MNE,DEU,
2012,MNE,DEU,
2013,MNE,DEU,
2014,MNE,DEU,
2015,MNE,DEU,
2016,MNE,DEU,
2017,MNE,DEU,
2018,MNE,DEU,
2019,MNE,DEU,
2022,MNE,DEU,
2025,MNE,DEU,
2026,MNE,DEU,
2007,MNE,ESP,
2008,MNE,ESP,
2009,MNE,ESP,
2012,MNE,ESP,
2013,MNE,ESP,
2014,MNE,ESP,
2015,MNE,ESP,
2016,MNE,ESP,
2017,MNE,ESP,
2018,MNE,ESP,
2019,MNE,ESP,
2022,MNE,ESP,
2025,MNE,ESP,
2007,MNE,LTU,
2009,MNE,LTU,
2012,MNE,LTU,
2013,MNE,LTU,
2015,MNE,LTU,
2016,MNE,LTU,
2018,MNE,LTU,
2022,MNE,LTU,
2025,MNE,LTU,
2026,MNE,LTU,
2007,MNE,FRA,
2008,MNE,FRA,
2009,MNE,FRA,
2012,MNE,FRA,
2013,MNE,FRA,
2014,MNE,FRA,
2015,MNE,FRA,
2016,MNE,FRA,
2017,MNE,FRA,
2018,MNE,FRA,
2019,MNE,FRA,
2022,MNE,FRA,
2025,MNE,FRA,
2026,MNE,FRA,
2007,MNE,GBR,
2008,MNE,GBR,
2009,MNE,GBR,
2012,MNE,GBR,
2013,MNE,GBR,
2014,MNE,GBR,
2015,MNE,GBR,
2016,MNE,GBR,
2017,MNE,GBR,
2018,MNE,GBR,
2019,MNE,GBR,
2022,MNE,GBR,
2025,MNE,GBR,
2026,MNE,GBR,
2007,MNE,IRL,
2012,MNE,IRL,
2013,MNE,IRL,
2018,MNE,IRL,
2007,NLD,SRB,
2008,NLD,SRB,
2010,NLD,SRB,
2011,NLD,SRB,
2012,NLD,SRB,
2015,NLD,SRB,
2016,NLD,SRB,
2018,NLD,SRB,
2019,NLD,SRB,
2021,NLD,SRB,
2022,NLD,SRB,
2023,NLD,SRB,
2024,NLD,SRB,
2007,NLD,BGR,.1157817484343552
2016,NLD,BGR,.0938382098786167
2017,NLD,BGR,.0812159358465335
2018,NLD,BGR,.0938242973534891
2021,NLD,BGR,.0913062486026066
2007,NLD,BLR,
2010,NLD,BLR,-.08087566989561
2013,NLD,BLR,-.1131662268640794
2014,NLD,BLR,-.0946912852675766
2017,NLD,BLR,-.1199563259469828
2019,NLD,BLR,-.1068800931145025
2007,NLD,GEO,
2008,NLD,GEO,-.0012144359574345
2010,NLD,GEO,.0170136766431084
2011,NLD,GEO,.0078055410303208
2013,NLD,GEO,-.0152768803253614
2015,NLD,GEO,-.0018928232781616
2016,NLD,GEO,-.009444705376181
2024,NLD,GEO,.0119006348265546
2007,MKD,SRB,
2008,MKD,SRB,
2010,MKD,SRB,
2011,MKD,SRB,
2012,MKD,SRB,
2015,MKD,SRB,
2016,MKD,SRB,
2018,MKD,SRB,
2019,MKD,SRB,
2021,MKD,SRB,
2022,MKD,SRB,
2007,MKD,BGR,
2016,MKD,BGR,
2017,MKD,BGR,
2018,MKD,BGR,
2021,MKD,BGR,
2007,MKD,BLR,
2010,MKD,BLR,
2013,MKD,BLR,
2014,MKD,BLR,
2017,MKD,BLR,
2019,MKD,BLR,
2007,MKD,GEO,
2008,MKD,GEO,
2010,MKD,GEO,
2011,MKD,GEO,
2013,MKD,GEO,
2015,MKD,GEO,
2016,MKD,GEO,
2007,NOR,SRB,
2008,NOR,SRB,
2010,NOR,SRB,
2011,NOR,SRB,
2012,NOR,SRB,
2015,NOR,SRB,
2016,NOR,SRB,
2018,NOR,SRB,
2019,NOR,SRB,
2021,NOR,SRB,
2022,NOR,SRB,
2023,NOR,SRB,
2024,NOR,SRB,
2026,NOR,SRB,
2007,NOR,BGR,.1457968256064163
2016,NOR,BGR,.1238532870506777
2017,NOR,BGR,.1112310130185948
2018,NOR,BGR,.1238393745255501
2021,NOR,BGR,.1213213257746676
2026,NOR,BGR,
2007,NOR,BLR,-.0553754361870998
2010,NOR,BLR,-.0508605927235493
2013,NOR,BLR,-.0831511496920188
2014,NOR,BLR,-.0646762080955158
2017,NOR,BLR,-.0899412487749219
2019,NOR,BLR,-.076865015942441
2007,NOR,GEO,.0425139103516184
2008,NOR,GEO,.0288006412146256
2010,NOR,GEO,.0470287538151694
2011,NOR,GEO,.0378206182023816
2013,NOR,GEO,.014738196846699
2015,NOR,GEO,.0281222538938992
2016,NOR,GEO,.0205703717958801
2024,NOR,GEO,.0419157119986161
2007,POL,SRB,
2008,POL,SRB,
2010,POL,SRB,
2011,POL,SRB,
2015,POL,SRB,
2016,POL,SRB,
2018,POL,SRB,
2019,POL,SRB,
2021,POL,SRB,
2022,POL,SRB,
2023,POL,SRB,
2024,POL,SRB,
2026,POL,SRB,
2007,POL,BGR,.1248783683180028
2016,POL,BGR,.1029348297622646
2017,POL,BGR,.0903125557301806
2018,POL,BGR,.1029209172371365
2021,POL,BGR,.1004028684862537
2026,POL,BGR,
2007,POL,BLR,-.0762938934755134
2010,POL,BLR,-.0717790500119619
2014,POL,BLR,-.0855946653839287
2017,POL,BLR,-.1108597060633346
2019,POL,BLR,-.0977834732308545
2007,POL,GEO,.021595453063206
2008,POL,GEO,.0078821839262137
2010,POL,GEO,.0261102965267569
2011,POL,GEO,.0169021609139692
2015,POL,GEO,.0072037966054862
2016,POL,GEO,-.0003480854925322
2024,POL,GEO,.0209972547102027
2007,PRT,SRB,
2008,PRT,SRB,
2010,PRT,SRB,
2011,PRT,SRB,
2012,PRT,SRB,
2015,PRT,SRB,
2018,PRT,SRB,
2019,PRT,SRB,
2021,PRT,SRB,
2022,PRT,SRB,
2023,PRT,SRB,
2024,PRT,SRB,
2026,PRT,SRB,
2007,PRT,BGR,.1970873742447947
2017,PRT,BGR,.1625215616569727
2018,PRT,BGR,.1751299231639278
2021,PRT,BGR,.1726118744130465
2026,PRT,BGR,
2007,PRT,BLR,-.004084887548722
2010,PRT,BLR,.0004299559148288
2014,PRT,BLR,-.0133856594571374
2017,PRT,BLR,-.0386507001365433
2019,PRT,BLR,-.0255744673040633
2007,PRT,GEO,.0938044589899969
2008,PRT,GEO,.0800911898530053
2010,PRT,GEO,.0983193024535482
2011,PRT,GEO,.0891111668407605
2015,PRT,GEO,.0794128025322776
2024,PRT,GEO,.0932062606369944
2007,ROU,SRB,
2008,ROU,SRB,
2010,ROU,SRB,
2011,ROU,SRB,
2012,ROU,SRB,
2015,ROU,SRB,
2018,ROU,SRB,
2019,ROU,SRB,
2021,ROU,SRB,
2022,ROU,SRB,
2023,ROU,SRB,
2026,ROU,SRB,
2007,ROU,BGR,.1569089555812515
2017,ROU,BGR,.1223431429934294
2018,ROU,BGR,.134951504500385
2021,ROU,BGR,.132433455749503
2026,ROU,BGR,
2007,ROU,BLR,
2010,ROU,BLR,-.0397484627487134
2013,ROU,BLR,-.0720390197171826
2014,ROU,BLR,-.05356407812068
2017,ROU,BLR,-.0788291188000858
2019,ROU,BLR,-.0657528859676061
2007,ROU,GEO,
2008,ROU,GEO,.0399127711894622
2010,ROU,GEO,.0581408837900055
2011,ROU,GEO,.0489327481772177
2013,ROU,GEO,.0258503268215358
2015,ROU,GEO,.0392343838687354
2007,RUS,SRB,
2008,RUS,SRB,
2010,RUS,SRB,
2011,RUS,SRB,
2012,RUS,SRB,
2015,RUS,SRB,
2016,RUS,SRB,
2018,RUS,SRB,
2019,RUS,SRB,
2021,RUS,SRB,
2007,RUS,BGR,.1232417633131859
2016,RUS,BGR,.1012982247574467
2018,RUS,BGR,.1012843122323187
2021,RUS,BGR,.0987662634814365
2007,RUS,BLR,-.0779304984803311
2010,RUS,BLR,-.07341565501678
2013,RUS,BLR,-.1057062119852494
2014,RUS,BLR,-.087231270388746
2019,RUS,BLR,-.0994200782356725
2007,RUS,GEO,.0199588480583883
2008,RUS,GEO,.0062455789213962
2010,RUS,GEO,.0244736915219391
2011,RUS,GEO,.015265555909151
2013,RUS,GEO,-.0078168654465307
2015,RUS,GEO,.0055671916006687
2016,RUS,GEO,-.0019846904973508
2007,SRB,UKR,
2008,SRB,UKR,
2009,SRB,UKR,
2010,SRB,UKR,
2011,SRB,UKR,
2012,SRB,UKR,
2013,SRB,UKR,
2016,SRB,UKR,
2017,SRB,UKR,
2018,SRB,UKR,
2021,SRB,UKR,
2022,SRB,UKR,
2023,SRB,UKR,
2024,SRB,UKR,
2025,SRB,UKR,
2026,SRB,UKR,
2007,SRB,RUS,
2008,SRB,RUS,
2009,SRB,RUS,
2010,SRB,RUS,
2011,SRB,RUS,
2012,SRB,RUS,
2013,SRB,RUS,
2015,SRB,RUS,
2016,SRB,RUS,
2019,SRB,RUS,
2021,SRB,RUS,
2007,SRB,TUR,
2008,SRB,TUR,
2009,SRB,TUR,
2010,SRB,TUR,
2012,SRB,TUR,
2007,SRB,BGR,
2016,SRB,BGR,
2017,SRB,BGR,
2018,SRB,BGR,
2021,SRB,BGR,
2026,SRB,BGR,
2007,SRB,BLR,
2010,SRB,BLR,
2013,SRB,BLR,
2017,SRB,BLR,
2019,SRB,BLR,
2007,SRB,GRC,
2008,SRB,GRC,
2009,SRB,GRC,
2010,SRB,GRC,
2011,SRB,GRC,
2012,SRB,GRC,
2013,SRB,GRC,
2015,SRB,GRC,
2017,SRB,GRC,
2019,SRB,GRC,
2021,SRB,GRC,
2022,SRB,GRC,
2024,SRB,GRC,
2025,SRB,GRC,
2026,SRB,GRC,
2007,SRB,ARM,
2008,SRB,ARM,
2009,SRB,ARM,
2010,SRB,ARM,
2013,SRB,ARM,
2015,SRB,ARM,
2016,SRB,ARM,
2017,SRB,ARM,
2022,SRB,ARM,
2023,SRB,ARM,
2024,SRB,ARM,
2025,SRB,ARM,
2007,SRB,HUN,
2011,SRB,HUN,
2012,SRB,HUN,
2013,SRB,HUN,
2015,SRB,HUN,
2016,SRB,HUN,
2017,SRB,HUN,
2018,SRB,HUN,
2007,SRB,MDA,
2009,SRB,MDA,
2010,SRB,MDA,
2011,SRB,MDA,
2012,SRB,MDA,
2013,SRB,MDA,
2017,SRB,MDA,
2018,SRB,MDA,
2021,SRB,MDA,
2022,SRB,MDA,
2023,SRB,MDA,
2026,SRB,MDA,
2007,SRB,BIH,
2008,SRB,BIH,
2009,SRB,BIH,
2010,SRB,BIH,
2011,SRB,BIH,
2012,SRB,BIH,
2007,SRB,GEO,
2008,SRB,GEO,
2010,SRB,GEO,
2011,SRB,GEO,
2013,SRB,GEO,
2015,SRB,GEO,
2016,SRB,GEO,
2024,SRB,GEO,
2007,SRB,ROU,
2008,SRB,ROU,
2009,SRB,ROU,
2010,SRB,ROU,
2011,SRB,ROU,
2012,SRB,ROU,
2013,SRB,ROU,
2015,SRB,ROU,
2017,SRB,ROU,
2022,SRB,ROU,
2026,SRB,ROU,
2007,SRB,MKD,
2012,SRB,MKD,
2019,SRB,MKD,
2007,SRB,SVN,
2011,SRB,SVN,
2015,SRB,SVN,
2018,SRB,SVN,
2019,SRB,SVN,
2023,SRB,SVN,
2024,SRB,SVN,
2007,SRB,LVA,
2008,SRB,LVA,
2015,SRB,LVA,
2016,SRB,LVA,
2024,SRB,LVA,
2025,SRB,LVA,
2007,SRB,FIN,
2008,SRB,FIN,
2009,SRB,FIN,
2011,SRB,FIN,
2013,SRB,FIN,
2018,SRB,FIN,
2021,SRB,FIN,
2022,SRB,FIN,
2023,SRB,FIN,
2024,SRB,FIN,
2025,SRB,FIN,
2026,SRB,FIN,
2007,SRB,SWE,
2008,SRB,SWE,
2009,SRB,SWE,
2011,SRB,SWE,
2012,SRB,SWE,
2013,SRB,SWE,
2015,SRB,SWE,
2016,SRB,SWE,
2017,SRB,SWE,
2018,SRB,SWE,
2019,SRB,SWE,
2021,SRB,SWE,
2022,SRB,SWE,
2023,SRB,SWE,
2024,SRB,SWE,
2025,SRB,SWE,
2026,SRB,SWE,
2007,SRB,DEU,
2008,SRB,DEU,
2009,SRB,DEU,
2010,SRB,DEU,
2011,SRB,DEU,
2012,SRB,DEU,
2013,SRB,DEU,
2015,SRB,DEU,
2016,SRB,DEU,
2017,SRB,DEU,
2018,SRB,DEU,
2019,SRB,DEU,
2021,SRB,DEU,
2022,SRB,DEU,
2023,SRB,DEU,
2024,SRB,DEU,
2025,SRB,DEU,
2026,SRB,DEU,
2007,SRB,ESP,
2008,SRB,ESP,
2009,SRB,ESP,
2010,SRB,ESP,
2011,SRB,ESP,
2012,SRB,ESP,
2013,SRB,ESP,
2015,SRB,ESP,
2016,SRB,ESP,
2017,SRB,ESP,
2018,SRB,ESP,
2019,SRB,ESP,
2021,SRB,ESP,
2022,SRB,ESP,
2023,SRB,ESP,
2024,SRB,ESP,
2025,SRB,ESP,
2007,SRB,LTU,
2009,SRB,LTU,
2011,SRB,LTU,
2012,SRB,LTU,
2013,SRB,LTU,
2015,SRB,LTU,
2016,SRB,LTU,
2018,SRB,LTU,
2021,SRB,LTU,
2022,SRB,LTU,
2023,SRB,LTU,
2024,SRB,LTU,
2025,SRB,LTU,
2026,SRB,LTU,
2007,SRB,FRA,
2008,SRB,FRA,
2009,SRB,FRA,
2010,SRB,FRA,
2011,SRB,FRA,
2012,SRB,FRA,
2013,SRB,FRA,
2015,SRB,FRA,
2016,SRB,FRA,
2017,SRB,FRA,
2018,SRB,FRA,
2019,SRB,FRA,
2021,SRB,FRA,
2022,SRB,FRA,
2023,SRB,FRA,
2024,SRB,FRA,
2025,SRB,FRA,
2026,SRB,FRA,
2007,SRB,GBR,
2008,SRB,GBR,
2009,SRB,GBR,
2010,SRB,GBR,
2011,SRB,GBR,
2012,SRB,GBR,
2013,SRB,GBR,
2015,SRB,GBR,
2016,SRB,GBR,
2017,SRB,GBR,
2018,SRB,GBR,
2019,SRB,GBR,
2021,SRB,GBR,
2022,SRB,GBR,
2023,SRB,GBR,
2024,SRB,GBR,
2025,SRB,GBR,
2026,SRB,GBR,
2007,SRB,IRL,
2010,SRB,IRL,
2011,SRB,IRL,
2012,SRB,IRL,
2013,SRB,IRL,
2018,SRB,IRL,
2024,SRB,IRL,
2007,SVN,SRB,
2008,SVN,SRB,
2010,SVN,SRB,
2011,SVN,SRB,
2012,SVN,SRB,
2015,SVN,SRB,
2016,SVN,SRB,
2018,SVN,SRB,
2019,SVN,SRB,
2021,SVN,SRB,
2022,SVN,SRB,
2023,SVN,SRB,
2024,SVN,SRB,
2007,SVN,BGR,.1135805340360522
2016,SVN,BGR,.0916369954803141
2017,SVN,BGR,.0790147214482303
2018,SVN,BGR,.0916230829551853
2021,SVN,BGR,.0891050342043038
2007,SVN,BLR,-.0875917277574632
2010,SVN,BLR,-.0830768842939126
2013,SVN,BLR,-.1153674412623814
2014,SVN,BLR,-.096892499665879
2017,SVN,BLR,-.1221575403452854
2019,SVN,BLR,-.1090813075128045
2007,SVN,GEO,.0102976187812548
2008,SVN,GEO,-.0034156503557369
2010,SVN,GEO,.0148124622448058
2011,SVN,GEO,.005604326632018
2013,SVN,GEO,-.0174780947236632
2015,SVN,GEO,-.0040940376764647
2016,SVN,GEO,-.0116459197744832
2024,SVN,GEO,.0096994204282529
2007,ESP,SRB,
2008,ESP,SRB,
2010,ESP,SRB,
2011,ESP,SRB,
2012,ESP,SRB,
2015,ESP,SRB,
2016,ESP,SRB,
2018,ESP,SRB,
2019,ESP,SRB,
2021,ESP,SRB,
2022,ESP,SRB,
2023,ESP,SRB,
2024,ESP,SRB,
2007,ESP,BGR,.1799770857667871
2016,ESP,BGR,.1580335472110491
2017,ESP,BGR,.1454112731789652
2018,ESP,BGR,.1580196346859206
2021,ESP,BGR,.155501585935039
2007,ESP,BLR,
2010,ESP,BLR,
2013,ESP,BLR,
2014,ESP,BLR,
2017,ESP,BLR,
2019,ESP,BLR,
2007,ESP,GEO,.0766941705119895
2008,ESP,GEO,.0629809013749981
2010,ESP,GEO,.081209013975541
2011,ESP,GEO,.0720008783627536
2013,ESP,GEO,.048918457007071
2015,ESP,GEO,.0623025140542703
2016,ESP,GEO,.0547506319562509
2024,ESP,GEO,.0760959721589866
2007,SWE,SRB,
2008,SWE,SRB,
2010,SWE,SRB,
2011,SWE,SRB,
2012,SWE,SRB,
2015,SWE,SRB,
2016,SWE,SRB,
2018,SWE,SRB,
2019,SWE,SRB,
2021,SWE,SRB,
2022,SWE,SRB,
2023,SWE,SRB,
2024,SWE,SRB,
2026,SWE,SRB,
2007,SWE,BGR,.1343553899676466
2016,SWE,BGR,.1124118514119075
2017,SWE,BGR,.0997895773798247
2018,SWE,BGR,.1123979388867791
2021,SWE,BGR,.1098798901358975
2026,SWE,BGR,
2007,SWE,BLR,
2010,SWE,BLR,-.0623020283623184
2013,SWE,BLR,-.0945925853307885
2014,SWE,BLR,-.0761176437342851
2017,SWE,BLR,-.1013826844136911
2019,SWE,BLR,-.0883064515812109
2007,SWE,GEO,
2008,SWE,GEO,.0173592055758574
2010,SWE,GEO,.0355873181764003
2011,SWE,GEO,.0263791825636127
2013,SWE,GEO,.0032967612079303
2015,SWE,GEO,.0166808182551296
2016,SWE,GEO,.00912893615711
2024,SWE,GEO,.0304742763598465
2007,CHE,SRB,
2008,CHE,SRB,
2010,CHE,SRB,
2011,CHE,SRB,
2012,CHE,SRB,
2015,CHE,SRB,
2016,CHE,SRB,
2018,CHE,SRB,
2019,CHE,SRB,
2021,CHE,SRB,
2022,CHE,SRB,
2023,CHE,SRB,
2024,CHE,SRB,
2026,CHE,SRB,
2007,CHE,BGR,.119918537660863
2016,CHE,BGR,.0979749991051244
2017,CHE,BGR,.0853527250730417
2018,CHE,BGR,.0979610865799967
2021,CHE,BGR,.0954430378291148
2026,CHE,BGR,
2007,CHE,BLR,
2010,CHE,BLR,
2013,CHE,BLR,-.1090294376375714
2014,CHE,BLR,-.0905544960410682
2017,CHE,BLR,-.1158195367204745
2019,CHE,BLR,-.102743303887994
2007,CHE,GEO,
2008,CHE,GEO,
2010,CHE,GEO,
2011,CHE,GEO,.0119423302568293
2013,CHE,GEO,-.0111400910988529
2015,CHE,GEO,.0022439659483466
2016,CHE,GEO,-.0053079161496722
2024,CHE,GEO,.0160374240530632
2007,TUR,SRB,
2008,TUR,SRB,
2010,TUR,SRB,
2011,TUR,SRB,
2012,TUR,SRB,
2007,TUR,BGR,.1338326986987681
2007,TUR,BLR,
2010,TUR,BLR,
2007,TUR,GEO,.0305497834439711
2008,TUR,GEO,.016836514306979
2010,TUR,GEO,.035064626907522
2011,TUR,GEO,.0258564912947341
2007,UKR,SRB,
2008,UKR,SRB,
2010,UKR,SRB,
2011,UKR,SRB,
2012,UKR,SRB,
2016,UKR,SRB,
2018,UKR,SRB,
2021,UKR,SRB,
2022,UKR,SRB,
2023,UKR,SRB,
2024,UKR,SRB,
2026,UKR,SRB,
2007,UKR,BGR,.1382213060326229
2016,UKR,BGR,.1162777674768841
2017,UKR,BGR,.103655493444801
2018,UKR,BGR,.1162638549517565
2021,UKR,BGR,.1137458062008743
2026,UKR,BGR,
2007,UKR,BLR,-.0629509557608946
2010,UKR,BLR,-.0584361122973423
2013,UKR,BLR,-.0907266692658121
2014,UKR,BLR,-.0722517276693092
2017,UKR,BLR,-.0975167683487159
2007,UKR,GEO,.0349383907778251
2008,UKR,GEO,.021225121640833
2010,UKR,GEO,.0394532342413763
2011,UKR,GEO,.0302450986285893
2013,UKR,GEO,.007162677272907
2016,UKR,GEO,.0129948522220872
2024,UKR,GEO,.0343401924248224
2007,GBR,SRB,
2008,GBR,SRB,
2010,GBR,SRB,
2011,GBR,SRB,
2012,GBR,SRB,
2015,GBR,SRB,
2016,GBR,SRB,
2018,GBR,SRB,
2019,GBR,SRB,
2021,GBR,SRB,
2022,GBR,SRB,
2023,GBR,SRB,
2024,GBR,SRB,
2026,GBR,SRB,
2007,GBR,BGR,
2016,GBR,BGR,.1249082091082452
2017,GBR,BGR,.1122859350761618
2018,GBR,BGR,.1248942965831162
2021,GBR,BGR,.1223762478322351
2026,GBR,BGR,
2007,GBR,BLR,
2010,GBR,BLR,
2013,GBR,BLR,
2014,GBR,BLR,
2017,GBR,BLR,
2019,GBR,BLR,
2007,GBR,GEO,
2008,GBR,GEO,
2010,GBR,GEO,
2011,GBR,GEO,
2013,GBR,GEO,
2015,GBR,GEO,
2016,GBR,GEO,
2024,GBR,GEO,
2008,ALB,AZE,
2009,ALB,AZE,
2010,ALB,AZE,
2011,ALB,AZE,
2012,ALB,AZE,
2013,ALB,AZE,
2014,ALB,AZE,
2015,ALB,AZE,
2016,ALB,AZE,
2017,ALB,AZE,
2019,ALB,AZE,
2021,ALB,AZE,
2022,ALB,AZE,
2008,ALB,PRT,
2009,ALB,PRT,
2010,ALB,PRT,
2017,ALB,PRT,
2018,ALB,PRT,
2021,ALB,PRT,
2022,ALB,PRT,
2023,ALB,PRT,
2024,ALB,PRT,
2025,ALB,PRT,
2008,AND,AZE,
2009,AND,AZE,
2008,AND,PRT,-.0252967285900052
2009,AND,PRT,-.0197148821001114
2008,ARM,AZE,
2009,ARM,AZE,
2010,ARM,AZE,
2011,ARM,AZE,
2013,ARM,AZE,
2014,ARM,AZE,
2015,ARM,AZE,.2488549939423058
2016,ARM,AZE,.241303111844287
2017,ARM,AZE,.2286808378122037
2019,ARM,AZE,.2417570706446834
2022,ARM,AZE,
2008,ARM,PRT,
2009,ARM,PRT,
2010,ARM,PRT,
2017,ARM,PRT,
2018,ARM,PRT,
2022,ARM,PRT,
2023,ARM,PRT,
2024,ARM,PRT,
2025,ARM,PRT,
2008,ARM,ISL,
2009,ARM,ISL,
2010,ARM,ISL,
2011,ARM,ISL,
2013,ARM,ISL,
2014,ARM,ISL,
2019,ARM,ISL,
2022,ARM,ISL,
2025,ARM,ISL,
2008,ARM,ALB,
2009,ARM,ALB,
2010,ARM,ALB,
2015,ARM,ALB,
2018,ARM,ALB,
2019,ARM,ALB,
2023,ARM,ALB,
2025,ARM,ALB,
2026,ARM,ALB,
2008,ARM,POL,
2014,ARM,POL,
2015,ARM,POL,
2016,ARM,POL,
2017,ARM,POL,
2022,ARM,POL,
2023,ARM,POL,
2025,ARM,POL,
2026,ARM,POL,
2008,AZE,RUS,.1442024189813494
2009,AZE,RUS,.1497842654712421
2010,AZE,RUS,.1624305315818923
2011,AZE,RUS,.1532223959691055
2012,AZE,RUS,.1250495843405103
2013,AZE,RUS,.130139974613423
2014,AZE,RUS,.1486149162099268
2015,AZE,RUS,.1435240316606231
2016,AZE,RUS,.1359721495626033
2019,AZE,RUS,.1364261083630009
2021,AZE,RUS,.1334401882865935
2008,AZE,UKR,.207588985663101
2009,AZE,UKR,.2131708321529943
2010,AZE,UKR,.2258170982636443
2011,AZE,UKR,.2166089626508572
2012,AZE,UKR,.1884361510222625
2013,AZE,UKR,.1935265412951747
2014,AZE,UKR,.2120014828916786
2016,AZE,UKR,.1993587162443546
2017,AZE,UKR,.1867364422122719
2018,AZE,UKR,.1993448037192264
2021,AZE,UKR,.1968267549683452
2022,AZE,UKR,.1879756777384891
2023,AZE,UKR,.2071358972785619
2024,AZE,UKR,.2207040564470908
2025,AZE,UKR,
2026,AZE,UKR,
2008,AZE,GRC,
2009,AZE,GRC,
2010,AZE,GRC,
2011,AZE,GRC,
2012,AZE,GRC,
2013,AZE,GRC,
2014,AZE,GRC,
2015,AZE,GRC,
2017,AZE,GRC,
2019,AZE,GRC,
2021,AZE,GRC,
2022,AZE,GRC,
2024,AZE,GRC,
2025,AZE,GRC,
2026,AZE,GRC,
2008,AZE,ARM,
2009,AZE,ARM,
2010,AZE,ARM,
2013,AZE,ARM,
2014,AZE,ARM,
2015,AZE,ARM,.2378044634829293
2016,AZE,ARM,.2302525813849098
2017,AZE,ARM,.2176303073528258
2022,AZE,ARM,
2023,AZE,ARM,
2024,AZE,ARM,
2025,AZE,ARM,
2008,AZE,NOR,
2009,AZE,NOR,
2010,AZE,NOR,
2012,AZE,NOR,
2013,AZE,NOR,
2014,AZE,NOR,
2015,AZE,NOR,
2017,AZE,NOR,
2018,AZE,NOR,
2019,AZE,NOR,
2021,AZE,NOR,
2022,AZE,NOR,
2023,AZE,NOR,
2024,AZE,NOR,
2025,AZE,NOR,
2026,AZE,NOR,
2008,AZE,SRB,
2010,AZE,SRB,
2011,AZE,SRB,
2012,AZE,SRB,
2015,AZE,SRB,
2016,AZE,SRB,
2018,AZE,SRB,
2019,AZE,SRB,
2021,AZE,SRB,
2022,AZE,SRB,
2023,AZE,SRB,
2024,AZE,SRB,
2026,AZE,SRB,
2008,AZE,TUR,.1451969529854942
2009,AZE,TUR,.1507787994753878
2010,AZE,TUR,.1634250655860379
2012,AZE,TUR,.126044118344656
2008,AZE,ISR,
2009,AZE,ISR,
2010,AZE,ISR,
2015,AZE,ISR,
2016,AZE,ISR,
2017,AZE,ISR,
2018,AZE,ISR,
2019,AZE,ISR,
2021,AZE,ISR,
2023,AZE,ISR,
2024,AZE,ISR,
2025,AZE,ISR,
2026,AZE,ISR,
2008,AZE,BIH,
2009,AZE,BIH,
2010,AZE,BIH,
2011,AZE,BIH,
2012,AZE,BIH,
2008,AZE,GEO,.1390042463743206
2010,AZE,GEO,.1572323589748644
2011,AZE,GEO,.1480242233620769
2013,AZE,GEO,.1249418020063944
2015,AZE,GEO,.138325859053594
2016,AZE,GEO,.1307739769555753
2024,AZE,GEO,.1521193171583096
2008,AZE,LVA,
2015,AZE,LVA,
2016,AZE,LVA,
2024,AZE,LVA,
2025,AZE,LVA,
2008,AZE,PRT,
2009,AZE,PRT,
2010,AZE,PRT,
2017,AZE,PRT,
2018,AZE,PRT,
2021,AZE,PRT,
2022,AZE,PRT,
2023,AZE,PRT,
2024,AZE,PRT,
2025,AZE,PRT,
2008,AZE,ISL,
2009,AZE,ISL,
2010,AZE,ISL,
2011,AZE,ISL,
2012,AZE,ISL,
2013,AZE,ISL,
2014,AZE,ISL,
2019,AZE,ISL,
2021,AZE,ISL,
2022,AZE,ISL,
2025,AZE,ISL,
2008,AZE,DNK,
2009,AZE,DNK,
2010,AZE,DNK,
2011,AZE,DNK,
2012,AZE,DNK,
2013,AZE,DNK,
2014,AZE,DNK,
2017,AZE,DNK,
2018,AZE,DNK,
2019,AZE,DNK,
2025,AZE,DNK,
2026,AZE,DNK,
2008,AZE,ESP,
2009,AZE,ESP,
2010,AZE,ESP,
2011,AZE,ESP,
2012,AZE,ESP,
2013,AZE,ESP,
2014,AZE,ESP,
2015,AZE,ESP,
2016,AZE,ESP,
2017,AZE,ESP,
2018,AZE,ESP,
2019,AZE,ESP,
2021,AZE,ESP,
2022,AZE,ESP,
2023,AZE,ESP,
2024,AZE,ESP,
2025,AZE,ESP,
2008,AZE,ALB,
2009,AZE,ALB,
2010,AZE,ALB,
2012,AZE,ALB,
2015,AZE,ALB,
2018,AZE,ALB,
2019,AZE,ALB,
2021,AZE,ALB,
2023,AZE,ALB,
2025,AZE,ALB,
2026,AZE,ALB,
2008,AZE,SWE,
2009,AZE,SWE,
2011,AZE,SWE,
2012,AZE,SWE,
2013,AZE,SWE,
2014,AZE,SWE,
2015,AZE,SWE,
2016,AZE,SWE,
2017,AZE,SWE,
2018,AZE,SWE,
2019,AZE,SWE,
2021,AZE,SWE,
2022,AZE,SWE,
2023,AZE,SWE,
2024,AZE,SWE,
2025,AZE,SWE,
2026,AZE,SWE,
2008,AZE,FRA,
2009,AZE,FRA,
2010,AZE,FRA,
2011,AZE,FRA,
2012,AZE,FRA,
2013,AZE,FRA,
2014,AZE,FRA,
2015,AZE,FRA,
2016,AZE,FRA,
2017,AZE,FRA,
2018,AZE,FRA,
2019,AZE,FRA,
2021,AZE,FRA,
2022,AZE,FRA,
2023,AZE,FRA,
2024,AZE,FRA,
2025,AZE,FRA,
2026,AZE,FRA,
2008,AZE,ROU,.0855006730783898
2009,AZE,ROU,.0910825195682822
2010,AZE,ROU,.1037287856789331
2011,AZE,ROU,.0945206500661456
2012,AZE,ROU,.0663478384375509
2013,AZE,ROU,.0714382287104636
2014,AZE,ROU,.0899131703069667
2015,AZE,ROU,.0848222857576629
2017,AZE,ROU,.0646481296275604
2022,AZE,ROU,.0658873651537775
2026,AZE,ROU,
2008,AZE,HRV,
2009,AZE,HRV,
2016,AZE,HRV,
2017,AZE,HRV,
2023,AZE,HRV,
2024,AZE,HRV,
2026,AZE,HRV,
2008,AZE,FIN,
2009,AZE,FIN,
2011,AZE,FIN,
2013,AZE,FIN,
2014,AZE,FIN,
2018,AZE,FIN,
2021,AZE,FIN,
2022,AZE,FIN,
2023,AZE,FIN,
2024,AZE,FIN,
2025,AZE,FIN,
2026,AZE,FIN,
2008,AZE,DEU,-.0704433715421388
2009,AZE,DEU,-.0648615250522465
2010,AZE,DEU,-.0522152589415954
2011,AZE,DEU,-.0614233945543833
2012,AZE,DEU,-.0895962061829777
2013,AZE,DEU,-.0845058159100653
2014,AZE,DEU,-.0660308743135625
2015,AZE,DEU,-.0711217588628655
2016,AZE,DEU,-.0786736409608848
2017,AZE,DEU,-.091295914992968
2018,AZE,DEU,-.0786875534860132
2019,AZE,DEU,-.0782196821604879
2021,AZE,DEU,-.0812056022368947
2022,AZE,DEU,-.0900566794667513
2023,AZE,DEU,-.0708964599266774
2024,AZE,DEU,-.0573283007581491
2025,AZE,DEU,
2026,AZE,DEU,
2008,AZE,POL,
2014,AZE,POL,
2015,AZE,POL,
2016,AZE,POL,
2017,AZE,POL,
2022,AZE,POL,
2023,AZE,POL,
2025,AZE,POL,
2026,AZE,POL,
2008,AZE,GBR,
2009,AZE,GBR,
2010,AZE,GBR,
2011,AZE,GBR,
2012,AZE,GBR,
2013,AZE,GBR,
2014,AZE,GBR,
2015,AZE,GBR,
2016,AZE,GBR,
2017,AZE,GBR,
2018,AZE,GBR,
2019,AZE,GBR,
2021,AZE,GBR,
2022,AZE,GBR,
2023,AZE,GBR,
2024,AZE,GBR,
2025,AZE,GBR,
2026,AZE,GBR,
2008,BLR,AZE,.116303603955341
2009,BLR,AZE,.121885450445234
2010,BLR,AZE,.1345317165558835
2011,BLR,AZE,.1253235809430961
2012,BLR,AZE,.0971507693145006
2013,BLR,AZE,.1022411595874145
2014,BLR,AZE,.1207161011839168
2015,BLR,AZE,.1156252166346129
2016,BLR,AZE,.108073334536594
2017,BLR,AZE,.0954510605045109
2019,BLR,AZE,.108527293336991
2008,BLR,PRT,
2009,BLR,PRT,
2010,BLR,PRT,
2017,BLR,PRT,
2018,BLR,PRT,
2008,BEL,AZE,
2009,BEL,AZE,
2010,BEL,AZE,.1159375350014337
2011,BEL,AZE,.1067293993886458
2012,BEL,AZE,.078556587760051
2013,BEL,AZE,.0836469780329638
2014,BEL,AZE,.1021219196294671
2015,BEL,AZE,.0970310350801626
2016,BEL,AZE,.0894791529821438
2017,BEL,AZE,.0768568789500607
2019,BEL,AZE,.0899331117825412
2021,BEL,AZE,.0869471917061339
2022,BEL,AZE,.0780961144762772
2008,BIH,AZE,
2009,BIH,AZE,
2010,BIH,AZE,
2011,BIH,AZE,
2012,BIH,AZE,
2016,BIH,AZE,
2008,BGR,AZE,.1088735390496832
2009,BGR,AZE,.1144553855395753
2010,BGR,AZE,.1271016516502267
2011,BGR,AZE,.1178935160374387
2012,BGR,AZE,.0897207044088441
2013,BGR,AZE,.0948110946817576
2016,BGR,AZE,.100643269630937
2017,BGR,AZE,.0880209955988539
2021,BGR,AZE,.0981113083549267
2022,BGR,AZE,.0892602311250701
2008,BGR,PRT,-.00999641066722
2009,BGR,PRT,-.0044145641773279
2010,BGR,PRT,.0082317019333226
2017,BGR,PRT,-.030848954118051
2018,BGR,PRT,-.0182405926110956
2021,BGR,PRT,-.0207586413619774
2022,BGR,PRT,-.0296097185918337
2008,BGR,ISL,.0696285786634415
2009,BGR,ISL,.075210425153334
2010,BGR,ISL,.087856691263985
2011,BGR,ISL,.0786485556511968
2012,BGR,ISL,.0504757440226023
2013,BGR,ISL,.0555661342955151
2021,BGR,ISL,.058866347968685
2022,BGR,ISL,.0500152707388292
2008,BGR,POL,-.1561276294120866
2016,BGR,POL,-.1643578988308333
2017,BGR,POL,-.1769801728629163
2022,BGR,POL,-.1757409373366993
2026,BGR,POL,
2008,HRV,AZE,.1141701294161742
2009,HRV,AZE,.1197519759060665
2010,HRV,AZE,.1323982420167174
2011,HRV,AZE,.1231901064039306
2012,HRV,AZE,.0950172947753346
2013,HRV,AZE,.100107685048247
2016,HRV,AZE,.105939859997427
2017,HRV,AZE,.0933175859653445
2019,HRV,AZE,.1063938187978251
2021,HRV,AZE,.1034078987214172
2022,HRV,AZE,.0945568214915614
2008,CYP,AZE,.1577406992017968
2009,CYP,AZE,.1633225456916887
2010,CYP,AZE,.17596881180234
2011,CYP,AZE,.1667606761895525
2012,CYP,AZE,.1385878645609579
2013,CYP,AZE,.1436782548338703
2015,CYP,AZE,.157062311881069
2016,CYP,AZE,.1495104297830503
2017,CYP,AZE,.1368881557509668
2019,CYP,AZE,.1499643885834477
2021,CYP,AZE,.1469784685070399
2022,CYP,AZE,.1381273912771839
2008,CZE,NOR,-.0120511532072624
2009,CZE,NOR,-.0064693067173697
2015,CZE,NOR,-.0127295405279899
2017,CZE,NOR,-.0329036966580924
2018,CZE,NOR,-.0202953351511375
2019,CZE,NOR,-.0198274638256122
2021,CZE,NOR,-.0228133839020194
2022,CZE,NOR,-.0316644611318756
2023,CZE,NOR,-.0125042415918019
2024,CZE,NOR,.0010639175767264
2025,CZE,NOR,
2026,CZE,NOR,
2008,CZE,AZE,.0953287600459942
2009,CZE,AZE,.1009106065358876
2015,CZE,AZE,.0946503727252681
2016,CZE,AZE,.0870984906272481
2017,CZE,AZE,.0744762165951653
2019,CZE,AZE,.0875524494276452
2021,CZE,AZE,.0845665293512379
2022,CZE,AZE,.0757154521213815
2008,CZE,ISR,.013949433166722
2009,CZE,ISR,.0195312796566142
2015,CZE,ISR,.0132710458459946
2016,CZE,ISR,.0057191637479753
2017,CZE,ISR,-.0069031102841073
2018,CZE,ISR,.0057052512228475
2019,CZE,ISR,.0061731225483726
2021,CZE,ISR,.0031872024719653
2023,CZE,ISR,.0134963447821829
2024,CZE,ISR,.0270645039507112
2025,CZE,ISR,
2026,CZE,ISR,
2008,CZE,PRT,-.0235411896709088
2009,CZE,PRT,-.0179593431810167
2017,CZE,PRT,-.0443937331217388
2018,CZE,PRT,-.0317853716147841
2021,CZE,PRT,-.034303420365666
2022,CZE,PRT,-.0431544975955223
2023,CZE,PRT,-.0239942780554484
2024,CZE,PRT,-.0104261188869197
2025,CZE,PRT,
2008,CZE,ISL,.0560837996597524
2009,CZE,ISL,.0616656461496454
2019,CZE,ISL,.0483074890414036
2021,CZE,ISL,.0453215689649957
2022,CZE,ISL,.0364704917351398
2025,CZE,ISL,
2008,CZE,DNK,-.0022423313456924
2009,CZE,DNK,.0033395151442
2017,CZE,DNK,-.0230948747965221
2018,CZE,DNK,-.0104865132895678
2019,CZE,DNK,-.0100186419640421
2025,CZE,DNK,
2026,CZE,DNK,
2008,CZE,ALB,.0094060474674408
2009,CZE,ALB,.0149878939573337
2015,CZE,ALB,.0087276601467134
2018,CZE,ALB,.0011618655235669
2019,CZE,ALB,.0016297368490921
2021,CZE,ALB,-.0013561832273157
2023,CZE,ALB,.0089529590829023
2025,CZE,ALB,
2026,CZE,ALB,
2008,CZE,HRV,-.0125412398861209
2009,CZE,HRV,-.0069593933962286
2016,CZE,HRV,-.0207715093048677
2017,CZE,HRV,-.0333937833369508
2023,CZE,HRV,-.0129943282706602
2024,CZE,HRV,.0005738308978683
2026,CZE,HRV,
2008,CZE,POL,-.1696724084157752
2015,CZE,POL,-.1703507957365025
2016,CZE,POL,-.1779026778345215
2017,CZE,POL,-.1905249518666051
2022,CZE,POL,-.1892857163403882
2023,CZE,POL,-.1701254968003144
2025,CZE,POL,
2026,CZE,POL,
2008,DNK,AZE,.1168286862256922
2009,DNK,AZE,.1224105327155849
2010,DNK,AZE,.1350567988262351
2011,DNK,AZE,.1258486632134474
2012,DNK,AZE,.0976758515848533
2013,DNK,AZE,.1027662418577658
2014,DNK,AZE,.1212411834542683
2015,DNK,AZE,.1161502989049651
2016,DNK,AZE,.1085984168069454
2017,DNK,AZE,.0959761427748621
2019,DNK,AZE,.1090523756073428
2021,DNK,AZE,.1060664555309361
2022,DNK,AZE,.097215378301079
2008,EST,AZE,.1193622664194051
2009,EST,AZE,.1249441129092984
2010,EST,AZE,.1375903790199487
2011,EST,AZE,.128382243407162
2012,EST,AZE,.1002094317785665
2013,EST,AZE,.1052998220514785
2014,EST,AZE,.1237747636479813
2015,EST,AZE,.118683879098678
2016,EST,AZE,.1111319970006586
2017,EST,AZE,.0985097229685756
2019,EST,AZE,.1115859558010563
2021,EST,AZE,.1086000357246494
2022,EST,AZE,.0997489584947921
2008,FIN,AZE,.1199600975910294
2009,FIN,AZE,.1255419440809217
2010,FIN,AZE,.1381882101915728
2011,FIN,AZE,.1289800745787845
2012,FIN,AZE,.1008072629501902
2013,FIN,AZE,.105897653223103
2014,FIN,AZE,.1243725948196054
2015,FIN,AZE,.1192817102703019
2016,FIN,AZE,.1117298281722829
2017,FIN,AZE,.0991075541401997
2019,FIN,AZE,.1121837869726801
2021,FIN,AZE,.109197866896273
2022,FIN,AZE,.1003467896664166
2008,FRA,AZE,
2009,FRA,AZE,
2010,FRA,AZE,
2011,FRA,AZE,
2012,FRA,AZE,
2013,FRA,AZE,
2014,FRA,AZE,
2015,FRA,AZE,
2016,FRA,AZE,
2017,FRA,AZE,
2019,FRA,AZE,
2021,FRA,AZE,
2022,FRA,AZE,
2008,GEO,NOR,
2010,GEO,NOR,
2012,GEO,NOR,
2013,GEO,NOR,
2014,GEO,NOR,
2015,GEO,NOR,
2017,GEO,NOR,
2018,GEO,NOR,
2019,GEO,NOR,
2021,GEO,NOR,
2022,GEO,NOR,
2023,GEO,NOR,
2024,GEO,NOR,
2025,GEO,NOR,
2026,GEO,NOR,
2008,GEO,AZE,.1725677372682443
2010,GEO,AZE,.1907958498687865
2011,GEO,AZE,.1815877142559997
2012,GEO,AZE,.1534149026274039
2013,GEO,AZE,.1585052929003173
2014,GEO,AZE,.1769802344968217
2015,GEO,AZE,.171889349947516
2016,GEO,AZE,.1643374678494979
2017,GEO,AZE,.1517151938174147
2019,GEO,AZE,.164791426649895
2021,GEO,AZE,.1618055065734874
2022,GEO,AZE,.1529544293436309
2008,GEO,ISR,.0911884103889718
2010,GEO,ISR,.1094165229895145
2015,GEO,ISR,.0905100230682446
2016,GEO,ISR,.0829581409702255
2017,GEO,ISR,.0703358669381415
2018,GEO,ISR,.0829442284450965
2019,GEO,ISR,.0834120997706228
2021,GEO,ISR,.0804261796942154
2023,GEO,ISR,.0907353220044317
2024,GEO,ISR,.104303481172961
2025,GEO,ISR,
2026,GEO,ISR,
2008,GEO,PRT,
2010,GEO,PRT,
2017,GEO,PRT,
2018,GEO,PRT,
2021,GEO,PRT,
2022,GEO,PRT,
2023,GEO,PRT,
2024,GEO,PRT,
2025,GEO,PRT,
2008,GEO,ISL,
2010,GEO,ISL,
2011,GEO,ISL,
2012,GEO,ISL,
2013,GEO,ISL,
2014,GEO,ISL,
2019,GEO,ISL,
2021,GEO,ISL,
2022,GEO,ISL,
2025,GEO,ISL,
2008,GEO,DNK,
2010,GEO,DNK,
2011,GEO,DNK,
2012,GEO,DNK,
2013,GEO,DNK,
2014,GEO,DNK,
2017,GEO,DNK,
2018,GEO,DNK,
2019,GEO,DNK,
2025,GEO,DNK,
2026,GEO,DNK,
2008,GEO,ALB,.0866450246896903
2010,GEO,ALB,.1048731372902331
2012,GEO,ALB,.0674921900488515
2015,GEO,ALB,.0859666373689629
2018,GEO,ALB,.0784008427458162
2019,GEO,ALB,.0788687140713409
2021,GEO,ALB,.0758827939949341
2023,GEO,ALB,.0861919363051513
2025,GEO,ALB,
2026,GEO,ALB,
2008,GEO,HRV,
2016,GEO,HRV,
2017,GEO,HRV,
2023,GEO,HRV,
2024,GEO,HRV,
2026,GEO,HRV,
2008,GEO,POL,-.0924334311935261
2014,GEO,POL,-.0880209339649498
2015,GEO,POL,-.0931118185142534
2016,GEO,POL,-.1006637006122719
2017,GEO,POL,-.1132859746443554
2022,GEO,POL,-.1120467391181381
2023,GEO,POL,-.0928865195780642
2025,GEO,POL,
2026,GEO,POL,
2008,DEU,AZE,
2009,DEU,AZE,
2010,DEU,AZE,
2011,DEU,AZE,
2012,DEU,AZE,
2013,DEU,AZE,
2014,DEU,AZE,
2015,DEU,AZE,
2016,DEU,AZE,
2017,DEU,AZE,
2019,DEU,AZE,
2021,DEU,AZE,.0745771941744545
2022,DEU,AZE,.0657261169445974
2008,GRC,AZE,.1548612354488215
2009,GRC,AZE,.1604430819387134
2010,GRC,AZE,.1730893480493633
2011,GRC,AZE,.1638812124365761
2012,GRC,AZE,.1357084008079807
2013,GRC,AZE,.1407987910808942
2014,GRC,AZE,.1592737326773965
2015,GRC,AZE,.1541828481280933
2016,GRC,AZE,.146630966030074
2017,GRC,AZE,.1340086919979909
2019,GRC,AZE,.147084924830471
2021,GRC,AZE,.1440990047540646
2022,GRC,AZE,.1352479275242067
2008,HUN,AZE,.1034951126746834
2009,HUN,AZE,.1090769591645752
2011,HUN,AZE,.1125150896624385
2012,HUN,AZE,.0843422780338434
2013,HUN,AZE,.0894326683067572
2014,HUN,AZE,.1079076099032596
2015,HUN,AZE,.1028167253539557
2016,HUN,AZE,.0952648432559368
2017,HUN,AZE,.0826425692238537
2019,HUN,AZE,.0957188020563335
2008,ISL,AZE,
2009,ISL,AZE,.18520522533468
2010,ISL,AZE,.197851491445331
2011,ISL,AZE,
2012,ISL,AZE,.1604705442039483
2013,ISL,AZE,.1655609344768611
2014,ISL,AZE,
2015,ISL,AZE,.1789449915240605
2016,ISL,AZE,.1713931094260416
2017,ISL,AZE,.1587708353939583
2019,ISL,AZE,.1718470682264386
2021,ISL,AZE,.1688611481500313
2022,ISL,AZE,.1600100709201745
2008,IRL,AZE,.1488345186961744
2009,IRL,AZE,.1544163651860671
2010,IRL,AZE,.1670626312967173
2011,IRL,AZE,.157854495683929
2012,IRL,AZE,.1296816840553347
2013,IRL,AZE,.1347720743282478
2014,IRL,AZE,.1532470159247507
2015,IRL,AZE,.1481561313754464
2016,IRL,AZE,.1406042492774278
2017,IRL,AZE,.1279819752453443
2019,IRL,AZE,.1410582080778247
2021,IRL,AZE,.1380722880014182
2022,IRL,AZE,.1292212107715614
2008,ISR,AZE,.1902606175701932
2009,ISR,AZE,.1958424640600857
2010,ISR,AZE,.208488730170736
2011,ISR,AZE,.1992805945579481
2012,ISR,AZE,.171107782929353
2013,ISR,AZE,.1761981732022665
2014,ISR,AZE,.1946731147987696
2015,ISR,AZE,.1895822302494658
2016,ISR,AZE,.1820303481514462
2017,ISR,AZE,.1694080741193635
2019,ISR,AZE,.1824843069518436
2021,ISR,AZE,.1794983868754372
2022,ISR,AZE,.1706473096455798
2008,LVA,AZE,.1213003087157376
2009,LVA,AZE,.1268821552056293
2010,LVA,AZE,.1395284213162808
2011,LVA,AZE,.130320285703492
2012,LVA,AZE,.1021474740748974
2013,LVA,AZE,.1072378643478104
2014,LVA,AZE,.1257128059443141
2015,LVA,AZE,.1206219213950103
2016,LVA,AZE,.1130700392969909
2017,LVA,AZE,.1004477652649082
2019,LVA,AZE,.1135239980973883
2021,LVA,AZE,.1105380780209811
2022,LVA,AZE,.1016870007911245
2008,LTU,AZE,.1131893155605858
2009,LTU,AZE,.1187711620504775
2010,LTU,AZE,.1314174281611282
2011,LTU,AZE,.1222092925483408
2012,LTU,AZE,.0940364809197473
2013,LTU,AZE,.0991268711926599
2014,LTU,AZE,.1176018127891615
2015,LTU,AZE,.1125109282398585
2016,LTU,AZE,.1049590461418383
2017,LTU,AZE,.0923367721097555
2019,LTU,AZE,.1054130049422359
2021,LTU,AZE,.1024270848658291
2022,LTU,AZE,.0935760076359721
2008,MLT,AZE,
2009,MLT,AZE,
2010,MLT,AZE,
2011,MLT,AZE,
2012,MLT,AZE,
2013,MLT,AZE,
2014,MLT,AZE,
2015,MLT,AZE,
2016,MLT,AZE,
2017,MLT,AZE,
2019,MLT,AZE,
2021,MLT,AZE,
2022,MLT,AZE,
2008,MDA,AZE,.1490196254632467
2009,MDA,AZE,.154601471953139
2010,MDA,AZE,.1672477380637883
2011,MDA,AZE,.1580396024510015
2012,MDA,AZE,.1298667908224066
2013,MDA,AZE,.1349571810953201
2014,MDA,AZE,.1534321226918228
2015,MDA,AZE,.1483412381425188
2016,MDA,AZE,.1407893560444994
2017,MDA,AZE,.1281670820124163
2019,MDA,AZE,.1412433148448961
2021,MDA,AZE,.138257394768489
2022,MDA,AZE,.1294063175386323
2008,MDA,PRT,.0301496757463419
2009,MDA,PRT,.0357315222362346
2010,MDA,PRT,.0483777883468851
2017,MDA,PRT,.0092971322955123
2018,MDA,PRT,.0219054938024665
2021,MDA,PRT,.0193874450515854
2022,MDA,PRT,.0105363678217288
2023,MDA,PRT,.0296965873618026
2024,MDA,PRT,.0432647465303317
2008,MDA,ISL,
2009,MDA,ISL,
2010,MDA,ISL,
2011,MDA,ISL,
2012,MDA,ISL,
2013,MDA,ISL,
2014,MDA,ISL,
2019,MDA,ISL,
2021,MDA,ISL,
2022,MDA,ISL,
2008,MDA,POL,-.1159815429985244
2014,MDA,POL,-.1115690457699483
2015,MDA,POL,-.1166599303192525
2016,MDA,POL,-.1242118124172709
2017,MDA,POL,-.136834086449354
2022,MDA,POL,-.1355948509231373
2023,MDA,POL,-.1164346313830634
2026,MDA,POL,
2008,MNE,NOR,
2009,MNE,NOR,
2012,MNE,NOR,
2013,MNE,NOR,
2014,MNE,NOR,
2015,MNE,NOR,
2017,MNE,NOR,
2018,MNE,NOR,
2019,MNE,NOR,
2022,MNE,NOR,
2025,MNE,NOR,
2026,MNE,NOR,
2008,MNE,AZE,
2009,MNE,AZE,
2012,MNE,AZE,
2013,MNE,AZE,
2014,MNE,AZE,
2015,MNE,AZE,
2016,MNE,AZE,
2017,MNE,AZE,
2019,MNE,AZE,
2022,MNE,AZE,
2008,MNE,ISR,
2009,MNE,ISR,
2015,MNE,ISR,
2016,MNE,ISR,
2017,MNE,ISR,
2018,MNE,ISR,
2019,MNE,ISR,
2025,MNE,ISR,
2026,MNE,ISR,
2008,MNE,PRT,
2009,MNE,PRT,
2017,MNE,PRT,
2018,MNE,PRT,
2022,MNE,PRT,
2025,MNE,PRT,
2008,MNE,ISL,
2009,MNE,ISL,
2012,MNE,ISL,
2013,MNE,ISL,
2014,MNE,ISL,
2019,MNE,ISL,
2022,MNE,ISL,
2025,MNE,ISL,
2008,MNE,DNK,
2009,MNE,DNK,
2012,MNE,DNK,
2013,MNE,DNK,
2014,MNE,DNK,
2017,MNE,DNK,
2018,MNE,DNK,
2019,MNE,DNK,
2025,MNE,DNK,
2026,MNE,DNK,
2008,MNE,ALB,
2009,MNE,ALB,
2012,MNE,ALB,
2015,MNE,ALB,
2018,MNE,ALB,
2019,MNE,ALB,
2025,MNE,ALB,
2026,MNE,ALB,
2008,MNE,HRV,
2009,MNE,HRV,
2016,MNE,HRV,
2017,MNE,HRV,
2026,MNE,HRV,
2008,MNE,POL,
2014,MNE,POL,
2015,MNE,POL,
2016,MNE,POL,
2017,MNE,POL,
2022,MNE,POL,
2025,MNE,POL,
2026,MNE,POL,
2008,NLD,AZE,.0949795658507479
2009,NLD,AZE,.1005614123406393
2010,NLD,AZE,.113207678451291
2011,NLD,AZE,.1039995428385033
2012,NLD,AZE,.0758267312099085
2013,NLD,AZE,.080917121482821
2014,NLD,AZE,.0993920630793242
2015,NLD,AZE,.0943011785300204
2016,NLD,AZE,.0867492964320009
2017,NLD,AZE,.0741270223999178
2019,NLD,AZE,.0872032552323982
2021,NLD,AZE,.0842173351559907
2022,NLD,AZE,.0753662579261345
2008,MKD,AZE,
2009,MKD,AZE,
2010,MKD,AZE,
2011,MKD,AZE,
2012,MKD,AZE,
2013,MKD,AZE,
2014,MKD,AZE,
2015,MKD,AZE,
2016,MKD,AZE,
2017,MKD,AZE,
2019,MKD,AZE,
2021,MKD,AZE,
2022,MKD,AZE,
2008,NOR,AZE,.1249946430228088
2009,NOR,AZE,.1305764895127006
2010,NOR,AZE,.1432227556233525
2011,NOR,AZE,.1340146200105642
2012,NOR,AZE,.1058418083819694
2013,NOR,AZE,.110932198654882
2014,NOR,AZE,.1294071402513857
2015,NOR,AZE,.124316255702082
2016,NOR,AZE,.116764373604062
2017,NOR,AZE,.1041420995719791
2019,NOR,AZE,.11721833240446
2021,NOR,AZE,.1142324123280517
2022,NOR,AZE,.1053813350981958
2008,POL,AZE,.1040761857343961
2009,POL,AZE,.1096580322242882
2010,POL,AZE,.1223042983349383
2011,POL,AZE,.113096162722151
2014,POL,AZE,.1084886829629727
2015,POL,AZE,.1033977984136685
2016,POL,AZE,.095845916315649
2017,POL,AZE,.0832236422835657
2019,POL,AZE,.0962998751160464
2021,POL,AZE,.093313955039639
2022,POL,AZE,.0844628778097829
2008,PRT,AZE,.1762851916611878
2009,PRT,AZE,.1818670381510796
2010,PRT,AZE,.1945133042617302
2011,PRT,AZE,.1853051686489431
2012,PRT,AZE,.1571323570203481
2014,PRT,AZE,.1806976888897637
2015,PRT,AZE,.1756068043404604
2017,PRT,AZE,.1554326482103575
2019,PRT,AZE,.1685088810428382
2021,PRT,AZE,.1655229609664304
2022,PRT,AZE,.1566718837365738
2008,ROU,AZE,.1361067729976441
2009,ROU,AZE,.1416886194875372
2010,ROU,AZE,.154334885598187
2011,ROU,AZE,.1451267499854002
2012,ROU,AZE,.1169539383568047
2013,ROU,AZE,.1220443286297178
2014,ROU,AZE,.1405192702262205
2015,ROU,AZE,.1354283856769162
2017,ROU,AZE,.115254229546815
2019,ROU,AZE,.1283304623792946
2021,ROU,AZE,.1253445423028877
2022,ROU,AZE,.1164934650730313
2008,RUS,AZE,.1024395807295779
2009,RUS,AZE,.1080214272194707
2010,RUS,AZE,.1206676933301215
2011,RUS,AZE,.1114595577173354
2012,RUS,AZE,.0832867460887389
2013,RUS,AZE,.0883771363616523
2014,RUS,AZE,.1068520779581547
2015,RUS,AZE,.1017611934088505
2016,RUS,AZE,.0942093113108319
2019,RUS,AZE,.0946632701112293
2021,RUS,AZE,.091677350034822
2008,SMR,RUS,.026040670076488
2011,SMR,RUS,.0350606470642432
2012,SMR,RUS,.0068878354356484
2013,SMR,RUS,.0119782257085616
2014,SMR,RUS,.0304531673050645
2015,SMR,RUS,.025362282755761
2016,SMR,RUS,.0178104006577413
2019,SMR,RUS,.0182643594581385
2021,SMR,RUS,.015278439381732
2008,SMR,UKR,.0894272367582401
2011,SMR,UKR,.0984472137459951
2012,SMR,UKR,.0702744021174008
2013,SMR,UKR,.0753647923903137
2014,SMR,UKR,.0938397339868169
2016,SMR,UKR,.0811969673394937
2017,SMR,UKR,.0685746933074104
2018,SMR,UKR,.0811830548143659
2021,SMR,UKR,.0786650060634839
2022,SMR,UKR,.0698139288336266
2023,SMR,UKR,.0889741483737004
2024,SMR,UKR,.10254230754223
2025,SMR,UKR,
2026,SMR,UKR,
2008,SMR,GRC,
2011,SMR,GRC,
2012,SMR,GRC,
2013,SMR,GRC,
2014,SMR,GRC,
2015,SMR,GRC,
2017,SMR,GRC,
2019,SMR,GRC,
2021,SMR,GRC,
2022,SMR,GRC,
2024,SMR,GRC,
2025,SMR,GRC,
2026,SMR,GRC,
2008,SMR,ARM,
2013,SMR,ARM,
2014,SMR,ARM,
2015,SMR,ARM,
2016,SMR,ARM,
2017,SMR,ARM,
2022,SMR,ARM,
2023,SMR,ARM,
2024,SMR,ARM,
2025,SMR,ARM,
2008,SMR,NOR,
2012,SMR,NOR,
2013,SMR,NOR,
2014,SMR,NOR,
2015,SMR,NOR,
2017,SMR,NOR,
2018,SMR,NOR,
2019,SMR,NOR,
2021,SMR,NOR,
2022,SMR,NOR,
2023,SMR,NOR,
2024,SMR,NOR,
2025,SMR,NOR,
2026,SMR,NOR,
2008,SMR,SRB,
2011,SMR,SRB,
2012,SMR,SRB,
2015,SMR,SRB,
2016,SMR,SRB,
2018,SMR,SRB,
2019,SMR,SRB,
2021,SMR,SRB,
2022,SMR,SRB,
2023,SMR,SRB,
2024,SMR,SRB,
2026,SMR,SRB,
2008,SMR,TUR,
2012,SMR,TUR,
2008,SMR,AZE,
2011,SMR,AZE,
2012,SMR,AZE,
2013,SMR,AZE,
2014,SMR,AZE,
2015,SMR,AZE,
2016,SMR,AZE,
2017,SMR,AZE,
2019,SMR,AZE,
2021,SMR,AZE,
2022,SMR,AZE,
2008,SMR,ISR,
2015,SMR,ISR,
2016,SMR,ISR,
2017,SMR,ISR,
2018,SMR,ISR,
2019,SMR,ISR,
2021,SMR,ISR,
2023,SMR,ISR,
2024,SMR,ISR,
2025,SMR,ISR,
2026,SMR,ISR,
2008,SMR,BIH,
2011,SMR,BIH,
2012,SMR,BIH,
2008,SMR,GEO,
2011,SMR,GEO,
2013,SMR,GEO,
2015,SMR,GEO,
2016,SMR,GEO,
2024,SMR,GEO,
2008,SMR,LVA,
2015,SMR,LVA,
2016,SMR,LVA,
2024,SMR,LVA,
2025,SMR,LVA,
2008,SMR,PRT,
2017,SMR,PRT,
2018,SMR,PRT,
2021,SMR,PRT,
2022,SMR,PRT,
2023,SMR,PRT,
2024,SMR,PRT,
2025,SMR,PRT,
2008,SMR,ISL,
2011,SMR,ISL,
2012,SMR,ISL,
2013,SMR,ISL,
2014,SMR,ISL,
2019,SMR,ISL,
2021,SMR,ISL,
2022,SMR,ISL,
2025,SMR,ISL,
2008,SMR,DNK,
2011,SMR,DNK,
2012,SMR,DNK,
2013,SMR,DNK,
2014,SMR,DNK,
2017,SMR,DNK,
2018,SMR,DNK,
2019,SMR,DNK,
2025,SMR,DNK,
2026,SMR,DNK,
2008,SMR,ESP,
2011,SMR,ESP,
2012,SMR,ESP,
2013,SMR,ESP,
2014,SMR,ESP,
2015,SMR,ESP,
2016,SMR,ESP,
2017,SMR,ESP,
2018,SMR,ESP,
2019,SMR,ESP,
2021,SMR,ESP,
2022,SMR,ESP,
2023,SMR,ESP,
2024,SMR,ESP,
2025,SMR,ESP,
2008,SMR,ALB,.0311137866990877
2012,SMR,ALB,
2015,SMR,ALB,
2018,SMR,ALB,
2019,SMR,ALB,
2021,SMR,ALB,
2023,SMR,ALB,
2025,SMR,ALB,
2026,SMR,ALB,
2008,SMR,SWE,
2011,SMR,SWE,
2012,SMR,SWE,
2013,SMR,SWE,
2014,SMR,SWE,
2015,SMR,SWE,
2016,SMR,SWE,
2017,SMR,SWE,
2018,SMR,SWE,
2019,SMR,SWE,
2021,SMR,SWE,
2022,SMR,SWE,
2023,SMR,SWE,
2024,SMR,SWE,
2025,SMR,SWE,
2026,SMR,SWE,
2008,SMR,FRA,-.1197699867641788
2011,SMR,FRA,-.1107500097764237
2012,SMR,FRA,-.1389228214050176
2013,SMR,FRA,-.1338324311321055
2014,SMR,FRA,-.1153574895356024
2015,SMR,FRA,-.1204483740849062
2016,SMR,FRA,-.1280002561829248
2017,SMR,FRA,-.1406225302150088
2018,SMR,FRA,-.1280141687080536
2019,SMR,FRA,-.1275462973825284
2021,SMR,FRA,-.1305322174589357
2022,SMR,FRA,-.1393832946887915
2023,SMR,FRA,-.1202230751487179
2024,SMR,FRA,-.1066549159801894
2025,SMR,FRA,
2026,SMR,FRA,
2008,SMR,ROU,-.0326610758264708
2011,SMR,ROU,-.0236410988387158
2012,SMR,ROU,-.0518139104673102
2013,SMR,ROU,-.0467235201943969
2014,SMR,ROU,-.0282485785978943
2015,SMR,ROU,-.0333394631471984
2017,SMR,ROU,-.0535136192773009
2022,SMR,ROU,-.052274383751084
2026,SMR,ROU,
2008,SMR,HRV,
2016,SMR,HRV,
2017,SMR,HRV,
2023,SMR,HRV,
2024,SMR,HRV,
2026,SMR,HRV,
2008,SMR,FIN,
2011,SMR,FIN,
2013,SMR,FIN,
2014,SMR,FIN,
2018,SMR,FIN,
2021,SMR,FIN,
2022,SMR,FIN,
2023,SMR,FIN,
2024,SMR,FIN,
2025,SMR,FIN,
2026,SMR,FIN,
2008,SMR,DEU,
2011,SMR,DEU,
2012,SMR,DEU,
2013,SMR,DEU,
2014,SMR,DEU,
2015,SMR,DEU,
2016,SMR,DEU,
2017,SMR,DEU,
2018,SMR,DEU,
2019,SMR,DEU,
2021,SMR,DEU,
2022,SMR,DEU,
2023,SMR,DEU,
2024,SMR,DEU,
2025,SMR,DEU,
2026,SMR,DEU,
2008,SMR,POL,-.1479646691841275
2014,SMR,POL,-.1435521719555511
2015,SMR,POL,-.1486430565048552
2016,SMR,POL,-.1561949386028751
2017,SMR,POL,-.1688172126349579
2022,SMR,POL,-.167577977108741
2023,SMR,POL,-.1484177575686672
2025,SMR,POL,
2026,SMR,POL,
2008,SMR,GBR,
2011,SMR,GBR,
2012,SMR,GBR,
2013,SMR,GBR,
2014,SMR,GBR,
2015,SMR,GBR,
2016,SMR,GBR,
2017,SMR,GBR,
2018,SMR,GBR,
2019,SMR,GBR,
2021,SMR,GBR,
2022,SMR,GBR,
2023,SMR,GBR,
2024,SMR,GBR,
2025,SMR,GBR,
2026,SMR,GBR,
2008,SRB,NOR,
2009,SRB,NOR,
2010,SRB,NOR,
2012,SRB,NOR,
2013,SRB,NOR,
2015,SRB,NOR,
2017,SRB,NOR,
2018,SRB,NOR,
2019,SRB,NOR,
2021,SRB,NOR,
2022,SRB,NOR,
2023,SRB,NOR,
2024,SRB,NOR,
2025,SRB,NOR,
2026,SRB,NOR,
2008,SRB,AZE,
2009,SRB,AZE,
2010,SRB,AZE,
2011,SRB,AZE,
2012,SRB,AZE,
2013,SRB,AZE,
2015,SRB,AZE,
2016,SRB,AZE,
2017,SRB,AZE,
2019,SRB,AZE,
2021,SRB,AZE,
2022,SRB,AZE,
2008,SRB,ISR,
2009,SRB,ISR,
2010,SRB,ISR,
2015,SRB,ISR,
2016,SRB,ISR,
2017,SRB,ISR,
2018,SRB,ISR,
2019,SRB,ISR,
2021,SRB,ISR,
2023,SRB,ISR,
2024,SRB,ISR,
2025,SRB,ISR,
2026,SRB,ISR,
2008,SRB,PRT,
2009,SRB,PRT,
2010,SRB,PRT,
2017,SRB,PRT,
2018,SRB,PRT,
2021,SRB,PRT,
2022,SRB,PRT,
2023,SRB,PRT,
2024,SRB,PRT,
2025,SRB,PRT,
2008,SRB,ISL,
2009,SRB,ISL,
2010,SRB,ISL,
2011,SRB,ISL,
2012,SRB,ISL,
2013,SRB,ISL,
2019,SRB,ISL,
2021,SRB,ISL,
2022,SRB,ISL,
2025,SRB,ISL,
2008,SRB,DNK,
2009,SRB,DNK,
2010,SRB,DNK,
2011,SRB,DNK,
2012,SRB,DNK,
2013,SRB,DNK,
2017,SRB,DNK,
2018,SRB,DNK,
2019,SRB,DNK,
2025,SRB,DNK,
2026,SRB,DNK,
2008,SRB,ALB,
2009,SRB,ALB,
2010,SRB,ALB,
2012,SRB,ALB,
2015,SRB,ALB,
2018,SRB,ALB,
2019,SRB,ALB,
2021,SRB,ALB,
2023,SRB,ALB,
2025,SRB,ALB,
2026,SRB,ALB,
2008,SRB,HRV,
2009,SRB,HRV,
2016,SRB,HRV,
2017,SRB,HRV,
2023,SRB,HRV,
2024,SRB,HRV,
2026,SRB,HRV,
2008,SRB,POL,
2015,SRB,POL,
2016,SRB,POL,
2017,SRB,POL,
2022,SRB,POL,
2023,SRB,POL,
2025,SRB,POL,
2026,SRB,POL,
2008,SVN,AZE,.0927783514524456
2009,SVN,AZE,.0983601979423381
2010,SVN,AZE,.1110064640529884
2011,SVN,AZE,.1017983284402006
2012,SVN,AZE,.0736255168116058
2013,SVN,AZE,.0787159070845191
2014,SVN,AZE,.0971908486810216
2015,SVN,AZE,.0920999641317177
2016,SVN,AZE,.0845480820336988
2017,SVN,AZE,.0719258080016154
2019,SVN,AZE,.0850020408340959
2021,SVN,AZE,.0820161207576885
2022,SVN,AZE,.0731650435278318
2008,ESP,AZE,
2009,ESP,AZE,
2010,ESP,AZE,
2011,ESP,AZE,
2012,ESP,AZE,
2013,ESP,AZE,
2014,ESP,AZE,
2015,ESP,AZE,
2016,ESP,AZE,
2017,ESP,AZE,
2019,ESP,AZE,
2021,ESP,AZE,
2022,ESP,AZE,
2008,SWE,AZE,.1135532073840391
2009,SWE,AZE,.1191350538739311
2010,SWE,AZE,.1317813199845825
2011,SWE,AZE,.1225731843717945
2012,SWE,AZE,.0944003727431998
2013,SWE,AZE,.0994907630161123
2014,SWE,AZE,.1179657046126152
2015,SWE,AZE,.1128748200633116
2016,SWE,AZE,.1053229379652929
2017,SWE,AZE,.0927006639332091
2019,SWE,AZE,.1057768967656897
2021,SWE,AZE,.102790976689283
2022,SWE,AZE,.0939398994594262
2008,CHE,AZE,
2009,CHE,AZE,
2010,CHE,AZE,
2011,CHE,AZE,.1081363320650121
2012,CHE,AZE,.0799635204364169
2013,CHE,AZE,.0850539107093297
2014,CHE,AZE,.1035288523058325
2015,CHE,AZE,.098437967756529
2016,CHE,AZE,.0908860856585096
2017,CHE,AZE,.0782638116264264
2019,CHE,AZE,.0913400444589069
2021,CHE,AZE,.0883541243824995
2022,CHE,AZE,.0795030471526427
2008,TUR,AZE,.113030516115161
2009,TUR,AZE,.1186123626050535
2010,TUR,AZE,.1312586287157041
2011,TUR,AZE,.1220504931029182
2012,TUR,AZE,.0938776814743216
2008,UKR,AZE,.1174191234490154
2009,UKR,AZE,.1230009699389072
2010,UKR,AZE,.1356472360495589
2011,UKR,AZE,.126439100436771
2012,UKR,AZE,.0982662888081763
2013,UKR,AZE,.1033566790810885
2014,UKR,AZE,.1218316206775925
2016,UKR,AZE,.1091888540302693
2017,UKR,AZE,.0965665799981859
2021,UKR,AZE,.1066568927542588
2022,UKR,AZE,.0978058155244022
2008,GBR,AZE,
2009,GBR,AZE,
2010,GBR,AZE,
2011,GBR,AZE,
2012,GBR,AZE,
2013,GBR,AZE,
2014,GBR,AZE,
2015,GBR,AZE,
2016,GBR,AZE,
2017,GBR,AZE,
2019,GBR,AZE,
2021,GBR,AZE,
2022,GBR,AZE,
2009,ALB,EST,
2011,ALB,EST,
2012,ALB,EST,
2013,ALB,EST,
2015,ALB,EST,
2018,ALB,EST,
2019,ALB,EST,
2022,ALB,EST,
2023,ALB,EST,
2024,ALB,EST,
2025,ALB,EST,
2009,AND,EST,
2009,ARM,EST,
2011,ARM,EST,
2013,ARM,EST,
2015,ARM,EST,
2018,ARM,EST,
2019,ARM,EST,
2022,ARM,EST,
2023,ARM,EST,
2024,ARM,EST,
2025,ARM,EST,
2009,AZE,EST,.1423441076541737
2011,AZE,EST,.1457822381520364
2012,AZE,EST,.1176094265234422
2013,AZE,EST,.1226998167963543
2015,AZE,EST,.1360838738435535
2018,AZE,EST,.128518079220407
2019,AZE,EST,.1289859505459318
2022,AZE,EST,.1171489532396686
2023,AZE,EST,.1363091727797427
2024,AZE,EST,.1498773319482711
2025,AZE,EST,
2009,AZE,MDA,.1566143334399062
2010,AZE,MDA,.1692605995505564
2011,AZE,MDA,.1600524639377697
2012,AZE,MDA,.1318796523091751
2013,AZE,MDA,.1369700425820876
2017,AZE,MDA,.1301799434991842
2018,AZE,MDA,.1427883050061396
2021,AZE,MDA,.1402702562552578
2022,AZE,MDA,.1314191790254016
2023,AZE,MDA,.1505793985654758
2026,AZE,MDA,
2009,AZE,MLT,
2012,AZE,MLT,
2013,AZE,MLT,
2014,AZE,MLT,
2016,AZE,MLT,
2019,AZE,MLT,
2021,AZE,MLT,
2025,AZE,MLT,
2026,AZE,MLT,
2009,AZE,LTU,
2011,AZE,LTU,
2012,AZE,LTU,
2013,AZE,LTU,
2015,AZE,LTU,
2016,AZE,LTU,
2018,AZE,LTU,
2021,AZE,LTU,
2022,AZE,LTU,
2023,AZE,LTU,
2024,AZE,LTU,
2025,AZE,LTU,
2026,AZE,LTU,
2009,BLR,EST,.0234494634270109
2011,BLR,EST,.0268875939248738
2012,BLR,EST,-.0012852177037204
2013,BLR,EST,.0038051725691915
2015,BLR,EST,.0171892296163913
2018,BLR,EST,.0096234349932435
2019,BLR,EST,.0100913063187692
2009,BGR,EST,.0160193985213537
2011,BGR,EST,.0194575290192166
2012,BGR,EST,-.0087152826093781
2013,BGR,EST,-.0036248923364655
2018,BGR,EST,.002193370087587
2022,BGR,EST,-.0091757558931518
2009,CZE,EST,.0024746195176651
2015,CZE,EST,-.0037856142929545
2018,CZE,EST,-.0113514089161018
2019,CZE,EST,-.0108835375905765
2022,CZE,EST,-.0227205348968405
2023,CZE,EST,-.0035603153567664
2024,CZE,EST,.0100078438117622
2025,CZE,EST,
2009,CZE,MLT,.0200917089892104
2016,CZE,MLT,.006279593080571
2019,CZE,MLT,.0067335518809684
2021,CZE,MLT,.0037476318045613
2025,CZE,MLT,
2026,CZE,MLT,
2009,MDA,EST,.0561654849349159
2011,MDA,EST,.059603615432779
2012,MDA,EST,.0314308038041848
2013,MDA,EST,.0365211940770965
2015,MDA,EST,.0499052511242962
2018,MDA,EST,.0423394565011488
2019,MDA,EST,.0428073278266742
2022,MDA,EST,.0309703305204104
2023,MDA,EST,.0501305500604843
2024,MDA,EST,.0636987092290128
2009,MNE,EST,
2012,MNE,EST,
2013,MNE,EST,
2015,MNE,EST,
2018,MNE,EST,
2019,MNE,EST,
2022,MNE,EST,
2025,MNE,EST,
2009,MNE,MLT,
2012,MNE,MLT,
2013,MNE,MLT,
2014,MNE,MLT,
2016,MNE,MLT,
2019,MNE,MLT,
2025,MNE,MLT,
2026,MNE,MLT,
2009,SRB,EST,
2011,SRB,EST,
2012,SRB,EST,
2013,SRB,EST,
2015,SRB,EST,
2018,SRB,EST,
2019,SRB,EST,
2022,SRB,EST,
2023,SRB,EST,
2024,SRB,EST,
2025,SRB,EST,
2009,SRB,MLT,
2012,SRB,MLT,
2013,SRB,MLT,
2016,SRB,MLT,
2019,SRB,MLT,
2021,SRB,MLT,
2025,SRB,MLT,
2026,SRB,MLT,
2009,SVK,AZE,.1260562217604216
2010,SVK,AZE,.1387024878710721
2011,SVK,AZE,.129494352258285
2012,SVK,AZE,.1013215406296907
2009,SVK,ARM,.1293408243815747
2010,SVK,ARM,.1419870904922251
2009,SVK,UKR,.0984469592410194
2010,SVK,UKR,.1110932253516708
2011,SVK,UKR,.1018850897388836
2012,SVK,UKR,.0737122781102882
2009,SVK,DNK,.0284851303687347
2010,SVK,DNK,.0411313964793849
2011,SVK,DNK,.0319232608665979
2012,SVK,DNK,.003750449238003
2009,SVK,MDA,.0418904605279327
2010,SVK,MDA,.054536726638583
2011,SVK,MDA,.0453285910257955
2012,SVK,MDA,.0171557793972012
2009,SVK,ALB,.0401335091818686
2010,SVK,ALB,.052779775292519
2012,SVK,ALB,.015398828051137
2010,ARM,BEL,
2013,ARM,BEL,
2015,ARM,BEL,
2016,ARM,BEL,
2017,ARM,BEL,
2022,ARM,BEL,
2023,ARM,BEL,
2026,ARM,BEL,
2010,ARM,CYP,
2015,ARM,CYP,
2016,ARM,CYP,
2017,ARM,CYP,
2018,ARM,CYP,
2019,ARM,CYP,
2023,ARM,CYP,
2024,ARM,CYP,
2026,ARM,CYP,
2010,AZE,BEL,
2013,AZE,BEL,
2015,AZE,BEL,
2016,AZE,BEL,
2017,AZE,BEL,
2021,AZE,BEL,
2022,AZE,BEL,
2023,AZE,BEL,
2026,AZE,BEL,
2010,AZE,CYP,
2012,AZE,CYP,
2015,AZE,CYP,
2016,AZE,CYP,
2017,AZE,CYP,
2018,AZE,CYP,
2019,AZE,CYP,
2021,AZE,CYP,
2023,AZE,CYP,
2024,AZE,CYP,
2026,AZE,CYP,
2010,AZE,IRL,
2011,AZE,IRL,
2012,AZE,IRL,
2013,AZE,IRL,
2018,AZE,IRL,
2024,AZE,IRL,
2010,AZE,BLR,.0593430124361454
2013,AZE,BLR,.0270524554676763
2014,AZE,BLR,.0455273970641792
2017,AZE,BLR,.0202623563847736
2019,AZE,BLR,.0333385892172527
2010,BGR,BEL,-.0302387296506812
2013,BGR,BEL,-.0625292866191516
2016,BGR,BEL,-.056697111669971
2017,BGR,BEL,-.0693193857020542
2021,BGR,BEL,-.059229072945981
2022,BGR,BEL,-.0680801501758377
2026,BGR,BEL,
2010,GEO,BEL,.0334554685678795
2013,GEO,BEL,.0011649115994095
2015,GEO,BEL,.0145489686466093
2016,GEO,BEL,.0069970865485899
2017,GEO,BEL,-.0056251874834934
2021,GEO,BEL,.0044651252725801
2022,GEO,BEL,-.0043859519572768
2023,GEO,BEL,.014774267582797
2026,GEO,BEL,
2010,GEO,CYP,
2012,GEO,CYP,
2015,GEO,CYP,
2016,GEO,CYP,
2017,GEO,CYP,
2018,GEO,CYP,
2019,GEO,CYP,
2021,GEO,CYP,
2023,GEO,CYP,
2024,GEO,CYP,
2026,GEO,CYP,
2010,MDA,BEL,
2013,MDA,BEL,
2015,MDA,BEL,
2016,MDA,BEL,
2017,MDA,BEL,
2021,MDA,BEL,
2022,MDA,BEL,
2023,MDA,BEL,
2026,MDA,BEL,
2010,SRB,BEL,
2013,SRB,BEL,
2015,SRB,BEL,
2016,SRB,BEL,
2017,SRB,BEL,
2021,SRB,BEL,
2022,SRB,BEL,
2023,SRB,BEL,
2026,SRB,BEL,
2010,SRB,CYP,
2012,SRB,CYP,
2015,SRB,CYP,
2016,SRB,CYP,
2017,SRB,CYP,
2018,SRB,CYP,
2019,SRB,CYP,
2021,SRB,CYP,
2023,SRB,CYP,
2024,SRB,CYP,
2026,SRB,CYP,
2010,SVK,GEO,.0425084860628906
2011,SVK,GEO,.0333003504501029
2010,SVK,SRB,
2011,SVK,SRB,
2012,SVK,SRB,
2010,SVK,BLR,-.0553808604758281
2011,ALB,ITA,.4606493169085936
2012,ALB,ITA,.4324765052799991
2013,ALB,ITA,.4375668955529116
2014,ALB,ITA,.4560418371494159
2015,ALB,ITA,.4509509526001104
2016,ALB,ITA,.4433990705020924
2017,ALB,ITA,.4307767964700089
2018,ALB,ITA,.4433851579769653
2019,ALB,ITA,.4438530293024897
2021,ALB,ITA,.440867109226083
2022,ALB,ITA,.4320160319962256
2023,ALB,ITA,.4511762515362987
2024,ALB,ITA,.4647444107048274
2025,ALB,ITA,
2026,ALB,ITA,
2011,ARM,ITA,
2013,ARM,ITA,
2014,ARM,ITA,
2015,ARM,ITA,
2016,ARM,ITA,
2017,ARM,ITA,
2018,ARM,ITA,
2019,ARM,ITA,
2022,ARM,ITA,
2023,ARM,ITA,
2024,ARM,ITA,
2025,ARM,ITA,
2026,ARM,ITA,
2011,ARM,AUT,
2014,ARM,AUT,
2015,ARM,AUT,
2016,ARM,AUT,
2017,ARM,AUT,
2018,ARM,AUT,
2023,ARM,AUT,
2024,ARM,AUT,
2025,ARM,AUT,
2026,ARM,AUT,
2011,AUT,AZE,.1187581280752902
2012,AUT,AZE,.0905853164466954
2013,AUT,AZE,.0956757067196076
2014,AUT,AZE,.114150648316111
2015,AUT,AZE,.1090597637668075
2016,AUT,AZE,.1015078816687888
2017,AUT,AZE,.0888856076367056
2019,AUT,AZE,.1019618404691859
2021,AUT,AZE,.0989759203927785
2022,AUT,AZE,.090124843162922
2011,AZE,ITA,
2012,AZE,ITA,
2013,AZE,ITA,
2014,AZE,ITA,
2015,AZE,ITA,
2016,AZE,ITA,
2017,AZE,ITA,
2018,AZE,ITA,
2019,AZE,ITA,
2021,AZE,ITA,
2022,AZE,ITA,
2023,AZE,ITA,
2024,AZE,ITA,
2025,AZE,ITA,
2026,AZE,ITA,
2011,AZE,SVN,
2014,AZE,SVN,
2015,AZE,SVN,
2018,AZE,SVN,
2019,AZE,SVN,
2023,AZE,SVN,
2024,AZE,SVN,
2011,AZE,AUT,
2014,AZE,AUT,
2015,AZE,AUT,
2016,AZE,AUT,
2017,AZE,AUT,
2018,AZE,AUT,
2023,AZE,AUT,
2024,AZE,AUT,
2025,AZE,AUT,
2026,AZE,AUT,
2011,AZE,HUN,
2012,AZE,HUN,
2013,AZE,HUN,
2014,AZE,HUN,
2015,AZE,HUN,
2016,AZE,HUN,
2017,AZE,HUN,
2018,AZE,HUN,
2011,AZE,CHE,
2014,AZE,CHE,
2019,AZE,CHE,
2021,AZE,CHE,
2022,AZE,CHE,
2023,AZE,CHE,
2024,AZE,CHE,
2025,AZE,CHE,
2011,BLR,ITA,.0602493565190891
2012,BLR,ITA,.0320765448904952
2013,BLR,ITA,.0371669351634079
2014,BLR,ITA,.0556418767599108
2015,BLR,ITA,.0505509922106071
2016,BLR,ITA,.0429991101125881
2017,BLR,ITA,.0303768360805054
2018,BLR,ITA,.0429851975874602
2019,BLR,ITA,.0434530689129852
2011,BGR,ITA,.0528192916134325
2012,BGR,ITA,.0246464799848379
2013,BGR,ITA,.0297368702577508
2016,BGR,ITA,.0355690452069304
2017,BGR,ITA,.0229467711748474
2018,BGR,ITA,.0355551326818027
2021,BGR,ITA,.0330370839309203
2022,BGR,ITA,.0241860067010641
2026,BGR,ITA,
2011,BGR,AUT,-.0401036143687563
2016,BGR,AUT,-.0573538607752581
2017,BGR,AUT,-.0699761348073409
2018,BGR,AUT,-.0573677733003865
2026,BGR,AUT,
2011,GEO,ITA,.1165134898319938
2012,GEO,ITA,.0883406782033996
2013,GEO,ITA,.0934310684763111
2014,GEO,ITA,.1119060100728144
2015,GEO,ITA,.1068151255235107
2016,GEO,ITA,.0992632434254915
2017,GEO,ITA,.0866409693934084
2018,GEO,ITA,.0992493309003639
2019,GEO,ITA,.099717202225888
2021,GEO,ITA,.0967312821494815
2022,GEO,ITA,.0878802049196256
2023,GEO,ITA,.1070404244596996
2024,GEO,ITA,.1206085836282276
2025,GEO,ITA,
2026,GEO,ITA,
2011,GEO,AUT,.0235905838498048
2014,GEO,AUT,.0189831040906258
2015,GEO,AUT,.0138922195413216
2016,GEO,AUT,.0063403374433032
2017,GEO,AUT,-.0062819365887797
2018,GEO,AUT,.0063264249181751
2023,GEO,AUT,.0141175184775102
2024,GEO,AUT,.0276856776460389
2025,GEO,AUT,
2026,GEO,AUT,
2011,GEO,EST,.0831517272377777
2012,GEO,EST,.0549789156091825
2013,GEO,EST,.0600693058820955
2015,GEO,EST,.0734533629292952
2018,GEO,EST,.0658875683061477
2019,GEO,EST,.0663554396316733
2022,GEO,EST,.0545184423254099
2023,GEO,EST,.0736786618654825
2024,GEO,EST,.0872468210340112
2025,GEO,EST,
2011,GEO,CHE,.0240948588081373
2014,GEO,CHE,.0194873790489583
2019,GEO,CHE,.0072985712020332
2021,GEO,CHE,.0043126511256258
2022,GEO,CHE,-.0045384261042307
2023,GEO,CHE,.0146217934358431
2024,GEO,CHE,.0281899526043727
2025,GEO,CHE,
2011,ITA,AZE,.1126898301327491
2012,ITA,AZE,.0845170185041539
2013,ITA,AZE,.0896074087770673
2014,ITA,AZE,.1080823503735699
2015,ITA,AZE,.1029914658242667
2016,ITA,AZE,.095439583726247
2017,ITA,AZE,.0828173096941645
2019,ITA,AZE,.0958935425266439
2021,ITA,AZE,.0929076224502374
2022,ITA,AZE,.0840565452203804
2011,ITA,UKR,.0850805676133481
2012,ITA,UKR,.0569077559847526
2013,ITA,UKR,.0619981462576647
2014,ITA,UKR,.0804730878541678
2016,ITA,UKR,.067830321206845
2017,ITA,UKR,.0552080471747616
2018,ITA,UKR,.0678164086817172
2021,ITA,UKR,.0652983599308353
2022,ITA,UKR,.0564472827009789
2023,ITA,UKR,.0756075022410528
2024,ITA,UKR,.0891756614095814
2025,ITA,UKR,
2026,ITA,UKR,
2011,ITA,GEO,.0164958283245673
2013,ITA,GEO,-.006586593031115
2015,ITA,GEO,.0067974640160846
2016,ITA,GEO,-.0007544180819353
2024,ITA,GEO,.020590922120801
2011,ITA,MDA,.0285240689002603
2012,ITA,MDA,.0003512572716649
2013,ITA,MDA,.0054416475445786
2017,ITA,MDA,-.0013484515383257
2018,ITA,MDA,.0112599099686296
2021,ITA,MDA,.0087418612177483
2022,ITA,MDA,-.0001092160121081
2023,ITA,MDA,.0190510035279652
2026,ITA,MDA,
2011,ITA,SRB,
2012,ITA,SRB,
2015,ITA,SRB,
2016,ITA,SRB,
2018,ITA,SRB,
2019,ITA,SRB,
2021,ITA,SRB,
2022,ITA,SRB,
2023,ITA,SRB,
2024,ITA,SRB,
2026,ITA,SRB,
2011,ITA,ROU,-.0370077449713635
2012,ITA,ROU,-.0651805565999587
2013,ITA,ROU,-.0600901663270459
2014,ITA,ROU,-.041615224730543
2015,ITA,ROU,-.0467061092798467
2017,ITA,ROU,-.0668802654099487
2022,ITA,ROU,-.0656410298837323
2026,ITA,ROU,
2011,ITA,LTU,-.0692814040283053
2012,ITA,LTU,-.0974542156569001
2013,ITA,LTU,-.0923638253839869
2015,ITA,LTU,-.0789797683367881
2016,ITA,LTU,-.0865316504348072
2018,ITA,LTU,-.0865455629599353
2021,ITA,LTU,-.0890636117108171
2022,ITA,LTU,-.0979146889406737
2023,ITA,LTU,-.0787544694005996
2024,ITA,LTU,-.0651863102320715
2025,ITA,LTU,
2026,ITA,LTU,
2011,LVA,ITA,.0652460612794872
2012,LVA,ITA,.0370732496508919
2013,LVA,ITA,.0421636399238046
2014,LVA,ITA,.0606385815203076
2015,LVA,ITA,.0555476969710036
2016,LVA,ITA,.0479958148729849
2017,LVA,ITA,.0353735408409009
2018,LVA,ITA,.0479819023478564
2019,LVA,ITA,.0484497736733819
2021,LVA,ITA,.0454638535969742
2022,LVA,ITA,.0366127763671188
2023,LVA,ITA,.055772995907192
2024,LVA,ITA,.069341155075721
2025,LVA,ITA,
2026,LVA,ITA,
2011,LTU,ITA,.0571350681243353
2012,LTU,ITA,.0289622564957402
2013,LTU,ITA,.0340526467686518
2014,LTU,ITA,.0525275883651554
2015,LTU,ITA,.0474367038158517
2016,LTU,ITA,.0398848217178327
2017,LTU,ITA,.0272625476857498
2018,LTU,ITA,.0398709091927048
2019,LTU,ITA,.0403387805182301
2021,LTU,ITA,.037352860441823
2022,LTU,ITA,.0285017832119666
2023,LTU,ITA,.0476620027520407
2024,LTU,ITA,.0612301619205696
2025,LTU,ITA,
2026,LTU,ITA,
2011,MDA,ITA,.0929653780269944
2012,MDA,ITA,.0647925663984001
2013,MDA,ITA,.0698829566713131
2014,MDA,ITA,.0883578982678154
2015,MDA,ITA,.0832670137185125
2016,MDA,ITA,.0757151316204936
2017,MDA,ITA,.0630928575884091
2018,MDA,ITA,.0757012190953646
2019,MDA,ITA,.07616909042089
2021,MDA,ITA,.073183170344483
2022,MDA,ITA,.0643320931146264
2023,MDA,ITA,.0834923126547003
2024,MDA,ITA,.0970604718232293
2026,MDA,ITA,
2011,MDA,AUT,
2014,MDA,AUT,
2015,MDA,AUT,
2016,MDA,AUT,
2017,MDA,AUT,
2018,MDA,AUT,
2023,MDA,AUT,
2024,MDA,AUT,
2026,MDA,AUT,
2011,MKD,ITA,
2012,MKD,ITA,
2013,MKD,ITA,
2014,MKD,ITA,
2015,MKD,ITA,
2016,MKD,ITA,
2017,MKD,ITA,
2018,MKD,ITA,
2019,MKD,ITA,
2021,MKD,ITA,
2022,MKD,ITA,
2011,ROU,ITA,.0800525255613934
2012,ROU,ITA,.0518797139327991
2013,ROU,ITA,.0569701042057115
2014,ROU,ITA,.0754450458022144
2015,ROU,ITA,.0703541612529111
2017,ROU,ITA,.0501800051228083
2018,ROU,ITA,.0627883666297636
2019,ROU,ITA,.0632562379552887
2021,ROU,ITA,.0602703178788818
2022,ROU,ITA,.0514192406490251
2023,ROU,ITA,.0705794601890995
2026,ROU,ITA,
2011,SMR,ITA,
2012,SMR,ITA,
2013,SMR,ITA,
2014,SMR,ITA,
2015,SMR,ITA,
2016,SMR,ITA,
2017,SMR,ITA,
2018,SMR,ITA,
2019,SMR,ITA,
2021,SMR,ITA,
2022,SMR,ITA,.0323489669290227
2023,SMR,ITA,.0515091864690962
2024,SMR,ITA,
2025,SMR,ITA,
2026,SMR,ITA,
2011,SMR,IRL,
2012,SMR,IRL,
2013,SMR,IRL,
2018,SMR,IRL,
2024,SMR,IRL,
2011,SMR,MDA,
2012,SMR,MDA,
2013,SMR,MDA,
2017,SMR,MDA,
2018,SMR,MDA,
2021,SMR,MDA,
2022,SMR,MDA,
2023,SMR,MDA,
2026,SMR,MDA,
2011,SMR,SVN,
2014,SMR,SVN,
2015,SMR,SVN,
2018,SMR,SVN,
2019,SMR,SVN,
2023,SMR,SVN,
2024,SMR,SVN,
2011,SMR,AUT,
2014,SMR,AUT,
2015,SMR,AUT,
2016,SMR,AUT,
2017,SMR,AUT,
2018,SMR,AUT,
2023,SMR,AUT,
2024,SMR,AUT,
2025,SMR,AUT,
2026,SMR,AUT,
2011,SMR,LTU,
2012,SMR,LTU,
2013,SMR,LTU,
2015,SMR,LTU,
2016,SMR,LTU,
2018,SMR,LTU,
2021,SMR,LTU,
2022,SMR,LTU,
2023,SMR,LTU,
2024,SMR,LTU,
2025,SMR,LTU,
2026,SMR,LTU,
2011,SMR,HUN,
2012,SMR,HUN,
2013,SMR,HUN,
2014,SMR,HUN,
2015,SMR,HUN,
2016,SMR,HUN,
2017,SMR,HUN,
2018,SMR,HUN,
2011,SMR,EST,
2012,SMR,EST,
2013,SMR,EST,
2015,SMR,EST,
2018,SMR,EST,
2019,SMR,EST,
2022,SMR,EST,
2023,SMR,EST,
2024,SMR,EST,
2025,SMR,EST,
2011,SMR,CHE,
2014,SMR,CHE,
2019,SMR,CHE,
2021,SMR,CHE,
2022,SMR,CHE,
2023,SMR,CHE,
2024,SMR,CHE,
2025,SMR,CHE,
2011,SRB,ITA,
2012,SRB,ITA,
2013,SRB,ITA,
2015,SRB,ITA,
2016,SRB,ITA,
2017,SRB,ITA,
2018,SRB,ITA,
2019,SRB,ITA,
2021,SRB,ITA,
2022,SRB,ITA,
2023,SRB,ITA,
2024,SRB,ITA,
2025,SRB,ITA,
2026,SRB,ITA,
2011,SRB,AUT,
2015,SRB,AUT,
2016,SRB,AUT,
2017,SRB,AUT,
2018,SRB,AUT,
2023,SRB,AUT,
2024,SRB,AUT,
2025,SRB,AUT,
2026,SRB,AUT,
2011,SRB,CHE,
2019,SRB,CHE,
2021,SRB,CHE,
2022,SRB,CHE,
2023,SRB,CHE,
2024,SRB,CHE,
2025,SRB,CHE,
2011,SVK,ITA,.0644201278342784
2012,SVK,ITA,.0362473162056847
2011,UKR,ITA,
2012,UKR,ITA,
2013,UKR,ITA,
2014,UKR,ITA,
2016,UKR,ITA,
2017,UKR,ITA,
2018,UKR,ITA,
2021,UKR,ITA,
2022,UKR,ITA,
2023,UKR,ITA,
2024,UKR,ITA,
2025,UKR,ITA,
2026,UKR,ITA,
2012,AZE,MKD,
2019,AZE,MKD,
2012,GEO,MLT,
2013,GEO,MLT,
2014,GEO,MLT,
2016,GEO,MLT,
2019,GEO,MLT,
2021,GEO,MLT,
2025,GEO,MLT,
2026,GEO,MLT,
2012,ITA,ALB,-.0014056940743998
2015,ITA,ALB,.0170687532457125
2018,ITA,ALB,.0095029586225653
2019,ITA,ALB,.0099708299480904
2021,ITA,ALB,.0069849098716823
2023,ITA,ALB,.0172940521819004
2025,ITA,ALB,
2026,ITA,ALB,
2012,ITA,MKD,
2019,ITA,MKD,
2012,MNE,ITA,
2013,MNE,ITA,
2014,MNE,ITA,
2015,MNE,ITA,
2016,MNE,ITA,
2017,MNE,ITA,
2018,MNE,ITA,
2019,MNE,ITA,
2022,MNE,ITA,
2025,MNE,ITA,
2026,MNE,ITA,
2012,MNE,CYP,
2015,MNE,CYP,
2016,MNE,CYP,
2017,MNE,CYP,
2018,MNE,CYP,
2019,MNE,CYP,
2026,MNE,CYP,
2012,SMR,MKD,
2019,SMR,MKD,
2012,SMR,CYP,
2015,SMR,CYP,
2016,SMR,CYP,
2017,SMR,CYP,
2018,SMR,CYP,
2019,SMR,CYP,
2021,SMR,CYP,
2023,SMR,CYP,
2024,SMR,CYP,
2026,SMR,CYP,
2012,SMR,MLT,
2013,SMR,MLT,
2014,SMR,MLT,
2016,SMR,MLT,
2019,SMR,MLT,
2021,SMR,MLT,
2025,SMR,MLT,
2026,SMR,MLT,
2013,ARM,NLD,
2014,ARM,NLD,
2016,ARM,NLD,
2017,ARM,NLD,
2018,ARM,NLD,
2019,ARM,NLD,
2022,ARM,NLD,
2025,ARM,NLD,
2013,AZE,NLD,.0661401998627737
2014,AZE,NLD,.084615141459278
2016,AZE,NLD,.0719723748119541
2017,AZE,NLD,.0593501007798712
2018,AZE,NLD,.0719584622868267
2019,AZE,NLD,.0724263336123521
2021,AZE,NLD,.069440413535944
2022,AZE,NLD,.060589336306088
2025,AZE,NLD,
2013,BGR,NLD,-.0601845092700457
2016,BGR,NLD,-.0543523343208657
2017,BGR,NLD,-.0669746083529486
2018,BGR,NLD,-.0543662468459938
2021,BGR,NLD,-.0568842955968758
2022,BGR,NLD,-.0657353728267321
2013,GEO,NLD,.0035096889485146
2014,GEO,NLD,.0219846305450181
2016,GEO,NLD,.0093418638976956
2017,GEO,NLD,-.003280410134388
2018,GEO,NLD,.0093279513725674
2019,GEO,NLD,.0097958226980925
2021,GEO,NLD,.0068099026216858
2022,GEO,NLD,-.0020411746081714
2025,GEO,NLD,
2013,ITA,BLR,-.1044759395698336
2014,ITA,BLR,-.0860009979733306
2017,ITA,BLR,-.1112660386527366
2019,ITA,BLR,-.0981898058202562
2013,ITA,ARM,.0928920113982195
2014,ITA,ARM,.1113669529947231
2015,ITA,ARM,.1062760684454191
2016,ITA,ARM,.0987241863474
2017,ITA,ARM,.0861019123153163
2022,ITA,ARM,.0873411478415336
2023,ITA,ARM,.1065013673816072
2024,ITA,ARM,.1200695265501358
2025,ITA,ARM,
2013,MDA,NLD,
2014,MDA,NLD,
2016,MDA,NLD,
2017,MDA,NLD,
2018,MDA,NLD,
2019,MDA,NLD,
2021,MDA,NLD,
2022,MDA,NLD,
2013,MNE,NLD,
2014,MNE,NLD,
2016,MNE,NLD,
2017,MNE,NLD,
2018,MNE,NLD,
2019,MNE,NLD,
2022,MNE,NLD,
2025,MNE,NLD,
2013,MNE,BEL,
2015,MNE,BEL,
2016,MNE,BEL,
2017,MNE,BEL,
2022,MNE,BEL,
2026,MNE,BEL,
2013,SMR,NLD,
2014,SMR,NLD,
2016,SMR,NLD,
2017,SMR,NLD,
2018,SMR,NLD,
2019,SMR,NLD,
2021,SMR,NLD,
2022,SMR,NLD,
2025,SMR,NLD,
2013,SMR,BEL,
2015,SMR,BEL,
2016,SMR,BEL,
2017,SMR,BEL,
2021,SMR,BEL,
2022,SMR,BEL,
2023,SMR,BEL,
2026,SMR,BEL,
2013,SMR,BLR,
2014,SMR,BLR,
2017,SMR,BLR,
2019,SMR,BLR,
2013,SRB,NLD,
2016,SRB,NLD,
2017,SRB,NLD,
2018,SRB,NLD,
2019,SRB,NLD,
2021,SRB,NLD,
2022,SRB,NLD,
2025,SRB,NLD,
2014,ALB,MNE,
2015,ALB,MNE,
2014,ALB,SMR,
2019,ALB,SMR,
2021,ALB,SMR,
2025,ALB,SMR,
2014,ARM,MNE,
2015,ARM,MNE,
2014,ARM,SMR,
2019,ARM,SMR,
2025,ARM,SMR,
2014,AUT,MNE,
2015,AUT,MNE,
2014,AUT,SMR,-.0695997811338955
2019,AUT,SMR,-.0817885889808218
2021,AUT,SMR,-.0847745090572282
2025,AUT,SMR,
2014,AZE,MNE,
2015,AZE,MNE,
2014,AZE,SMR,
2019,AZE,SMR,
2021,AZE,SMR,
2025,AZE,SMR,
2014,BLR,MNE,
2015,BLR,MNE,
2014,BLR,SMR,
2019,BLR,SMR,
2014,BEL,MNE,
2015,BEL,MNE,
2014,BEL,SMR,-.081628509820541
2019,BEL,SMR,-.0938173176674656
2021,BEL,SMR,-.0968032377438736
2025,BEL,SMR,
2014,DNK,MNE,
2015,DNK,MNE,
2014,DNK,SMR,-.0625092459957384
2019,DNK,SMR,-.0746980538426642
2021,DNK,SMR,-.0776839739190709
2025,DNK,SMR,
2014,EST,MNE,
2015,EST,MNE,
2014,EST,SMR,-.0599756658020248
2019,EST,SMR,-.0721644736489506
2021,EST,SMR,-.0751503937253577
2025,EST,SMR,
2014,FIN,MNE,
2015,FIN,MNE,
2014,FIN,SMR,-.0593778346304014
2019,FIN,SMR,-.0715666424773265
2021,FIN,SMR,-.0745525625537341
2025,FIN,SMR,
2014,FRA,MNE,
2015,FRA,MNE,
2014,FRA,SMR,
2019,FRA,SMR,
2021,FRA,SMR,
2025,FRA,SMR,
2014,GEO,MNE,
2015,GEO,MNE,
2014,GEO,SMR,
2019,GEO,SMR,
2021,GEO,SMR,
2025,GEO,SMR,
2014,DEU,MNE,
2015,DEU,MNE,
2014,DEU,SMR,
2019,DEU,SMR,
2021,DEU,SMR,-.1091732352755531
2025,DEU,SMR,
2014,GRC,MNE,
2015,GRC,MNE,
2014,GRC,SMR,-.0244766967726096
2019,GRC,SMR,-.0366655046195362
2021,GRC,SMR,-.0396514246959429
2025,GRC,SMR,
2014,HUN,MNE,
2015,HUN,MNE,
2014,HUN,SMR,-.0758428195467477
2019,HUN,SMR,-.0880316273936735
2014,ISL,MNE,
2015,ISL,MNE,
2014,ISL,SMR,.0002854466233583
2019,ISL,SMR,
2021,ISL,SMR,-.0148892812999755
2025,ISL,SMR,
2014,IRL,MNE,
2015,IRL,MNE,
2014,IRL,SMR,-.0305034135252557
2019,IRL,SMR,-.0426922213721814
2021,IRL,SMR,-.0456781414485886
2025,IRL,SMR,
2014,ISR,MNE,
2015,ISR,MNE,
2014,ISR,SMR,
2019,ISR,SMR,
2021,ISR,SMR,
2025,ISR,SMR,
2014,ITA,MNE,
2015,ITA,MNE,
2014,ITA,SMR,
2019,ITA,SMR,
2021,ITA,SMR,
2025,ITA,SMR,
2014,LVA,MNE,
2015,LVA,MNE,
2014,LVA,SMR,
2019,LVA,SMR,-.0702264313526192
2021,LVA,SMR,-.0732123514290258
2025,LVA,SMR,
2014,LTU,MNE,
2015,LTU,MNE,
2014,LTU,SMR,-.066148616660845
2019,LTU,SMR,-.0783374245077704
2021,LTU,SMR,-.0813233445841783
2025,LTU,SMR,
2014,MLT,MNE,
2015,MLT,MNE,
2014,MLT,SMR,
2019,MLT,SMR,
2021,MLT,SMR,
2025,MLT,SMR,
2014,MDA,MNE,
2015,MDA,MNE,
2014,MDA,SMR,
2019,MDA,SMR,
2021,MDA,SMR,
2014,MNE,AUT,
2015,MNE,AUT,
2016,MNE,AUT,
2017,MNE,AUT,
2018,MNE,AUT,
2025,MNE,AUT,
2026,MNE,AUT,
2014,MNE,CHE,
2019,MNE,CHE,
2022,MNE,CHE,
2025,MNE,CHE,
2014,MNE,SMR,
2019,MNE,SMR,
2025,MNE,SMR,
2014,NLD,MNE,
2015,NLD,MNE,
2014,NLD,SMR,-.0843583663706832
2019,NLD,SMR,-.0965471742176093
2021,NLD,SMR,-.099533094294016
2025,NLD,SMR,
2014,MKD,MNE,
2015,MKD,MNE,
2014,MKD,SMR,
2019,MKD,SMR,
2021,MKD,SMR,
2014,NOR,MNE,
2015,NOR,MNE,
2014,NOR,SMR,-.0543432891986222
2019,NOR,SMR,-.066532097045548
2021,NOR,SMR,-.0695180171219549
2025,NOR,SMR,
2014,POL,MNE,
2015,POL,MNE,
2014,POL,SMR,
2019,POL,SMR,
2021,POL,SMR,
2025,POL,SMR,
2014,PRT,MNE,
2015,PRT,MNE,
2014,PRT,SMR,
2019,PRT,SMR,
2021,PRT,SMR,
2025,PRT,SMR,
2014,ROU,MNE,
2015,ROU,MNE,
2014,ROU,SMR,-.0432311592237862
2019,ROU,SMR,-.0554199670707115
2021,ROU,SMR,-.0584058871471194
2014,RUS,MNE,
2015,RUS,MNE,
2014,RUS,SMR,
2019,RUS,SMR,
2021,RUS,SMR,
2014,SMR,MNE,
2015,SMR,MNE,
2014,SVN,MNE,
2015,SVN,MNE,
2014,SVN,SMR,-.0865595807689854
2019,SVN,SMR,-.0987483886159108
2021,SVN,SMR,-.1017343086923184
2025,SVN,SMR,
2014,ESP,MNE,
2015,ESP,MNE,
2014,ESP,SMR,
2019,ESP,SMR,
2021,ESP,SMR,
2025,ESP,SMR,
2014,SWE,MNE,
2015,SWE,MNE,
2014,SWE,SMR,-.0657847248373923
2019,SWE,SMR,-.0779735326843171
2021,SWE,SMR,-.0809594527607248
2025,SWE,SMR,
2014,CHE,MNE,
2015,CHE,MNE,
2014,CHE,SMR,-.0802215771441742
2019,CHE,SMR,-.0924103849910996
2021,CHE,SMR,-.0953963050675079
2025,CHE,SMR,
2014,UKR,MNE,
2014,UKR,SMR,
2021,UKR,SMR,
2025,UKR,SMR,
2014,GBR,MNE,
2015,GBR,MNE,
2014,GBR,SMR,
2019,GBR,SMR,
2021,GBR,SMR,
2025,GBR,SMR,
2015,ALB,AUS,
2016,ALB,AUS,
2017,ALB,AUS,
2018,ALB,AUS,
2019,ALB,AUS,
2022,ALB,AUS,
2023,ALB,AUS,
2026,ALB,AUS,
2015,ARM,AUS,
2016,ARM,AUS,
2017,ARM,AUS,
2018,ARM,AUS,
2019,ARM,AUS,
2022,ARM,AUS,
2023,ARM,AUS,
2026,ARM,AUS,
2015,AUS,SWE,.3803020700044003
2016,AUS,SWE,.3727501879063803
2017,AUS,SWE,.3601279138742983
2018,AUS,SWE,.3727362753812537
2019,AUS,SWE,.3732041467067784
2021,AUS,SWE,.370218226630371
2022,AUS,SWE,.3613671494005157
2023,AUS,SWE,.3805273689405887
2024,AUS,SWE,.3940955281091176
2025,AUS,SWE,
2026,AUS,SWE,
2015,AUS,RUS,.3105842355138048
2016,AUS,RUS,.3030323534157858
2019,AUS,RUS,.3034863122161832
2021,AUS,RUS,.300500392139775
2015,AUS,ITA,.3365058402909518
2016,AUS,ITA,.3289539581929328
2017,AUS,ITA,.3163316841608494
2018,AUS,ITA,.3289400456678052
2019,AUS,ITA,.3294079169933305
2021,AUS,ITA,.3264219969169225
2022,AUS,ITA,.3175709196870655
2023,AUS,ITA,.3367311392271399
2024,AUS,ITA,.350299298395669
2025,AUS,ITA,
2026,AUS,ITA,
2015,AUS,BEL,.2442396834140506
2016,AUS,BEL,.2366878013160314
2017,AUS,BEL,.2240655272839482
2021,AUS,BEL,.2341558400400215
2022,AUS,BEL,.2253047628101645
2023,AUS,BEL,.2444649823502388
2026,AUS,BEL,
2015,AUS,LVA,.3156517452844816
2016,AUS,LVA,.3080998631864631
2024,AUS,LVA,.3294452033891994
2025,AUS,LVA,
2015,AUS,EST,.3031440776967365
2018,AUS,EST,.2955782830735886
2019,AUS,EST,.2960461543991142
2022,AUS,EST,.2842091570928502
2023,AUS,EST,.3033693766329241
2024,AUS,EST,.3169375358014532
2025,AUS,EST,
2015,AUS,NOR,.2942001514617006
2017,AUS,NOR,.2740259953315983
2018,AUS,NOR,.2866343568385537
2019,AUS,NOR,.2871022281640793
2021,AUS,NOR,.284116308087672
2022,AUS,NOR,.2752652308578144
2023,AUS,NOR,.2944254503978891
2024,AUS,NOR,.3079936095664184
2025,AUS,NOR,
2026,AUS,NOR,
2015,AUS,ISR,.3202007378356856
2016,AUS,ISR,.3126488557376665
2017,AUS,ISR,.3000265817055826
2018,AUS,ISR,.3126349432125382
2019,AUS,ISR,.3131028145380637
2021,AUS,ISR,.3101168944616561
2023,AUS,ISR,.3204260367718738
2024,AUS,ISR,.3339941959404025
2025,AUS,ISR,
2026,AUS,ISR,
2015,AUS,SRB,
2016,AUS,SRB,
2018,AUS,SRB,
2019,AUS,SRB,
2021,AUS,SRB,
2022,AUS,SRB,
2023,AUS,SRB,
2024,AUS,SRB,
2026,AUS,SRB,
2015,AUS,GEO,.3053860629067759
2016,AUS,GEO,.2978341808087569
2024,AUS,GEO,.3191795210114928
2015,AUS,AZE,.4015800647149581
2016,AUS,AZE,.3940281826169389
2017,AUS,AZE,.3814059085848553
2019,AUS,AZE,.394482141417336
2021,AUS,AZE,.3914962213409288
2022,AUS,AZE,.3826451441110728
2015,AUS,MNE,
2015,AUS,SVN,.1686345273184249
2018,AUS,SVN,.1610687326952783
2019,AUS,SVN,.1615366040208036
2023,AUS,SVN,.1688598262546123
2024,AUS,SVN,.1824279854231415
2015,AUS,ROU,.2518824896108447
2017,AUS,ROU,.2317083334807427
2022,AUS,ROU,.232947569006959
2026,AUS,ROU,
2015,AUS,ARM,.4048646673361108
2016,AUS,ARM,.3973127852380922
2017,AUS,ARM,.3846905112060076
2022,AUS,ARM,.3859297467322256
2023,AUS,ARM,.405089966272299
2024,AUS,ARM,.4186581254408277
2025,AUS,ARM,
2015,AUS,ALB,.3156573521364041
2018,AUS,ALB,.3080915575132568
2019,AUS,ALB,.3085594288387825
2021,AUS,ALB,.3055735087623754
2023,AUS,ALB,.3158826510725929
2025,AUS,ALB,
2026,AUS,ALB,
2015,AUS,LTU,.2196088305539041
2016,AUS,LTU,.2120569484558847
2018,AUS,LTU,.2120430359307571
2021,AUS,LTU,.2095249871798749
2022,AUS,LTU,.2006739099500179
2023,AUS,LTU,.2198341294900921
2024,AUS,LTU,.2334022886586203
2025,AUS,LTU,
2026,AUS,LTU,
2015,AUS,GRC,.3113420336474919
2017,AUS,GRC,.2911678775173893
2019,AUS,GRC,.3042441103498707
2021,AUS,GRC,.3012581902734627
2022,AUS,GRC,.2924071130436058
2024,AUS,GRC,.3251354917522085
2025,AUS,GRC,
2026,AUS,GRC,
2015,AUS,HUN,.1808290746413789
2016,AUS,HUN,.17327719254336
2017,AUS,HUN,.1606549185112768
2018,AUS,HUN,.1732632800182321
2015,AUS,ESP,.1704705787122661
2016,AUS,ESP,.1629186966142479
2017,AUS,ESP,.1502964225821643
2018,AUS,ESP,.162904784089119
2019,AUS,ESP,.1633726554146447
2021,AUS,ESP,.1603867353382364
2022,AUS,ESP,.151535658108381
2023,AUS,ESP,.1706958776484543
2024,AUS,ESP,.1842640368169828
2025,AUS,ESP,
2015,AUS,CYP,.3094286500893612
2016,AUS,CYP,.3018767679913418
2017,AUS,CYP,.2892544939592583
2018,AUS,CYP,.3018628554662141
2019,AUS,CYP,.3023307267917392
2021,AUS,CYP,.299344806715331
2023,AUS,CYP,.3096539490255483
2024,AUS,CYP,.3232221081940772
2026,AUS,CYP,
2015,AUS,POL,.1365788962531875
2016,AUS,POL,.1290270141551694
2017,AUS,POL,.1164047401230865
2022,AUS,POL,.1176439756493022
2023,AUS,POL,.1368041951893764
2025,AUS,POL,
2026,AUS,POL,
2015,AUS,GBR,.1396710091134638
2016,AUS,GBR,.1321191270154449
2017,AUS,GBR,.1194968529833612
2018,AUS,GBR,.1321052144903167
2019,AUS,GBR,.1325730858158421
2021,AUS,GBR,.1295871657394345
2022,AUS,GBR,.120736088509579
2023,AUS,GBR,.1398963080496523
2024,AUS,GBR,.1534644672181803
2025,AUS,GBR,
2026,AUS,GBR,
2015,AUS,FRA,.1647735786731368
2016,AUS,FRA,.1572216965751189
2017,AUS,FRA,.1445994225430349
2018,AUS,FRA,.1572077840499901
2019,AUS,FRA,.1576756553755145
2021,AUS,FRA,.154689735299108
2022,AUS,FRA,.1458386580692511
2023,AUS,FRA,.1649988776093254
2024,AUS,FRA,.1785670367778543
2025,AUS,FRA,
2026,AUS,FRA,
2015,AUS,AUT,.2435829343087627
2016,AUS,AUT,.2360310522107446
2017,AUS,AUT,.2234087781786611
2018,AUS,AUT,.2360171396856159
2023,AUS,AUT,.243808233244952
2024,AUS,AUT,.2573763924134806
2025,AUS,AUT,
2026,AUS,AUT,
2015,AUS,DEU,.0959384449903154
2016,AUS,DEU,.0883865628922968
2017,AUS,DEU,.0757642888602133
2018,AUS,DEU,.0883726503671691
2019,AUS,DEU,.0888405216926938
2021,AUS,DEU,.0858546016162865
2022,AUS,DEU,.0770035243864305
2023,AUS,DEU,.0961637439265045
2024,AUS,DEU,.1097319030950331
2025,AUS,DEU,
2026,AUS,DEU,
2015,AUT,AUS,.312129595552991
2016,AUT,AUS,.3045777134549716
2017,AUT,AUS,.2919554394228888
2018,AUT,AUS,.3045638009298435
2019,AUT,AUS,.3050316722553688
2022,AUT,AUS,.293194674949106
2023,AUT,AUS,.3123548944891793
2026,AUT,AUS,
2015,AZE,AUS,.4375896926479598
2016,AZE,AUS,.4300378105499402
2017,AZE,AUS,.4174155365178566
2018,AZE,AUS,.4300238980248129
2019,AZE,AUS,.4304917693503377
2022,AZE,AUS,.4186547720440749
2023,AZE,AUS,.4378149915841482
2026,AZE,AUS,
2015,BLR,AUS,.3186950484207971
2016,BLR,AUS,.3111431663227775
2017,BLR,AUS,.2985208922906945
2018,BLR,AUS,.3111292537976501
2019,BLR,AUS,.3115971251231746
2015,BEL,AUS,.3001008668663461
2016,BEL,AUS,.2925489847683271
2017,BEL,AUS,.2799267107362444
2018,BEL,AUS,.2925350722431987
2019,BEL,AUS,.2930029435687244
2022,BEL,AUS,.2811659462624602
2023,BEL,AUS,.3003261658025352
2026,BEL,AUS,
2015,CYP,AUS,.3601321436672525
2016,CYP,AUS,.3525802615692341
2017,CYP,AUS,.3399579875371503
2018,CYP,AUS,.3525663490441051
2019,CYP,AUS,.3530342203696309
2022,CYP,AUS,.3411972230633679
2023,CYP,AUS,.3603574426034408
2026,CYP,AUS,
2015,CYP,MNE,
2015,CZE,ITA,.0295761483012611
2016,CZE,ITA,.022024266203242
2017,CZE,ITA,.0094019921711588
2018,CZE,ITA,.0220103536781131
2019,CZE,ITA,.0224782250036389
2021,CZE,ITA,.0194923049272315
2022,CZE,ITA,.010641227697376
2023,CZE,ITA,.0298014472374492
2024,CZE,ITA,.0433696064059785
2025,CZE,ITA,
2026,CZE,ITA,
2015,CZE,BEL,-.0626900085756406
2016,CZE,BEL,-.0702418906736591
2017,CZE,BEL,-.0828641647057434
2021,CZE,BEL,-.0727738519496699
2022,CZE,BEL,-.0816249291795265
2023,CZE,BEL,-.0624647096394526
2026,CZE,BEL,
2015,CZE,AUS,.2977202045114503
2016,CZE,AUS,.2901683224134323
2017,CZE,AUS,.2775460483813491
2018,CZE,AUS,.2901544098883035
2019,CZE,AUS,.2906222812138289
2022,CZE,AUS,.2787852839075652
2023,CZE,AUS,.2979455034476396
2026,CZE,AUS,
2015,CZE,MNE,
2015,CZE,CYP,.0024989580996699
2016,CZE,CYP,-.0050529239983491
2017,CZE,CYP,-.0176751980304322
2018,CZE,CYP,-.0050668365234773
2019,CZE,CYP,-.004598965197952
2021,CZE,CYP,-.0075848852743591
2023,CZE,CYP,.0027242570358579
2024,CZE,CYP,.0162924162043869
2026,CZE,CYP,
2015,CZE,AUT,-.0633467576809282
2016,CZE,AUT,-.0708986397789462
2017,CZE,AUT,-.0835209138110299
2018,CZE,AUT,-.0709125523040747
2023,CZE,AUT,-.0631214587447394
2024,CZE,AUT,-.0495532995762107
2025,CZE,AUT,
2026,CZE,AUT,
2015,DNK,AUS,.3192201306911474
2016,DNK,AUS,.311668248593129
2017,DNK,AUS,.2990459745610455
2018,DNK,AUS,.311654336068
2019,DNK,AUS,.312122207393526
2022,DNK,AUS,.3002852100872627
2023,DNK,AUS,.3194454296273366
2026,DNK,AUS,
2015,EST,AUS,.3217537108848616
2016,EST,AUS,.3142018287868427
2017,EST,AUS,.3015795547547597
2018,EST,AUS,.3141879162617147
2019,EST,AUS,.3146557875872389
2022,EST,AUS,.3028187902809761
2023,EST,AUS,.3219790098210504
2026,EST,AUS,
2015,FIN,AUS,.3223515420564849
2016,FIN,AUS,.314799659958466
2017,FIN,AUS,.3021773859263833
2018,FIN,AUS,.3147857474333391
2019,FIN,AUS,.315253618758863
2022,FIN,AUS,.3034166214526003
2023,FIN,AUS,.322576840992674
2026,FIN,AUS,
2015,FRA,AUS,
2016,FRA,AUS,
2017,FRA,AUS,
2018,FRA,AUS,
2019,FRA,AUS,
2022,FRA,AUS,
2023,FRA,AUS,
2026,FRA,AUS,
2015,GEO,AUS,
2016,GEO,AUS,
2017,GEO,AUS,
2018,GEO,AUS,
2019,GEO,AUS,
2022,GEO,AUS,
2023,GEO,AUS,
2026,GEO,AUS,
2015,DEU,AUS,
2016,DEU,AUS,
2017,DEU,AUS,
2018,DEU,AUS,
2019,DEU,AUS,
2022,DEU,AUS,.2687959487307814
2023,DEU,AUS,.2879561682708548
2026,DEU,AUS,
2015,GRC,AUS,.3572526799142772
2016,GRC,AUS,.3497007978162572
2017,GRC,AUS,.3370785237841742
2018,GRC,AUS,.3496868852911298
2019,GRC,AUS,.3501547566166551
2022,GRC,AUS,.3383177593103913
2023,GRC,AUS,.3574779788504648
2026,GRC,AUS,
2015,HUN,AUS,.3058865571401387
2016,HUN,AUS,.29833467504212
2017,HUN,AUS,.2857124010100374
2018,HUN,AUS,.2983207625169918
2019,HUN,AUS,.298788633842517
2015,ISL,AUS,.3820148233102436
2016,ISL,AUS,.3744629412122246
2017,ISL,AUS,.3618406671801417
2018,ISL,AUS,.374449028687098
2019,ISL,AUS,.3749169000126227
2022,ISL,AUS,.3630799027063581
2023,ISL,AUS,.3822401222464327
2015,IRL,AUS,.3512259631616308
2016,IRL,AUS,.3436740810636117
2017,IRL,AUS,.3310518070315282
2018,IRL,AUS,.3436601685384838
2019,IRL,AUS,.3441280398640092
2022,IRL,AUS,.3322910425577444
2023,IRL,AUS,.3514512620978192
2015,ISR,AUS,.3926520620356499
2016,ISR,AUS,.3851001799376296
2017,ISR,AUS,.3724779059055465
2018,ISR,AUS,.3850862674125022
2019,ISR,AUS,.3855541387380281
2022,ISR,AUS,.3737171414317636
2023,ISR,AUS,.3928773609718376
2026,ISR,AUS,
2015,ITA,AUS,.3060612976104503
2016,ITA,AUS,.2985094155124303
2017,ITA,AUS,.2858871414803476
2018,ITA,AUS,.2984955029873027
2019,ITA,AUS,.2989633743128282
2022,ITA,AUS,.2871263770065648
2023,ITA,AUS,.3062865965466379
2026,ITA,AUS,
2015,ITA,LVA,.01706314639379
2016,ITA,LVA,.009511264295771
2024,ITA,LVA,.0308566044985071
2025,ITA,LVA,
2015,LVA,AUS,.3236917531811935
2016,LVA,AUS,.3161398710831744
2017,LVA,AUS,.3035175970510914
2018,LVA,AUS,.3161259585580461
2019,LVA,AUS,.3165938298835717
2022,LVA,AUS,.3047568325773078
2023,LVA,AUS,.3239170521173815
2026,LVA,AUS,
2015,LTU,AUS,.3155807600260419
2016,LTU,AUS,.3080288779280222
2017,LTU,AUS,.2954066038959388
2018,LTU,AUS,.3080149654028942
2019,LTU,AUS,.3084828367284201
2022,LTU,AUS,.2966458394221563
2023,LTU,AUS,.3158060589622302
2026,LTU,AUS,
2015,MLT,AUS,.3452289169663751
2016,MLT,AUS,.3376770348683553
2017,MLT,AUS,.3250547608362729
2018,MLT,AUS,.3376631223432277
2019,MLT,AUS,.3381309936687531
2022,MLT,AUS,.3262939963624891
2023,MLT,AUS,.3454542159025639
2026,MLT,AUS,
2015,MDA,AUS,
2016,MDA,AUS,
2017,MDA,AUS,
2018,MDA,AUS,
2019,MDA,AUS,
2022,MDA,AUS,
2023,MDA,AUS,
2026,MDA,AUS,
2015,MNE,AUS,
2016,MNE,AUS,
2017,MNE,AUS,
2018,MNE,AUS,
2019,MNE,AUS,
2022,MNE,AUS,
2026,MNE,AUS,
2015,NLD,AUS,.2973710103162036
2016,NLD,AUS,.2898191282181845
2017,NLD,AUS,.2771968541861011
2018,NLD,AUS,.2898052156930563
2019,NLD,AUS,.2902730870185819
2022,NLD,AUS,.2784360897123178
2023,NLD,AUS,.2975963092523918
2015,MKD,AUS,
2016,MKD,AUS,
2017,MKD,AUS,
2018,MKD,AUS,
2019,MKD,AUS,
2022,MKD,AUS,
2015,NOR,AUS,.3273860874882647
2016,NOR,AUS,.3198342053902451
2017,NOR,AUS,.3072119313581625
2018,NOR,AUS,.3198202928651173
2019,NOR,AUS,.3202881641906431
2022,NOR,AUS,.3084511668843792
2023,NOR,AUS,.3276113864244533
2026,NOR,AUS,
2015,POL,AUS,.3064676301998518
2016,POL,AUS,.2989157481018324
2017,POL,AUS,.286293474069749
2018,POL,AUS,.2989018355767047
2019,POL,AUS,.2993697069022303
2022,POL,AUS,.2875327095959665
2023,POL,AUS,.30669292913604
2026,POL,AUS,
2015,PRT,AUS,.3786766361266434
2017,PRT,AUS,.3585024799965401
2018,PRT,AUS,.3711108415034957
2019,PRT,AUS,.3715787128290216
2022,PRT,AUS,.3597417155227574
2023,PRT,AUS,.3789019350628317
2026,PRT,AUS,
2015,ROU,AUS,.3384982174631008
2017,ROU,AUS,.3183240613329982
2018,ROU,AUS,.3309324228399536
2019,ROU,AUS,.3314002941654782
2022,ROU,AUS,.3195632968592146
2023,ROU,AUS,.3387235163992883
2026,ROU,AUS,
2015,RUS,AUS,
2016,RUS,AUS,
2018,RUS,AUS,
2019,RUS,AUS,
2015,SMR,AUS,
2016,SMR,AUS,
2017,SMR,AUS,
2018,SMR,AUS,
2019,SMR,AUS,
2022,SMR,AUS,
2023,SMR,AUS,
2026,SMR,AUS,
2015,SRB,AUS,
2016,SRB,AUS,
2017,SRB,AUS,
2018,SRB,AUS,
2019,SRB,AUS,
2022,SRB,AUS,
2023,SRB,AUS,
2026,SRB,AUS,
2015,SRB,MNE,
2015,SVN,AUS,.2951697959179012
2016,SVN,AUS,.2876179138198822
2017,SVN,AUS,.2749956397877988
2018,SVN,AUS,.2876040012947542
2019,SVN,AUS,.288071872620279
2022,SVN,AUS,.2762348753140151
2023,SVN,AUS,.2953950948540897
2015,ESP,AUS,.3615663476486359
2016,ESP,AUS,.3540144655506176
2017,ESP,AUS,.3413921915185329
2018,ESP,AUS,.3540005530254891
2019,ESP,AUS,.3544684243510145
2022,ESP,AUS,.3426314270447497
2023,ESP,AUS,.3617916465848235
2015,SWE,AUS,.3159446518494964
2016,SWE,AUS,.3083927697514757
2017,SWE,AUS,.295770495719393
2018,SWE,AUS,.3083788572263481
2019,SWE,AUS,.3088467285518735
2022,SWE,AUS,.2970097312456097
2023,SWE,AUS,.3161699507856834
2026,SWE,AUS,
2015,CHE,AUS,.3015077995427122
2016,CHE,AUS,.2939559174446937
2017,CHE,AUS,.2813336434126095
2018,CHE,AUS,.2939420049195655
2019,CHE,AUS,.2944098762450901
2022,CHE,AUS,.2825728789388263
2023,CHE,AUS,.3017330984789002
2026,CHE,AUS,
2015,GBR,AUS,.3284410095458328
2016,GBR,AUS,.3208891274478127
2017,GBR,AUS,.3082668534157305
2018,GBR,AUS,.3208752149226849
2019,GBR,AUS,.32134308624821
2022,GBR,AUS,.3095060889419473
2023,GBR,AUS,.3286663084820205
2026,GBR,AUS,
2016,ALB,CZE,
2018,ALB,CZE,
2019,ALB,CZE,
2022,ALB,CZE,
2023,ALB,CZE,
2026,ALB,CZE,
2016,ARM,CZE,
2018,ARM,CZE,
2019,ARM,CZE,
2022,ARM,CZE,
2023,ARM,CZE,
2026,ARM,CZE,
2016,AUS,UKR,.3664189200975371
2017,AUS,UKR,.3537966460654535
2018,AUS,UKR,.3664050075724092
2021,AUS,UKR,.3638869588215263
2022,AUS,UKR,.3550358815916709
2023,AUS,UKR,.374196101131745
2024,AUS,UKR,.3877642603002737
2025,AUS,UKR,
2026,AUS,UKR,
2016,AUS,BGR,.4011170960635541
2017,AUS,BGR,.3884948220314717
2018,AUS,BGR,.4011031835384256
2021,AUS,BGR,.398585134787544
2026,AUS,BGR,
2016,AUS,NLD,.239032578665137
2017,AUS,NLD,.2264103046330536
2018,AUS,NLD,.2390186661400083
2019,AUS,NLD,.2394865374655333
2021,AUS,NLD,.2365006173891266
2022,AUS,NLD,.2276495401592693
2025,AUS,NLD,
2016,AUS,MLT,.3132092850702621
2019,AUS,MLT,.3136632438706589
2021,AUS,MLT,.3106773237942519
2025,AUS,MLT,
2026,AUS,MLT,
2016,AUS,HRV,.2861581826848227
2017,AUS,HRV,.2735359086527397
2023,AUS,HRV,.2939353637190302
2024,AUS,HRV,.3075035228875591
2026,AUS,HRV,
2016,AUS,CZE,.184058222990857
2018,AUS,CZE,.1840443104657283
2019,AUS,CZE,.1845121817912535
2022,AUS,CZE,.1726751844849903
2023,AUS,CZE,.1918354040250647
2026,AUS,CZE,
2016,AUT,CZE,-.1084620779572944
2018,AUT,CZE,-.1084759904824217
2019,AUT,CZE,-.108008119156897
2022,AUT,CZE,-.1198451164631602
2023,AUT,CZE,-.1006848969230867
2026,AUT,CZE,
2016,AZE,BGR,
2017,AZE,BGR,
2018,AZE,BGR,
2021,AZE,BGR,
2026,AZE,BGR,
2016,AZE,CZE,
2018,AZE,CZE,
2019,AZE,CZE,
2022,AZE,CZE,
2023,AZE,CZE,
2026,AZE,CZE,
2016,BLR,CZE,-.1018966250894881
2018,BLR,CZE,-.1019105376146161
2019,BLR,CZE,-.1014426662890913
2016,BEL,CZE,-.1204908066439387
2018,BEL,CZE,-.1205047191690667
2019,BEL,CZE,-.1200368478435414
2022,BEL,CZE,-.1318738451498052
2023,BEL,CZE,-.1127136256097312
2026,BEL,CZE,
2016,BIH,AUS,
2016,BIH,CZE,
2016,BGR,AUS,.3037131014171208
2017,BGR,AUS,.2910908273850375
2018,BGR,AUS,.3036991888919924
2022,BGR,AUS,.2923300629112541
2026,BGR,AUS,
2016,BGR,CZE,-.1093266899951456
2018,BGR,CZE,-.1093406025202732
2022,BGR,CZE,-.1207097285010121
2026,BGR,CZE,
2016,HRV,AUS,.3090096917836103
2017,HRV,AUS,.2963874177515273
2018,HRV,AUS,.308995779258483
2019,HRV,AUS,.3094636505840089
2022,HRV,AUS,.2976266532777445
2023,HRV,AUS,.3167868728178183
2026,HRV,AUS,
2016,HRV,CZE,-.1040300996286551
2018,HRV,CZE,-.1040440121537827
2019,HRV,CZE,-.1035761408282575
2022,HRV,CZE,-.1154131381345216
2023,HRV,CZE,-.0962529185944472
2026,HRV,CZE,
2016,CYP,CZE,-.060459529843032
2018,CYP,CZE,-.0604734423681599
2019,CYP,CZE,-.060005571042635
2022,CYP,CZE,-.0718425683488986
2023,CYP,CZE,-.0526823488088247
2026,CYP,CZE,
2016,CZE,NLD,-.0678971133245538
2017,CZE,NLD,-.0805193873566375
2018,CZE,NLD,-.0679110258496826
2019,CZE,NLD,-.0674431545241571
2021,CZE,NLD,-.0704290746005642
2022,CZE,NLD,-.0792801518304209
2025,CZE,NLD,
2016,DNK,CZE,-.1013715428191367
2018,DNK,CZE,-.101385455344265
2019,DNK,CZE,-.1009175840187396
2022,DNK,CZE,-.1127545813250036
2023,DNK,CZE,-.0935943617849296
2026,DNK,CZE,
2016,EST,CZE,-.0988379626254232
2018,EST,CZE,-.0988518751505514
2019,EST,CZE,-.0983840038250258
2022,EST,CZE,-.1102210011312897
2023,EST,CZE,-.0910607815912155
2026,EST,CZE,
2016,FIN,CZE,-.0982401314537996
2018,FIN,CZE,-.098254043978927
2019,FIN,CZE,-.0977861726534019
2022,FIN,CZE,-.1096231699596659
2023,FIN,CZE,-.0904629504195922
2026,FIN,CZE,
2016,FRA,CZE,-.0789842984673747
2018,FRA,CZE,-.0789982109925031
2019,FRA,CZE,-.0785303396669777
2022,FRA,CZE,-.0903673369732416
2023,FRA,CZE,-.0712071174331674
2026,FRA,CZE,
2016,GEO,CZE,-.0456324917765844
2018,GEO,CZE,-.0456464043017127
2019,GEO,CZE,-.0451785329761877
2022,GEO,CZE,-.0570155302824511
2023,GEO,CZE,-.037855310742377
2026,GEO,CZE,
2016,DEU,CZE,-.1328608041756181
2018,DEU,CZE,-.1328747167007463
2019,DEU,CZE,-.1324068453752205
2022,DEU,CZE,-.144243842681485
2023,DEU,CZE,-.1250836231414107
2026,DEU,CZE,
2016,GRC,CZE,-.0633389935960084
2018,GRC,CZE,-.0633529061211363
2019,GRC,CZE,-.0628850347956105
2022,GRC,CZE,-.0747220321018748
2023,GRC,CZE,-.0555618125618012
2026,GRC,CZE,
2016,HUN,CZE,-.1147051163701459
2018,HUN,CZE,-.1147190288952743
2019,HUN,CZE,-.1142511575697488
2016,ISL,CZE,-.0385768502000404
2018,ISL,CZE,-.0385907627251686
2019,ISL,CZE,-.0381228913996437
2022,ISL,CZE,-.0499598887059076
2023,ISL,CZE,-.0307996691658342
2016,IRL,CZE,-.0693657103486545
2018,IRL,CZE,-.069379622873783
2019,IRL,CZE,-.0689117515482573
2022,IRL,CZE,-.0807487488545211
2023,IRL,CZE,-.0615885293144469
2016,ISR,CZE,-.0279396114746357
2018,ISR,CZE,-.0279535239997638
2019,ISR,CZE,-.0274856526742386
2022,ISR,CZE,-.039322649980502
2023,ISR,CZE,-.0201624304404278
2026,ISR,CZE,
2016,ITA,BGR,.1025284971728625
2017,ITA,BGR,.0899062231407795
2018,ITA,BGR,.1025145846477339
2021,ITA,BGR,.0999965358968521
2026,ITA,BGR,
2016,ITA,CZE,-.114530375899835
2018,ITA,CZE,-.1145442884249629
2019,ITA,CZE,-.1140764170994374
2022,ITA,CZE,-.1259134144057016
2023,ITA,CZE,-.1067531948656278
2026,ITA,CZE,
2016,LVA,CZE,-.0968999203290915
2018,LVA,CZE,-.0969138328542193
2019,LVA,CZE,-.0964459615286943
2022,LVA,CZE,-.1082829588349579
2023,LVA,CZE,-.0891227392948843
2026,LVA,CZE,
2016,LTU,CZE,-.105010913484243
2018,LTU,CZE,-.1050248260093715
2019,LTU,CZE,-.1045569546838457
2022,LTU,CZE,-.1163939519901102
2023,LTU,CZE,-.097233732450036
2026,LTU,CZE,
2016,MLT,CZE,-.0753627565439102
2018,MLT,CZE,-.0753766690690378
2019,MLT,CZE,-.0749087977435129
2022,MLT,CZE,-.0867457950497767
2023,MLT,CZE,-.0675855755097027
2026,MLT,CZE,
2016,MDA,CZE,
2018,MDA,CZE,
2019,MDA,CZE,
2022,MDA,CZE,
2023,MDA,CZE,
2026,MDA,CZE,
2016,MNE,CZE,
2018,MNE,CZE,
2019,MNE,CZE,
2022,MNE,CZE,
2026,MNE,CZE,
2016,NLD,CZE,-.1232206631940812
2018,NLD,CZE,-.1232345757192093
2019,NLD,CZE,-.1227667043936839
2022,NLD,CZE,-.1346037016999478
2023,NLD,CZE,-.1154434821598742
2016,MKD,CZE,
2018,MKD,CZE,
2019,MKD,CZE,
2022,MKD,CZE,
2016,NOR,CZE,-.0932055860220204
2018,NOR,CZE,-.093219498547148
2019,NOR,CZE,-.0927516272216233
2022,NOR,CZE,-.1045886245278864
2023,NOR,CZE,-.0854284049878125
2026,NOR,CZE,
2016,POL,CZE,-.1141240433104329
2018,POL,CZE,-.114137955835561
2019,POL,CZE,-.1136700845100358
2022,POL,CZE,-.1255070818162997
2023,POL,CZE,-.1063468622762258
2026,POL,CZE,
2016,RUS,CZE,-.1157606483152509
2018,RUS,CZE,-.115774560840379
2019,RUS,CZE,-.115306689514853
2016,SMR,BGR,
2017,SMR,BGR,
2018,SMR,BGR,
2021,SMR,BGR,
2026,SMR,BGR,
2016,SMR,CZE,
2018,SMR,CZE,
2019,SMR,CZE,
2022,SMR,CZE,
2023,SMR,CZE,
2026,SMR,CZE,
2016,SRB,CZE,
2018,SRB,CZE,
2019,SRB,CZE,
2022,SRB,CZE,
2023,SRB,CZE,
2026,SRB,CZE,
2016,SVN,CZE,-.1254218775923839
2018,SVN,CZE,-.1254357901175123
2019,SVN,CZE,-.1249679187919873
2022,SVN,CZE,-.1368049160982502
2023,SVN,CZE,-.1176446965581763
2016,ESP,CZE,
2018,ESP,CZE,
2019,ESP,CZE,
2022,ESP,CZE,
2023,ESP,CZE,
2016,SWE,CZE,-.10464702166079
2018,SWE,CZE,-.1046609341859179
2019,SWE,CZE,-.1041930628603925
2022,SWE,CZE,-.1160300601666563
2023,SWE,CZE,-.096869840626582
2026,SWE,CZE,
2016,CHE,CZE,-.1190838739675729
2018,CHE,CZE,-.119097786492701
2019,CHE,CZE,-.1186299151671759
2022,CHE,CZE,-.1304669124734392
2023,CHE,CZE,-.1113066929333648
2026,CHE,CZE,
2016,UKR,AUS,
2017,UKR,AUS,
2018,UKR,AUS,
2022,UKR,AUS,
2023,UKR,AUS,
2026,UKR,AUS,
2016,UKR,CZE,
2018,UKR,CZE,
2022,UKR,CZE,
2023,UKR,CZE,
2026,UKR,CZE,
2016,GBR,CZE,
2018,GBR,CZE,
2019,GBR,CZE,
2022,GBR,CZE,
2023,GBR,CZE,
2026,GBR,CZE,
2017,AUS,PRT,.2625359588679511
2018,AUS,PRT,.2751443203749065
2021,AUS,PRT,.272626271624025
2022,AUS,PRT,.2637751943941688
2023,AUS,PRT,.2829354139342422
2024,AUS,PRT,.2965035731027709
2025,AUS,PRT,
2017,AUS,MDA,.2972401473523656
2018,AUS,MDA,.3098485088593218
2021,AUS,MDA,.3073304601084401
2022,AUS,MDA,.2984793828785831
2023,AUS,MDA,.317639602418657
2026,AUS,MDA,
2017,AUS,BLR,.1873225602379555
2019,AUS,BLR,.2003987930704346
2017,AUS,DNK,.2838348171931692
2018,AUS,DNK,.2964431787001238
2019,AUS,DNK,.2969110500256494
2025,AUS,DNK,
2026,AUS,DNK,
2018,AUS,IRL,.2568372029183257
2024,AUS,IRL,.2781964556461891
2018,AUS,FIN,.2201413033433696
2021,AUS,FIN,.2176232545924873
2022,AUS,FIN,.2087721773626315
2023,AUS,FIN,.2279323969027055
2024,AUS,FIN,.2415005560712336
2025,AUS,FIN,
2026,AUS,FIN,
2018,PRT,CZE,-.0419289499087697
2019,PRT,CZE,-.0414610785832447
2022,PRT,CZE,-.0532980758895081
2023,PRT,CZE,-.034137856349434
2026,PRT,CZE,
2018,ROU,CZE,-.0821073685723127
2019,ROU,CZE,-.0816394972467874
2022,ROU,CZE,-.0934764945530512
2023,ROU,CZE,-.0743162750129774
2026,ROU,CZE,
2019,AUS,CHE,.2369892859694741
2021,AUS,CHE,.2340033658930668
2022,AUS,CHE,.2251522886632106
2023,AUS,CHE,.2443125082032847
2024,AUS,CHE,.257880667371813
2025,AUS,CHE,
2019,AUS,MKD,
2019,AUS,ISL,.3552371810310943
2021,AUS,ISL,.3522512609546862
2022,AUS,ISL,.3434001837248301
2025,AUS,ISL,
2019,AUS,SMR,
2021,AUS,SMR,
2025,AUS,SMR,
2019,HRV,SMR,-.0773566106521822
2021,HRV,SMR,-.0803425307285893
2025,HRV,SMR,
2019,CYP,SMR,
2021,CYP,SMR,
2025,CYP,SMR,
2019,CZE,CHE,-.0699404060202165
2021,CZE,CHE,-.0729263260966238
2022,CZE,CHE,-.0817774033264802
2023,CZE,CHE,-.0626171837864066
2024,CZE,CHE,-.0490490246178769
2025,CZE,CHE,
2019,CZE,SMR,-.0961979800223614
2021,CZE,SMR,-.099183900098769
2025,CZE,SMR,
2019,SRB,SMR,
2021,SRB,SMR,
2025,SRB,SMR,
2021,BGR,SMR,-.0856391210950797
2024,ALB,LUX,
2025,ALB,LUX,
2024,ARM,LUX,
2025,ARM,LUX,
2024,AUS,LUX,.2320027647958138
2025,AUS,LUX,
2024,AZE,LUX,
2025,AZE,LUX,
2024,CZE,LUX,-.0749269271938774
2025,CZE,LUX,
2024,EST,LUX,-.050893420820467
2025,EST,LUX,
2024,GEO,LUX,
2025,GEO,LUX,
2024,LVA,LUX,-.0489553785241345
2025,LVA,LUX,
2024,LTU,LUX,-.0570663716792866
2025,LTU,LUX,
2024,LUX,UKR,.1472992782495894
2025,LUX,UKR,
2026,LUX,UKR,
2024,LUX,ARM,.1781931433901436
2025,LUX,ARM,
2024,LUX,LTU,-.0070626933920634
2025,LUX,LTU,
2026,LUX,LTU,
2024,LUX,EST,.0764725537507688
2025,LUX,EST,
2024,LUX,SRB,
2026,LUX,SRB,
2024,LUX,LVA,.0889802213385155
2025,LUX,LVA,
2024,LUX,GEO,.0787145389608093
2024,MDA,LUX,
2024,POL,LUX,-.0661795015054762
2025,POL,LUX,
2024,SMR,LUX,
2025,SMR,LUX,
2024,SRB,LUX,
2025,SRB,LUX,
2024,UKR,LUX,
2025,UKR,LUX,
2025,LUX,ALB,
2026,LUX,ALB,
2025,LUX,POL,
2026,LUX,POL,
2025,LUX,SMR,
2025,MNE,LUX,
2026,LUX,BGR,
2026,LUX,ROU,
2026,LUX,MDA,
2026,LUX,AUS,
2026,LUX,CZE,
